{
"type": "FeatureCollection",
"name": "geo_39_2",
"crs": { "type": "name", "properties": { "name": "urn:ogc:def:crs:OGC:1.3:CRS84" } },
"features": [
{ "type": "Feature", "properties": { "ID": 3922393101010, "正式名称": "潮見台診療所", "機関区分": 2, "都道府県コード": 39, "市区町村コード": 201, "所在地": "高知県高知市潮見台", "緯度": 33.557533, "経度": 133.620162, "url": "https://www.iryou.teikyouseido.mhlw.go.jp/znk-web/juminkanja/S2430/initialize?prefCd=39&kikanCd=2393101010&kikanKbn=2", "url2": "http://www.kcb-net.ne.jp/norim", "内容": "潮見台診療所【2:診療所】【診療科目:内科_小児科】高知県高知市潮見台" }, "geometry": { "type": "Point", "coordinates": [ 133.620162, 33.557533 ] } },
{ "type": "Feature", "properties": { "ID": 3922393101140, "正式名称": "ふないキッズクリニック", "機関区分": 2, "都道府県コード": 39, "市区町村コード": 201, "所在地": "高知県高知市北新田町", "緯度": 33.552813, "経度": 133.551282, "url": "https://www.iryou.teikyouseido.mhlw.go.jp/znk-web/juminkanja/S2430/initialize?prefCd=39&kikanCd=2393101140&kikanKbn=2", "url2": "https://funaikids.com", "内容": "ふないキッズクリニック【2:診療所】【診療科目:小児科】高知県高知市北新田町" }, "geometry": { "type": "Point", "coordinates": [ 133.551282, 33.552813 ] } },
{ "type": "Feature", "properties": { "ID": 3922393101850, "正式名称": "山下脳神経外科", "機関区分": 2, "都道府県コード": 39, "市区町村コード": 201, "所在地": "高知県高知市南元町", "緯度": 33.556779, "経度": 133.507671, "url": "https://www.iryou.teikyouseido.mhlw.go.jp/znk-web/juminkanja/S2430/initialize?prefCd=39&kikanCd=2393101850&kikanKbn=2", "url2": "https://www.yamashitanoushinkeigeka.com/", "内容": "山下脳神経外科【2:診療所】【診療科目:内科_脳神経内科_脳神経外科】高知県高知市南元町" }, "geometry": { "type": "Point", "coordinates": [ 133.507671, 33.556779 ] } },
{ "type": "Feature", "properties": { "ID": 3922393102150, "正式名称": "吉村神経内科リハビリクリニック", "機関区分": 2, "都道府県コード": 39, "市区町村コード": 201, "所在地": "高知県高知市百石町２丁目２番１号", "緯度": 33.549425, "経度": 133.54443, "url": "https://www.iryou.teikyouseido.mhlw.go.jp/znk-web/juminkanja/S2430/initialize?prefCd=39&kikanCd=2393102150&kikanKbn=2", "url2": null, "内容": "吉村神経内科リハビリクリニック【2:診療所】【診療科目:内科_神経内科_リハビリテーション科】高知県高知市百石町２丁目２番１号" }, "geometry": { "type": "Point", "coordinates": [ 133.54443, 33.549425 ] } },
{ "type": "Feature", "properties": { "ID": 3922393102440, "正式名称": "メディカルカウンセリングルームいとうクリニック", "機関区分": 2, "都道府県コード": 39, "市区町村コード": 201, "所在地": "高知県高知市追手筋２丁目７番８号レジデンス大手前Ａ５０３", "緯度": 33.560254, "経度": 133.534409, "url": "https://www.iryou.teikyouseido.mhlw.go.jp/znk-web/juminkanja/S2430/initialize?prefCd=39&kikanCd=2393102440&kikanKbn=2", "url2": "http://www.itohclinic.jp", "内容": "メディカルカウンセリングルームいとうクリニック【2:診療所】【診療科目:精神科_神経科_心療内科】高知県高知市追手筋２丁目７番８号レジデンス大手前Ａ５０３" }, "geometry": { "type": "Point", "coordinates": [ 133.534409, 33.560254 ] } },
{ "type": "Feature", "properties": { "ID": 3922393102600, "正式名称": "谷田内科クリニック", "機関区分": 2, "都道府県コード": 39, "市区町村コード": 201, "所在地": "高知県高知市本町４ー１ー５２　本町ＭＬプラザ１Ｆ", "緯度": 33.558782, "経度": 133.533823, "url": "https://www.iryou.teikyouseido.mhlw.go.jp/znk-web/juminkanja/S2430/initialize?prefCd=39&kikanCd=2393102600&kikanKbn=2", "url2": "http://www.tanidanaika.com/", "内容": "谷田内科クリニック【2:診療所】【診療科目:内科_アレルギー科】高知県高知市本町４ー１ー５２　本町ＭＬプラザ１Ｆ" }, "geometry": { "type": "Point", "coordinates": [ 133.533823, 33.558782 ] } },
{ "type": "Feature", "properties": { "ID": 3922393102730, "正式名称": "たかさきクリニック胃腸科内科", "機関区分": 2, "都道府県コード": 39, "市区町村コード": 201, "所在地": "高知県高知市杉井流２番３２号", "緯度": 33.567787, "経度": 133.555379, "url": "https://www.iryou.teikyouseido.mhlw.go.jp/znk-web/juminkanja/S2430/initialize?prefCd=39&kikanCd=2393102730&kikanKbn=2", "url2": "http://endoscopy.jp/", "内容": "たかさきクリニック胃腸科内科【2:診療所】【診療科目:内科_胃腸内科_小児科】高知県高知市杉井流２番３２号" }, "geometry": { "type": "Point", "coordinates": [ 133.555379, 33.567787 ] } },
{ "type": "Feature", "properties": { "ID": 3922393102990, "正式名称": "くすのせ形成外科", "機関区分": 2, "都道府県コード": 39, "市区町村コード": 201, "所在地": "高知県高知市新本町１丁目１４ー３　メディパーク高知駅２階", "緯度": 33.568897, "経度": 133.5434, "url": "https://www.iryou.teikyouseido.mhlw.go.jp/znk-web/juminkanja/S2430/initialize?prefCd=39&kikanCd=2393102990&kikanKbn=2", "url2": "https://kusunose-clinic.jp/", "内容": "くすのせ形成外科【2:診療所】【診療科目:形成外科_皮膚科】高知県高知市新本町１丁目１４ー３　メディパーク高知駅２階" }, "geometry": { "type": "Point", "coordinates": [ 133.5434, 33.568897 ] } },
{ "type": "Feature", "properties": { "ID": 3922393103160, "正式名称": "レディスクリニックコスモス", "機関区分": 2, "都道府県コード": 39, "市区町村コード": 201, "所在地": "高知県高知市杉井流６－２７", "緯度": 33.561318, "経度": 133.538111, "url": "https://www.iryou.teikyouseido.mhlw.go.jp/znk-web/juminkanja/S2430/initialize?prefCd=39&kikanCd=2393103160&kikanKbn=2", "url2": "https://www.lccosmos.jp/", "内容": "レディスクリニックコスモス【2:診療所】【診療科目:婦人科_産婦人科（生殖医療）】高知県高知市杉井流６－２７" }, "geometry": { "type": "Point", "coordinates": [ 133.538111, 33.561318 ] } },
{ "type": "Feature", "properties": { "ID": 3922393103320, "正式名称": "塩見クリニック", "機関区分": 2, "都道府県コード": 39, "市区町村コード": 201, "所在地": "高知県高知市六泉寺町", "緯度": 33.538007, "経度": 133.544336, "url": "https://www.iryou.teikyouseido.mhlw.go.jp/znk-web/juminkanja/S2430/initialize?prefCd=39&kikanCd=2393103320&kikanKbn=2", "url2": "http://www.siomiclinic.com/", "内容": "塩見クリニック【2:診療所】【診療科目:内科_小児科】高知県高知市六泉寺町" }, "geometry": { "type": "Point", "coordinates": [ 133.544336, 33.538007 ] } },
{ "type": "Feature", "properties": { "ID": 3922393103900, "正式名称": "藤田クリニック", "機関区分": 2, "都道府県コード": 39, "市区町村コード": 201, "所在地": "高知県高知市旭町２丁目２３ー３５", "緯度": 33.555834, "経度": 133.510891, "url": "https://www.iryou.teikyouseido.mhlw.go.jp/znk-web/juminkanja/S2430/initialize?prefCd=39&kikanCd=2393103900&kikanKbn=2", "url2": "https://peraichi.com/landing_pages/view/fujita/", "内容": "藤田クリニック【2:診療所】【診療科目:泌尿器科】高知県高知市旭町２丁目２３ー３５" }, "geometry": { "type": "Point", "coordinates": [ 133.510891, 33.555834 ] } },
{ "type": "Feature", "properties": { "ID": 3922393104170, "正式名称": "うしおえ太陽クリニック", "機関区分": 2, "都道府県コード": 39, "市区町村コード": 201, "所在地": "高知県高知市竹島町１３ー１　うしおえメディカルビル・イーア２Ｆ", "緯度": 33.542832, "経度": 133.542547, "url": "https://www.iryou.teikyouseido.mhlw.go.jp/znk-web/juminkanja/S2430/initialize?prefCd=39&kikanCd=2393104170&kikanKbn=2", "url2": "https://www.taiyou-clinic.jp/", "内容": "うしおえ太陽クリニック【2:診療所】【診療科目:内科_外科_整形外科_リハビリテーション科】高知県高知市竹島町１３ー１　うしおえメディカルビル・イーア２Ｆ" }, "geometry": { "type": "Point", "coordinates": [ 133.542547, 33.542832 ] } },
{ "type": "Feature", "properties": { "ID": 3922393104200, "正式名称": "まさおか眼科", "機関区分": 2, "都道府県コード": 39, "市区町村コード": 201, "所在地": "高知県高知市竹島町１３－１　うしおえメディカルビルイーア２階", "緯度": 33.542832, "経度": 133.542547, "url": "https://www.iryou.teikyouseido.mhlw.go.jp/znk-web/juminkanja/S2430/initialize?prefCd=39&kikanCd=2393104200&kikanKbn=2", "url2": null, "内容": "まさおか眼科【2:診療所】【診療科目:眼科】高知県高知市竹島町１３－１　うしおえメディカルビルイーア２階" }, "geometry": { "type": "Point", "coordinates": [ 133.542547, 33.542832 ] } },
{ "type": "Feature", "properties": { "ID": 3922393104460, "正式名称": "医療法人慈孝会　はまだ小児科", "機関区分": 2, "都道府県コード": 39, "市区町村コード": 201, "所在地": "高知県高知市桟橋通１丁目１３番６号", "緯度": 33.551553, "経度": 133.5449, "url": "https://www.iryou.teikyouseido.mhlw.go.jp/znk-web/juminkanja/S2430/initialize?prefCd=39&kikanCd=2393104460&kikanKbn=2", "url2": "https://www.hamadakids.com", "内容": "医療法人慈孝会　はまだ小児科【2:診療所】【診療科目:小児科】高知県高知市桟橋通１丁目１３番６号" }, "geometry": { "type": "Point", "coordinates": [ 133.5449, 33.551553 ] } },
{ "type": "Feature", "properties": { "ID": 3922393104750, "正式名称": "永野耳鼻咽喉科・アレルギー科医院", "機関区分": 2, "都道府県コード": 39, "市区町村コード": 201, "所在地": "高知県高知市上町５−２−１４", "緯度": 33.557843, "経度": 133.518266, "url": "https://www.iryou.teikyouseido.mhlw.go.jp/znk-web/juminkanja/S2430/initialize?prefCd=39&kikanCd=2393104750&kikanKbn=2", "url2": null, "内容": "永野耳鼻咽喉科・アレルギー科医院【2:診療所】【診療科目:耳鼻いんこう科_アレルギー科】高知県高知市上町５−２−１４" }, "geometry": { "type": "Point", "coordinates": [ 133.518266, 33.557843 ] } },
{ "type": "Feature", "properties": { "ID": 3922393105050, "正式名称": "松本クリニック", "機関区分": 2, "都道府県コード": 39, "市区町村コード": 201, "所在地": "高知県高知市桟橋通２丁目７ー１１", "緯度": 33.548075, "経度": 133.548449, "url": "https://www.iryou.teikyouseido.mhlw.go.jp/znk-web/juminkanja/S2430/initialize?prefCd=39&kikanCd=2393105050&kikanKbn=2", "url2": null, "内容": "松本クリニック【2:診療所】【診療科目:耳鼻いんこう科_皮膚泌尿器科】高知県高知市桟橋通２丁目７ー１１" }, "geometry": { "type": "Point", "coordinates": [ 133.548449, 33.548075 ] } },
{ "type": "Feature", "properties": { "ID": 3922393105890, "正式名称": "かわむらクリニック整形外科", "機関区分": 2, "都道府県コード": 39, "市区町村コード": 201, "所在地": "高知県高知市杉井流１－５", "緯度": 33.568015, "経度": 133.554784, "url": "https://www.iryou.teikyouseido.mhlw.go.jp/znk-web/juminkanja/S2430/initialize?prefCd=39&kikanCd=2393105890&kikanKbn=2", "url2": "http://www.kawamura-cl.jp", "内容": "かわむらクリニック整形外科【2:診療所】【診療科目:整形外科_リウマチ科_リハビリテーション科】高知県高知市杉井流１－５" }, "geometry": { "type": "Point", "coordinates": [ 133.554784, 33.568015 ] } },
{ "type": "Feature", "properties": { "ID": 3922393105920, "正式名称": "ひらた皮フ科", "機関区分": 2, "都道府県コード": 39, "市区町村コード": 201, "所在地": "高知県高知市竹島町１３−１　うしおえメディカルビル・イーア４階", "緯度": 33.542832, "経度": 133.542547, "url": "https://www.iryou.teikyouseido.mhlw.go.jp/znk-web/juminkanja/S2430/initialize?prefCd=39&kikanCd=2393105920&kikanKbn=2", "url2": null, "内容": "ひらた皮フ科【2:診療所】【診療科目:皮膚科】高知県高知市竹島町１３−１　うしおえメディカルビル・イーア４階" }, "geometry": { "type": "Point", "coordinates": [ 133.542547, 33.542832 ] } },
{ "type": "Feature", "properties": { "ID": 3922393106060, "正式名称": "クリニックひろと", "機関区分": 2, "都道府県コード": 39, "市区町村コード": 201, "所在地": "高知県高知市長浜", "緯度": 33.500303, "経度": 133.54819, "url": "https://www.iryou.teikyouseido.mhlw.go.jp/znk-web/juminkanja/S2430/initialize?prefCd=39&kikanCd=2393106060&kikanKbn=2", "url2": "http://www.c-hiroto.jp", "内容": "クリニックひろと【2:診療所】【診療科目:内科_糖尿病内科_呼吸器内科_循環器内科_消化器内科_腎臓内科_神経内科_整形外科_皮膚科_美容皮膚科_リウマチ科_リハビリテーション科_放射線診断科】高知県高知市長浜" }, "geometry": { "type": "Point", "coordinates": [ 133.54819, 33.500303 ] } },
{ "type": "Feature", "properties": { "ID": 3922393106510, "正式名称": "依光内科クリニック", "機関区分": 2, "都道府県コード": 39, "市区町村コード": 201, "所在地": "高知県高知市愛宕町１丁目２ー２２", "緯度": 33.565378, "経度": 133.536736, "url": "https://www.iryou.teikyouseido.mhlw.go.jp/znk-web/juminkanja/S2430/initialize?prefCd=39&kikanCd=2393106510&kikanKbn=2", "url2": null, "内容": "依光内科クリニック【2:診療所】【診療科目:内科】高知県高知市愛宕町１丁目２ー２２" }, "geometry": { "type": "Point", "coordinates": [ 133.536736, 33.565378 ] } },
{ "type": "Feature", "properties": { "ID": 3922393106640, "正式名称": "らくだクリニック", "機関区分": 2, "都道府県コード": 39, "市区町村コード": 201, "所在地": "高知県高知市南元町３０番地", "緯度": 33.556476, "経度": 133.507175, "url": "https://www.iryou.teikyouseido.mhlw.go.jp/znk-web/juminkanja/S2430/initialize?prefCd=39&kikanCd=2393106640&kikanKbn=2", "url2": "http://rakuda-clinic.com", "内容": "らくだクリニック【2:診療所】【診療科目:精神科_心療内科】高知県高知市南元町３０番地" }, "geometry": { "type": "Point", "coordinates": [ 133.507175, 33.556476 ] } },
{ "type": "Feature", "properties": { "ID": 3922393107070, "正式名称": "クリニック地球３３番地", "機関区分": 2, "都道府県コード": 39, "市区町村コード": 201, "所在地": "高知県高知市北本町４ー４ー６１", "緯度": 33.563684, "経度": 133.554615, "url": "https://www.iryou.teikyouseido.mhlw.go.jp/znk-web/juminkanja/S2430/initialize?prefCd=39&kikanCd=2393107070&kikanKbn=2", "url2": "http://earth-33.com", "内容": "クリニック地球３３番地【2:診療所】【診療科目:内科_消化器内科_肝臓内科】高知県高知市北本町４ー４ー６１" }, "geometry": { "type": "Point", "coordinates": [ 133.554615, 33.563684 ] } },
{ "type": "Feature", "properties": { "ID": 3922393107100, "正式名称": "大崎眼科", "機関区分": 2, "都道府県コード": 39, "市区町村コード": 201, "所在地": "高知県高知市朝倉甲６０ー１", "緯度": 33.543164, "経度": 133.501848, "url": "https://www.iryou.teikyouseido.mhlw.go.jp/znk-web/juminkanja/S2430/initialize?prefCd=39&kikanCd=2393107100&kikanKbn=2", "url2": null, "内容": "大崎眼科【2:診療所】【診療科目:眼科】高知県高知市朝倉甲６０ー１" }, "geometry": { "type": "Point", "coordinates": [ 133.501848, 33.543164 ] } },
{ "type": "Feature", "properties": { "ID": 3922393107360, "正式名称": "医療法人成仁会　快聖クリニック", "機関区分": 2, "都道府県コード": 39, "市区町村コード": 201, "所在地": "高知県高知市鴨部１０８５－１", "緯度": 33.54761, "経度": 133.504709, "url": "https://www.iryou.teikyouseido.mhlw.go.jp/znk-web/juminkanja/S2430/initialize?prefCd=39&kikanCd=2393107360&kikanKbn=2", "url2": "https://www.kaisei-clinic.com/", "内容": "医療法人成仁会　快聖クリニック【2:診療所】【診療科目:内科_腎臓内科_人工透析内科_外科_泌尿器科】高知県高知市鴨部１０８５－１" }, "geometry": { "type": "Point", "coordinates": [ 133.504709, 33.54761 ] } },
{ "type": "Feature", "properties": { "ID": 3922393107490, "正式名称": "きたじま内科クリニック", "機関区分": 2, "都道府県コード": 39, "市区町村コード": 201, "所在地": "高知県高知市高須２ー５ー２２", "緯度": 33.558897, "経度": 133.586845, "url": "https://www.iryou.teikyouseido.mhlw.go.jp/znk-web/juminkanja/S2430/initialize?prefCd=39&kikanCd=2393107490&kikanKbn=2", "url2": null, "内容": "きたじま内科クリニック【2:診療所】【診療科目:内科_呼吸器内科_循環器内科_消化器内科】高知県高知市高須２ー５ー２２" }, "geometry": { "type": "Point", "coordinates": [ 133.586845, 33.558897 ] } },
{ "type": "Feature", "properties": { "ID": 3922393107650, "正式名称": "医療法人　三和会　福井診療所内科消化器科", "機関区分": 2, "都道府県コード": 39, "市区町村コード": 201, "所在地": "高知県高知市福井扇町１１７８ー１", "緯度": 33.568589, "経度": 133.5085, "url": "https://www.iryou.teikyouseido.mhlw.go.jp/znk-web/juminkanja/S2430/initialize?prefCd=39&kikanCd=2393107650&kikanKbn=2", "url2": "https://fukuiclinic-kochi.jp/index.html", "内容": "医療法人　三和会　福井診療所内科消化器科【2:診療所】【診療科目:内科_消化器内科】高知県高知市福井扇町１１７８ー１" }, "geometry": { "type": "Point", "coordinates": [ 133.5085, 33.568589 ] } },
{ "type": "Feature", "properties": { "ID": 3922393108080, "正式名称": "島崎クリニック", "機関区分": 2, "都道府県コード": 39, "市区町村コード": 201, "所在地": "高知県高知市桟橋通２ー１２ー５", "緯度": 33.549836, "経度": 133.546072, "url": "https://www.iryou.teikyouseido.mhlw.go.jp/znk-web/juminkanja/S2430/initialize?prefCd=39&kikanCd=2393108080&kikanKbn=2", "url2": "http://www.simasakiclinic.net/", "内容": "島崎クリニック【2:診療所】【診療科目:内科_性感染症内科_腎臓内科_小児科_皮膚科_泌尿器科】高知県高知市桟橋通２ー１２ー５" }, "geometry": { "type": "Point", "coordinates": [ 133.546072, 33.549836 ] } },
{ "type": "Feature", "properties": { "ID": 3922393108110, "正式名称": "Ｄｒ．オヤマ診療所", "機関区分": 2, "都道府県コード": 39, "市区町村コード": 201, "所在地": "高知県高知市追手筋１－９－２２", "緯度": 33.561318, "経度": 133.538111, "url": "https://www.iryou.teikyouseido.mhlw.go.jp/znk-web/juminkanja/S2430/initialize?prefCd=39&kikanCd=2393108110&kikanKbn=2", "url2": "http://dr-oyama.org/", "内容": "Ｄｒ．オヤマ診療所【2:診療所】【診療科目:内科_漢方内科_アレルギー科_麻酔科】高知県高知市追手筋１－９－２２" }, "geometry": { "type": "Point", "coordinates": [ 133.538111, 33.561318 ] } },
{ "type": "Feature", "properties": { "ID": 3922393108240, "正式名称": "やまかわ乳腺クリニック", "機関区分": 2, "都道府県コード": 39, "市区町村コード": 201, "所在地": "高知県高知市若草町１５番４５号", "緯度": 33.542813, "経度": 133.486866, "url": "https://www.iryou.teikyouseido.mhlw.go.jp/znk-web/juminkanja/S2430/initialize?prefCd=39&kikanCd=2393108240&kikanKbn=2", "url2": "http://www.yamakawa-nyusen.jp", "内容": "やまかわ乳腺クリニック【2:診療所】【診療科目:内科_外科_乳腺外科】高知県高知市若草町１５番４５号" }, "geometry": { "type": "Point", "coordinates": [ 133.486866, 33.542813 ] } },
{ "type": "Feature", "properties": { "ID": 3922393108530, "正式名称": "こまつ眼科", "機関区分": 2, "都道府県コード": 39, "市区町村コード": 201, "所在地": "高知県高知市大津乙１０１８番地１", "緯度": 33.573089, "経度": 133.596554, "url": "https://www.iryou.teikyouseido.mhlw.go.jp/znk-web/juminkanja/S2430/initialize?prefCd=39&kikanCd=2393108530&kikanKbn=2", "url2": "http://www.komatsu-eye-clinic.jp", "内容": "こまつ眼科【2:診療所】【診療科目:眼科】高知県高知市大津乙１０１８番地１" }, "geometry": { "type": "Point", "coordinates": [ 133.596554, 33.573089 ] } },
{ "type": "Feature", "properties": { "ID": 3922393108660, "正式名称": "桟橋みどりクリニック", "機関区分": 2, "都道府県コード": 39, "市区町村コード": 201, "所在地": "高知県高知市百石町２－８－８", "緯度": 33.549236, "経度": 133.54534, "url": "https://www.iryou.teikyouseido.mhlw.go.jp/znk-web/juminkanja/S2430/initialize?prefCd=39&kikanCd=2393108660&kikanKbn=2", "url2": "http://san-mido-clinic.com/", "内容": "桟橋みどりクリニック【2:診療所】【診療科目:精神科_心療内科】高知県高知市百石町２－８－８" }, "geometry": { "type": "Point", "coordinates": [ 133.54534, 33.549236 ] } },
{ "type": "Feature", "properties": { "ID": 3922393108790, "正式名称": "たむら内科クリニック", "機関区分": 2, "都道府県コード": 39, "市区町村コード": 201, "所在地": "高知県高知市曙町一丁目１ー２０", "緯度": 33.552282, "経度": 133.494899, "url": "https://www.iryou.teikyouseido.mhlw.go.jp/znk-web/juminkanja/S2430/initialize?prefCd=39&kikanCd=2393108790&kikanKbn=2", "url2": "http://tamura-medic.jp", "内容": "たむら内科クリニック【2:診療所】【診療科目:内科_呼吸器内科_循環器内科】高知県高知市曙町一丁目１ー２０" }, "geometry": { "type": "Point", "coordinates": [ 133.494899, 33.552282 ] } },
{ "type": "Feature", "properties": { "ID": 3922393109120, "正式名称": "むくした耳鼻咽喉科", "機関区分": 2, "都道府県コード": 39, "市区町村コード": 201, "所在地": "高知県高知市介良乙１０４９　高知東メディカルスクエア３階", "緯度": 33.561701, "経度": 133.596275, "url": "https://www.iryou.teikyouseido.mhlw.go.jp/znk-web/juminkanja/S2430/initialize?prefCd=39&kikanCd=2393109120&kikanKbn=2", "url2": "park.paa.jp", "内容": "むくした耳鼻咽喉科【2:診療所】【診療科目:耳鼻いんこう科】高知県高知市介良乙１０４９　高知東メディカルスクエア３階" }, "geometry": { "type": "Point", "coordinates": [ 133.596275, 33.561701 ] } },
{ "type": "Feature", "properties": { "ID": 3922393109250, "正式名称": "なかやまクリニック内科・循環器科", "機関区分": 2, "都道府県コード": 39, "市区町村コード": 201, "所在地": "高知県高知市介良乙１０４９　高知東メディカルスクエア３Ｆ", "緯度": 33.561701, "経度": 133.596277, "url": "https://www.iryou.teikyouseido.mhlw.go.jp/znk-web/juminkanja/S2430/initialize?prefCd=39&kikanCd=2393109250&kikanKbn=2", "url2": "http://www.nakayamaclinic.com/0606/", "内容": "なかやまクリニック内科・循環器科【2:診療所】【診療科目:内科_循環器内科】高知県高知市介良乙１０４９　高知東メディカルスクエア３Ｆ" }, "geometry": { "type": "Point", "coordinates": [ 133.596277, 33.561701 ] } },
{ "type": "Feature", "properties": { "ID": 3922393109380, "正式名称": "ながの内科クリニック", "機関区分": 2, "都道府県コード": 39, "市区町村コード": 201, "所在地": "高知県高知市新田町", "緯度": 33.551417, "経度": 133.553982, "url": "https://www.iryou.teikyouseido.mhlw.go.jp/znk-web/juminkanja/S2430/initialize?prefCd=39&kikanCd=2393109380&kikanKbn=2", "url2": "https://nagano-naika-kc.com/", "内容": "ながの内科クリニック【2:診療所】【診療科目:内科_脳神経内科】高知県高知市新田町" }, "geometry": { "type": "Point", "coordinates": [ 133.553982, 33.551417 ] } },
{ "type": "Feature", "properties": { "ID": 3922393109400, "正式名称": "かわず皮フ科", "機関区分": 2, "都道府県コード": 39, "市区町村コード": 201, "所在地": "高知県高知市横浜新町", "緯度": 33.516254, "経度": 133.535385, "url": "https://www.iryou.teikyouseido.mhlw.go.jp/znk-web/juminkanja/S2430/initialize?prefCd=39&kikanCd=2393109400&kikanKbn=2", "url2": null, "内容": "かわず皮フ科【2:診療所】【診療科目:皮膚科】高知県高知市横浜新町" }, "geometry": { "type": "Point", "coordinates": [ 133.535385, 33.516254 ] } },
{ "type": "Feature", "properties": { "ID": 3922393109410, "正式名称": "おがわハートクリニック", "機関区分": 2, "都道府県コード": 39, "市区町村コード": 201, "所在地": "高知県高知市神田８４０ー１", "緯度": 33.54508, "経度": 133.511509, "url": "https://www.iryou.teikyouseido.mhlw.go.jp/znk-web/juminkanja/S2430/initialize?prefCd=39&kikanCd=2393109410&kikanKbn=2", "url2": "https://www.ogawaheartclinic.com/", "内容": "おがわハートクリニック【2:診療所】【診療科目:内科_循環器内科】高知県高知市神田８４０ー１" }, "geometry": { "type": "Point", "coordinates": [ 133.511509, 33.54508 ] } },
{ "type": "Feature", "properties": { "ID": 3922393109540, "正式名称": "アズマ耳鼻咽喉科・アレルギー科", "機関区分": 2, "都道府県コード": 39, "市区町村コード": 201, "所在地": "高知県高知市上町２ー２ー１６", "緯度": 33.557629, "経度": 133.523696, "url": "https://www.iryou.teikyouseido.mhlw.go.jp/znk-web/juminkanja/S2430/initialize?prefCd=39&kikanCd=2393109540&kikanKbn=2", "url2": "http://www.jibika-clinic.com", "内容": "アズマ耳鼻咽喉科・アレルギー科【2:診療所】【診療科目:気管食道内科_耳鼻いんこう科_アレルギー科】高知県高知市上町２ー２ー１６" }, "geometry": { "type": "Point", "coordinates": [ 133.523696, 33.557629 ] } },
{ "type": "Feature", "properties": { "ID": 3922393109670, "正式名称": "医療法人元史会　ふみの皮フ科", "機関区分": 2, "都道府県コード": 39, "市区町村コード": 201, "所在地": "高知県高知市福井扇町１１７８－３", "緯度": 33.568525, "経度": 133.508742, "url": "https://www.iryou.teikyouseido.mhlw.go.jp/znk-web/juminkanja/S2430/initialize?prefCd=39&kikanCd=2393109670&kikanKbn=2", "url2": "http://www.fumino.jp", "内容": "医療法人元史会　ふみの皮フ科【2:診療所】【診療科目:形成外科_皮膚科】高知県高知市福井扇町１１７８－３" }, "geometry": { "type": "Point", "coordinates": [ 133.508742, 33.568525 ] } },
{ "type": "Feature", "properties": { "ID": 3922393109700, "正式名称": "医療法人隆正会　さわだ耳鼻咽喉科・眼科", "機関区分": 2, "都道府県コード": 39, "市区町村コード": 201, "所在地": "高知県高知市福井町１７３４－５", "緯度": 33.567775, "経度": 133.504459, "url": "https://www.iryou.teikyouseido.mhlw.go.jp/znk-web/juminkanja/S2430/initialize?prefCd=39&kikanCd=2393109700&kikanKbn=2", "url2": "http://www.sawada-clinic.jp", "内容": "医療法人隆正会　さわだ耳鼻咽喉科・眼科【2:診療所】【診療科目:眼科_耳鼻いんこう科】高知県高知市福井町１７３４－５" }, "geometry": { "type": "Point", "coordinates": [ 133.504459, 33.567775 ] } },
{ "type": "Feature", "properties": { "ID": 3922393110100, "正式名称": "医療法人聖美会　ＪＯＥクリニック", "機関区分": 2, "都道府県コード": 39, "市区町村コード": 201, "所在地": "高知県高知市本町３丁目１番１号　アイランドⅠビル　７階", "緯度": 33.559308, "経度": 133.536012, "url": "https://www.iryou.teikyouseido.mhlw.go.jp/znk-web/juminkanja/S2430/initialize?prefCd=39&kikanCd=2393110100&kikanKbn=2", "url2": "https://www.joeclinic.jp/", "内容": "医療法人聖美会　ＪＯＥクリニック【2:診療所】【診療科目:美容外科_美容皮膚科】高知県高知市本町３丁目１番１号　アイランドⅠビル　７階" }, "geometry": { "type": "Point", "coordinates": [ 133.536012, 33.559308 ] } },
{ "type": "Feature", "properties": { "ID": 3922393110490, "正式名称": "こどもクリニック　ケロちゃん", "機関区分": 2, "都道府県コード": 39, "市区町村コード": 201, "所在地": "高知県高知市鵜来巣１１ー３８ー１０　あさくらメディカルビル２Ｆ", "緯度": 33.540904, "経度": 133.483859, "url": "https://www.iryou.teikyouseido.mhlw.go.jp/znk-web/juminkanja/S2430/initialize?prefCd=39&kikanCd=2393110490&kikanKbn=2", "url2": null, "内容": "こどもクリニック　ケロちゃん【2:診療所】【診療科目:小児科】高知県高知市鵜来巣１１ー３８ー１０　あさくらメディカルビル２Ｆ" }, "geometry": { "type": "Point", "coordinates": [ 133.483859, 33.540904 ] } },
{ "type": "Feature", "properties": { "ID": 3922393110520, "正式名称": "医療法人　マウナケア　ここからクリニック", "機関区分": 2, "都道府県コード": 39, "市区町村コード": 201, "所在地": "高知県高知市鵜来巣１１ー３８ー１０　あさくらメディカルビル３Ｆ", "緯度": 33.540904, "経度": 133.483859, "url": "https://www.iryou.teikyouseido.mhlw.go.jp/znk-web/juminkanja/S2430/initialize?prefCd=39&kikanCd=2393110520&kikanKbn=2", "url2": null, "内容": "医療法人　マウナケア　ここからクリニック【2:診療所】【診療科目:神経内科_精神科_心療内科】高知県高知市鵜来巣１１ー３８ー１０　あさくらメディカルビル３Ｆ" }, "geometry": { "type": "Point", "coordinates": [ 133.483859, 33.540904 ] } },
{ "type": "Feature", "properties": { "ID": 3922393110650, "正式名称": "うぐるす内科クリニック", "機関区分": 2, "都道府県コード": 39, "市区町村コード": 201, "所在地": "高知県高知市鵜来巣１１番３８－１０号", "緯度": 33.540904, "経度": 133.483859, "url": "https://www.iryou.teikyouseido.mhlw.go.jp/znk-web/juminkanja/S2430/initialize?prefCd=39&kikanCd=2393110650&kikanKbn=2", "url2": null, "内容": "うぐるす内科クリニック【2:診療所】【診療科目:内科_循環器内科】高知県高知市鵜来巣１１番３８－１０号" }, "geometry": { "type": "Point", "coordinates": [ 133.483859, 33.540904 ] } },
{ "type": "Feature", "properties": { "ID": 3922393110780, "正式名称": "高知ファミリークリニック", "機関区分": 2, "都道府県コード": 39, "市区町村コード": 201, "所在地": "高知県高知市朝倉横町２３ー７ー１０", "緯度": 33.544549, "経度": 133.492983, "url": "https://www.iryou.teikyouseido.mhlw.go.jp/znk-web/juminkanja/S2430/initialize?prefCd=39&kikanCd=2393110780&kikanKbn=2", "url2": "http://www.kochi-family.jp/", "内容": "高知ファミリークリニック【2:診療所】【診療科目:産婦人科】高知県高知市朝倉横町２３ー７ー１０" }, "geometry": { "type": "Point", "coordinates": [ 133.492983, 33.544549 ] } },
{ "type": "Feature", "properties": { "ID": 3922393111080, "正式名称": "おおつ耳鼻咽喉科", "機関区分": 2, "都道府県コード": 39, "市区町村コード": 201, "所在地": "高知県高知市鵜来巣１１ー３８ー１０　あさくらメディカルビル２Ｆ", "緯度": 33.540904, "経度": 133.483859, "url": "https://www.iryou.teikyouseido.mhlw.go.jp/znk-web/juminkanja/S2430/initialize?prefCd=39&kikanCd=2393111080&kikanKbn=2", "url2": "http://www.otsu-jibiinkoka.com/", "内容": "おおつ耳鼻咽喉科【2:診療所】【診療科目:耳鼻いんこう科】高知県高知市鵜来巣１１ー３８ー１０　あさくらメディカルビル２Ｆ" }, "geometry": { "type": "Point", "coordinates": [ 133.483859, 33.540904 ] } },
{ "type": "Feature", "properties": { "ID": 3922393111110, "正式名称": "ＡＧＡスキンクリニック　高知院", "機関区分": 2, "都道府県コード": 39, "市区町村コード": 201, "所在地": "高知県高知市帯屋町１ー１３ー２３アベニュービル３Ｆ", "緯度": 33.560191, "経度": 133.538866, "url": "https://www.iryou.teikyouseido.mhlw.go.jp/znk-web/juminkanja/S2430/initialize?prefCd=39&kikanCd=2393111110&kikanKbn=2", "url2": "https://www.agaskin.net/clinic/ko/", "内容": "ＡＧＡスキンクリニック　高知院【2:診療所】【診療科目:美容皮膚科_頭部皮膚科】高知県高知市帯屋町１ー１３ー２３アベニュービル３Ｆ" }, "geometry": { "type": "Point", "coordinates": [ 133.538866, 33.560191 ] } },
{ "type": "Feature", "properties": { "ID": 3922393111240, "正式名称": "こうち静脈ケアクリニック", "機関区分": 2, "都道府県コード": 39, "市区町村コード": 201, "所在地": "高知県高知市高須２－６－６４アーバンヒル青山１０１", "緯度": 33.558722, "経度": 133.587898, "url": "https://www.iryou.teikyouseido.mhlw.go.jp/znk-web/juminkanja/S2430/initialize?prefCd=39&kikanCd=2393111240&kikanKbn=2", "url2": "http://venonet.jp", "内容": "こうち静脈ケアクリニック【2:診療所】【診療科目:血管内科_血管外科】高知県高知市高須２－６－６４アーバンヒル青山１０１" }, "geometry": { "type": "Point", "coordinates": [ 133.587898, 33.558722 ] } },
{ "type": "Feature", "properties": { "ID": 3922393111370, "正式名称": "まなべ小児科・循環器科クリニック", "機関区分": 2, "都道府県コード": 39, "市区町村コード": 201, "所在地": "高知県高知市薊野西町３丁目８番１１号", "緯度": 33.578261, "経度": 133.551106, "url": "https://www.iryou.teikyouseido.mhlw.go.jp/znk-web/juminkanja/S2430/initialize?prefCd=39&kikanCd=2393111370&kikanKbn=2", "url2": "http://www.manabe-child-clinic.com/", "内容": "まなべ小児科・循環器科クリニック【2:診療所】【診療科目:循環器内科_小児科】高知県高知市薊野西町３丁目８番１１号" }, "geometry": { "type": "Point", "coordinates": [ 133.551106, 33.578261 ] } },
{ "type": "Feature", "properties": { "ID": 3922393111660, "正式名称": "まつもとデイクリニック", "機関区分": 2, "都道府県コード": 39, "市区町村コード": 201, "所在地": "高知県高知市北久保２−３９", "緯度": 33.569546, "経度": 133.564358, "url": "https://www.iryou.teikyouseido.mhlw.go.jp/znk-web/juminkanja/S2430/initialize?prefCd=39&kikanCd=2393111660&kikanKbn=2", "url2": "http://www.matsumoto-day-clinic.jp", "内容": "まつもとデイクリニック【2:診療所】【診療科目:内科_血管外科_肛門外科_腹部外科】高知県高知市北久保２−３９" }, "geometry": { "type": "Point", "coordinates": [ 133.564358, 33.569546 ] } },
{ "type": "Feature", "properties": { "ID": 3922393112090, "正式名称": "島崎耳鼻咽喉科", "機関区分": 2, "都道府県コード": 39, "市区町村コード": 201, "所在地": "高知県高知市愛宕町１丁目３番１１号", "緯度": 33.565884, "経度": 133.535989, "url": "https://www.iryou.teikyouseido.mhlw.go.jp/znk-web/juminkanja/S2430/initialize?prefCd=39&kikanCd=2393112090&kikanKbn=2", "url2": null, "内容": "島崎耳鼻咽喉科【2:診療所】【診療科目:耳鼻いんこう科】高知県高知市愛宕町１丁目３番１１号" }, "geometry": { "type": "Point", "coordinates": [ 133.535989, 33.565884 ] } },
{ "type": "Feature", "properties": { "ID": 3922393112120, "正式名称": "医療法人　仁栄会　島津クリニック比島", "機関区分": 2, "都道府県コード": 39, "市区町村コード": 201, "所在地": "高知県高知市比島町２ー１０ー３１", "緯度": 33.572826, "経度": 133.5516, "url": "https://www.iryou.teikyouseido.mhlw.go.jp/znk-web/juminkanja/S2430/initialize?prefCd=39&kikanCd=2393112120&kikanKbn=2", "url2": null, "内容": "医療法人　仁栄会　島津クリニック比島【2:診療所】【診療科目:内科_外科】高知県高知市比島町２ー１０ー３１" }, "geometry": { "type": "Point", "coordinates": [ 133.5516, 33.572826 ] } },
{ "type": "Feature", "properties": { "ID": 3922393112670, "正式名称": "みなみが丘ポラリスクリニック", "機関区分": 2, "都道府県コード": 39, "市区町村コード": 201, "所在地": "高知県高知市春野町南ケ丘１－４－１", "緯度": 33.515834, "経度": 133.519678, "url": "https://www.iryou.teikyouseido.mhlw.go.jp/znk-web/juminkanja/S2430/initialize?prefCd=39&kikanCd=2393112670&kikanKbn=2", "url2": "http://polarisclinic.blogspot.com/", "内容": "みなみが丘ポラリスクリニック【2:診療所】【診療科目:内科_消化器内科_肝臓内科_皮膚科】高知県高知市春野町南ケ丘１－４－１" }, "geometry": { "type": "Point", "coordinates": [ 133.519678, 33.515834 ] } },
{ "type": "Feature", "properties": { "ID": 3922393112830, "正式名称": "医療法人そらのいろ　あおぞら診療所高知潮江", "機関区分": 2, "都道府県コード": 39, "市区町村コード": 201, "所在地": "高知県高知市北竹島町５－１０", "緯度": 33.545635, "経度": 133.541398, "url": "https://www.iryou.teikyouseido.mhlw.go.jp/znk-web/juminkanja/S2430/initialize?prefCd=39&kikanCd=2393112830&kikanKbn=2", "url2": "https://soranoiro-aozora.jp/", "内容": "医療法人そらのいろ　あおぞら診療所高知潮江【2:診療所】【診療科目:内科_小児科】高知県高知市北竹島町５－１０" }, "geometry": { "type": "Point", "coordinates": [ 133.541398, 33.545635 ] } },
{ "type": "Feature", "properties": { "ID": 3922393112960, "正式名称": "はりまやばし診療所", "機関区分": 2, "都道府県コード": 39, "市区町村コード": 201, "所在地": "高知県高知市はりまや町１丁目７ー７　川村ビル２Ｆ", "緯度": 33.560665, "経度": 133.544106, "url": "https://www.iryou.teikyouseido.mhlw.go.jp/znk-web/juminkanja/S2430/initialize?prefCd=39&kikanCd=2393112960&kikanKbn=2", "url2": null, "内容": "はりまやばし診療所【2:診療所】【診療科目:神経内科_精神科_心療内科】高知県高知市はりまや町１丁目７ー７　川村ビル２Ｆ" }, "geometry": { "type": "Point", "coordinates": [ 133.544106, 33.560665 ] } },
{ "type": "Feature", "properties": { "ID": 3922393113000, "正式名称": "宮川漢方クリニック", "機関区分": 2, "都道府県コード": 39, "市区町村コード": 201, "所在地": "高知県高知市南はりまや町", "緯度": 33.55944, "経度": 133.54294, "url": "https://www.iryou.teikyouseido.mhlw.go.jp/znk-web/juminkanja/S2430/initialize?prefCd=39&kikanCd=2393113000&kikanKbn=2", "url2": "http://kochi-kampo.com/", "内容": "宮川漢方クリニック【2:診療所】【診療科目:内科_漢方内科】高知県高知市南はりまや町" }, "geometry": { "type": "Point", "coordinates": [ 133.54294, 33.55944 ] } },
{ "type": "Feature", "properties": { "ID": 3922393113130, "正式名称": "高知県立療育福祉センター", "機関区分": 2, "都道府県コード": 39, "市区町村コード": 201, "所在地": "高知県高知市若草町", "緯度": 33.544632, "経度": 133.488672, "url": "https://www.iryou.teikyouseido.mhlw.go.jp/znk-web/juminkanja/S2430/initialize?prefCd=39&kikanCd=2393113130&kikanKbn=2", "url2": "http://www.pref.kochi.lg.jp/soshiki/060302/", "内容": "高知県立療育福祉センター【2:診療所】【診療科目:整形外科_小児科_耳鼻いんこう科_精神科_歯科_リハビリテーション科】高知県高知市若草町" }, "geometry": { "type": "Point", "coordinates": [ 133.488672, 33.544632 ] } },
{ "type": "Feature", "properties": { "ID": 3922393113560, "正式名称": "医療法人南の風　みなみの風診療所", "機関区分": 2, "都道府県コード": 39, "市区町村コード": 201, "所在地": "高知県高知市栄田町３－７－１", "緯度": 33.567756, "経度": 133.545543, "url": "https://www.iryou.teikyouseido.mhlw.go.jp/znk-web/juminkanja/S2430/initialize?prefCd=39&kikanCd=2393113560&kikanKbn=2", "url2": "http://www.minaminokaze-cl.com", "内容": "医療法人南の風　みなみの風診療所【2:診療所】【診療科目:内科_リハビリテーション科】高知県高知市栄田町３－７－１" }, "geometry": { "type": "Point", "coordinates": [ 133.545543, 33.567756 ] } },
{ "type": "Feature", "properties": { "ID": 3922393113680, "正式名称": "青柳クリニック", "機関区分": 2, "都道府県コード": 39, "市区町村コード": 201, "所在地": "高知県高知市若松町１１－２０", "緯度": 33.552481, "経度": 133.562897, "url": "https://www.iryou.teikyouseido.mhlw.go.jp/znk-web/juminkanja/S2430/initialize?prefCd=39&kikanCd=2393113680&kikanKbn=2", "url2": "https://www.kochi-aoyagi-clinic.com", "内容": "青柳クリニック【2:診療所】【診療科目:内科_糖尿病・代謝内科】高知県高知市若松町１１－２０" }, "geometry": { "type": "Point", "coordinates": [ 133.562897, 33.552481 ] } },
{ "type": "Feature", "properties": { "ID": 3922393114010, "正式名称": "万々クリニック", "機関区分": 2, "都道府県コード": 39, "市区町村コード": 201, "所在地": "高知県高知市南万々１１−４", "緯度": 33.560806, "経度": 133.5404, "url": "https://www.iryou.teikyouseido.mhlw.go.jp/znk-web/juminkanja/S2430/initialize?prefCd=39&kikanCd=2393114010&kikanKbn=2", "url2": "http://mama.p1.bindsite.jp/", "内容": "万々クリニック【2:診療所】【診療科目:外科_整形外科】高知県高知市南万々１１−４" }, "geometry": { "type": "Point", "coordinates": [ 133.5404, 33.560806 ] } },
{ "type": "Feature", "properties": { "ID": 3922393114270, "正式名称": "中内整形外科クリニック", "機関区分": 2, "都道府県コード": 39, "市区町村コード": 201, "所在地": "高知県高知市旭上町３０番地", "緯度": 33.556067, "経度": 133.503522, "url": "https://www.iryou.teikyouseido.mhlw.go.jp/znk-web/juminkanja/S2430/initialize?prefCd=39&kikanCd=2393114270&kikanKbn=2", "url2": "http://www.nakauchi-seikei.jp/", "内容": "中内整形外科クリニック【2:診療所】【診療科目:整形外科_リウマチ科_リハビリテーション科】高知県高知市旭上町３０番地" }, "geometry": { "type": "Point", "coordinates": [ 133.503522, 33.556067 ] } },
{ "type": "Feature", "properties": { "ID": 3922393114300, "正式名称": "医療法人ケイエムにしの内科クリニック循環器・心臓内科", "機関区分": 2, "都道府県コード": 39, "市区町村コード": 201, "所在地": "高知県高知市百石町２－２９－１６", "緯度": 33.545764, "経度": 133.543056, "url": "https://www.iryou.teikyouseido.mhlw.go.jp/znk-web/juminkanja/S2430/initialize?prefCd=39&kikanCd=2393114300&kikanKbn=2", "url2": null, "内容": "医療法人ケイエムにしの内科クリニック循環器・心臓内科【2:診療所】【診療科目:内科_呼吸器内科_循環器内科_心臓内科_老年内科】高知県高知市百石町２－２９－１６" }, "geometry": { "type": "Point", "coordinates": [ 133.543056, 33.545764 ] } },
{ "type": "Feature", "properties": { "ID": 3922393114720, "正式名称": "見元クリニック", "機関区分": 2, "都道府県コード": 39, "市区町村コード": 201, "所在地": "高知県高知市西町４２", "緯度": 33.558571, "経度": 133.518485, "url": "https://www.iryou.teikyouseido.mhlw.go.jp/znk-web/juminkanja/S2430/initialize?prefCd=39&kikanCd=2393114720&kikanKbn=2", "url2": null, "内容": "見元クリニック【2:診療所】【診療科目:内科_呼吸器内科_アレルギー科】高知県高知市西町４２" }, "geometry": { "type": "Point", "coordinates": [ 133.518485, 33.558571 ] } },
{ "type": "Feature", "properties": { "ID": 3922393114850, "正式名称": "大川内科", "機関区分": 2, "都道府県コード": 39, "市区町村コード": 201, "所在地": "高知県高知市萩町１丁目６ー５２", "緯度": 33.5462, "経度": 133.553952, "url": "https://www.iryou.teikyouseido.mhlw.go.jp/znk-web/juminkanja/S2430/initialize?prefCd=39&kikanCd=2393114850&kikanKbn=2", "url2": "https://www.ookawa-naika.jp/", "内容": "大川内科【2:診療所】【診療科目:内科_循環器内科_老年内科】高知県高知市萩町１丁目６ー５２" }, "geometry": { "type": "Point", "coordinates": [ 133.553952, 33.5462 ] } },
{ "type": "Feature", "properties": { "ID": 3922393115150, "正式名称": "医療法人志宏会新本町クリニック", "機関区分": 2, "都道府県コード": 39, "市区町村コード": 201, "所在地": "高知県高知市北金田１１ー２２ソフィアビル５Ｆ", "緯度": 33.565655, "経度": 133.55557, "url": "https://www.iryou.teikyouseido.mhlw.go.jp/znk-web/juminkanja/S2430/initialize?prefCd=39&kikanCd=2393115150&kikanKbn=2", "url2": "http://shinhonmachi.com/index.html", "内容": "医療法人志宏会新本町クリニック【2:診療所】【診療科目:内科_漢方内科_皮膚科_心療内科_アレルギー科_リハビリテーション科】高知県高知市北金田１１ー２２ソフィアビル５Ｆ" }, "geometry": { "type": "Point", "coordinates": [ 133.55557, 33.565655 ] } },
{ "type": "Feature", "properties": { "ID": 3922393115280, "正式名称": "かりた耳鼻咽喉科", "機関区分": 2, "都道府県コード": 39, "市区町村コード": 201, "所在地": "高知県高知市神田１０４１ー１", "緯度": 33.54301, "経度": 133.5095, "url": "https://www.iryou.teikyouseido.mhlw.go.jp/znk-web/juminkanja/S2430/initialize?prefCd=39&kikanCd=2393115280&kikanKbn=2", "url2": null, "内容": "かりた耳鼻咽喉科【2:診療所】【診療科目:耳鼻いんこう科】高知県高知市神田１０４１ー１" }, "geometry": { "type": "Point", "coordinates": [ 133.5095, 33.54301 ] } },
{ "type": "Feature", "properties": { "ID": 3922393115441, "正式名称": "高知見元醫院", "機関区分": 2, "都道府県コード": 39, "市区町村コード": 201, "所在地": "高知県高知市升形５－３３", "緯度": 33.557036, "経度": 133.528386, "url": "https://www.iryou.teikyouseido.mhlw.go.jp/znk-web/juminkanja/S2430/initialize?prefCd=39&kikanCd=2393115441&kikanKbn=2", "url2": "http://kochi-mimoto-iin.com/", "内容": "高知見元醫院【2:診療所】【診療科目:内科_外科_形成外科_皮膚科_放射線科】高知県高知市升形５－３３" }, "geometry": { "type": "Point", "coordinates": [ 133.528386, 33.557036 ] } },
{ "type": "Feature", "properties": { "ID": 3922393115991, "正式名称": "横川ひふ科クリニック", "機関区分": 2, "都道府県コード": 39, "市区町村コード": 201, "所在地": "高知県高知市介良乙１０４９高知東メディカルスクエア４Ｆ", "緯度": 33.561755, "経度": 133.596286, "url": "https://www.iryou.teikyouseido.mhlw.go.jp/znk-web/juminkanja/S2430/initialize?prefCd=39&kikanCd=2393115991&kikanKbn=2", "url2": "http://www.yokogawa-derma.jp", "内容": "横川ひふ科クリニック【2:診療所】【診療科目:皮膚科】高知県高知市介良乙１０４９高知東メディカルスクエア４Ｆ" }, "geometry": { "type": "Point", "coordinates": [ 133.596286, 33.561755 ] } },
{ "type": "Feature", "properties": { "ID": 3922393116740, "正式名称": "お日さまクリニック", "機関区分": 2, "都道府県コード": 39, "市区町村コード": 201, "所在地": "高知県高知市南川添２３番７号", "緯度": 33.572154, "経度": 133.562173, "url": "https://www.iryou.teikyouseido.mhlw.go.jp/znk-web/juminkanja/S2430/initialize?prefCd=39&kikanCd=2393116740&kikanKbn=2", "url2": "http://www.ohisama-cl.jp", "内容": "お日さまクリニック【2:診療所】【診療科目:内科_感染症内科_糖尿病内科_内分泌内科_リウマチ科】高知県高知市南川添２３番７号" }, "geometry": { "type": "Point", "coordinates": [ 133.562173, 33.572154 ] } },
{ "type": "Feature", "properties": { "ID": 3922393117170, "正式名称": "医療法人Ｐ＆Ｂ　みちなか整形外科クリニック", "機関区分": 2, "都道府県コード": 39, "市区町村コード": 201, "所在地": "高知県高知市福井町", "緯度": 33.56626, "経度": 133.510677, "url": "https://www.iryou.teikyouseido.mhlw.go.jp/znk-web/juminkanja/S2430/initialize?prefCd=39&kikanCd=2393117170&kikanKbn=2", "url2": "http://michinaka.com/", "内容": "医療法人Ｐ＆Ｂ　みちなか整形外科クリニック【2:診療所】【診療科目:整形外科_リウマチ科_リハビリテーション科】高知県高知市福井町" }, "geometry": { "type": "Point", "coordinates": [ 133.510677, 33.56626 ] } },
{ "type": "Feature", "properties": { "ID": 3922393117200, "正式名称": "よりみつ内科消化器内科", "機関区分": 2, "都道府県コード": 39, "市区町村コード": 201, "所在地": "高知県高知市三園町２２７番地", "緯度": 33.574243, "経度": 133.533744, "url": "https://www.iryou.teikyouseido.mhlw.go.jp/znk-web/juminkanja/S2430/initialize?prefCd=39&kikanCd=2393117200&kikanKbn=2", "url2": null, "内容": "よりみつ内科消化器内科【2:診療所】【診療科目:内科_消化器内科】高知県高知市三園町２２７番地" }, "geometry": { "type": "Point", "coordinates": [ 133.533744, 33.574243 ] } },
{ "type": "Feature", "properties": { "ID": 3922393120040, "正式名称": "こうち在宅医療クリニック", "機関区分": 2, "都道府県コード": 39, "市区町村コード": 201, "所在地": "高知県高知市上町２丁目４－１７", "緯度": 33.557057, "経度": 133.523218, "url": "https://www.iryou.teikyouseido.mhlw.go.jp/znk-web/juminkanja/S2430/initialize?prefCd=39&kikanCd=2393120040&kikanKbn=2", "url2": "http://zaitaku-clinic.com/", "内容": "こうち在宅医療クリニック【2:診療所】【診療科目:内科】高知県高知市上町２丁目４－１７" }, "geometry": { "type": "Point", "coordinates": [ 133.523218, 33.557057 ] } },
{ "type": "Feature", "properties": { "ID": 3922393120330, "正式名称": "トカゲ堂医院", "機関区分": 2, "都道府県コード": 39, "市区町村コード": 201, "所在地": "高知県高知市神田４０８－１", "緯度": 33.542556, "経度": 133.508128, "url": "https://www.iryou.teikyouseido.mhlw.go.jp/znk-web/juminkanja/S2430/initialize?prefCd=39&kikanCd=2393120330&kikanKbn=2", "url2": "http://www.tokagedou.com", "内容": "トカゲ堂医院【2:診療所】【診療科目:漢方内科_疼痛緩和内科】高知県高知市神田４０８－１" }, "geometry": { "type": "Point", "coordinates": [ 133.508128, 33.542556 ] } },
{ "type": "Feature", "properties": { "ID": 3922393120460, "正式名称": "にこにこレディースクリニック", "機関区分": 2, "都道府県コード": 39, "市区町村コード": 201, "所在地": "高知県高知市大谷公園町", "緯度": 33.534378, "経度": 133.48166, "url": "https://www.iryou.teikyouseido.mhlw.go.jp/znk-web/juminkanja/S2430/initialize?prefCd=39&kikanCd=2393120460&kikanKbn=2", "url2": "http://niko-lady.jp/", "内容": "にこにこレディースクリニック【2:診療所】【診療科目:女性内科_産科_婦人科】高知県高知市大谷公園町" }, "geometry": { "type": "Point", "coordinates": [ 133.48166, 33.534378 ] } },
{ "type": "Feature", "properties": { "ID": 3922393121050, "正式名称": "朝倉医療クリニック", "機関区分": 2, "都道府県コード": 39, "市区町村コード": 201, "所在地": "高知県高知市朝倉丙５３４－１", "緯度": 33.555464, "経度": 133.485931, "url": "https://www.iryou.teikyouseido.mhlw.go.jp/znk-web/juminkanja/S2430/initialize?prefCd=39&kikanCd=2393121050&kikanKbn=2", "url2": "http://www.mizuho-medicare.com", "内容": "朝倉医療クリニック【2:診療所】【診療科目:内科_呼吸器内科_循環器内科_消化器内科】高知県高知市朝倉丙５３４－１" }, "geometry": { "type": "Point", "coordinates": [ 133.485931, 33.555464 ] } },
{ "type": "Feature", "properties": { "ID": 3922393122250, "正式名称": "田村クリニック胃腸科・内科", "機関区分": 2, "都道府県コード": 39, "市区町村コード": 201, "所在地": "高知県高知市槇山町", "緯度": 33.538645, "経度": 133.487399, "url": "https://www.iryou.teikyouseido.mhlw.go.jp/znk-web/juminkanja/S2430/initialize?prefCd=39&kikanCd=2393122250&kikanKbn=2", "url2": "http://www.tamura-clinic.net/", "内容": "田村クリニック胃腸科・内科【2:診療所】【診療科目:内科_消化器内科_胃腸内科_肝臓内科_内視鏡内科_腹部内科，食道内科，十二指腸内科，小腸内科，大腸内科，胆のう内科，膵臓内科，肛門内科】高知県高知市槇山町" }, "geometry": { "type": "Point", "coordinates": [ 133.487399, 33.538645 ] } },
{ "type": "Feature", "properties": { "ID": 3922393124790, "正式名称": "さなだクリニック", "機関区分": 2, "都道府県コード": 39, "市区町村コード": 201, "所在地": "高知県高知市南はりまや町１丁目１７番２７号はりまや館１０１号", "緯度": 33.559102, "経度": 133.543875, "url": "https://www.iryou.teikyouseido.mhlw.go.jp/znk-web/juminkanja/S2430/initialize?prefCd=39&kikanCd=2393124790&kikanKbn=2", "url2": "http://sanadakai.or.jp/", "内容": "さなだクリニック【2:診療所】【診療科目:神経内科_精神科_心療内科】高知県高知市南はりまや町１丁目１７番２７号はりまや館１０１号" }, "geometry": { "type": "Point", "coordinates": [ 133.543875, 33.559102 ] } },
{ "type": "Feature", "properties": { "ID": 3922393130270, "正式名称": "つつみ内科胃腸クリニック", "機関区分": 2, "都道府県コード": 39, "市区町村コード": 201, "所在地": "高知県高知市知寄町１－６－３４", "緯度": 33.558085, "経度": 133.555188, "url": "https://www.iryou.teikyouseido.mhlw.go.jp/znk-web/juminkanja/S2430/initialize?prefCd=39&kikanCd=2393130270&kikanKbn=2", "url2": "http://www.tsutsumi-naika.jp/", "内容": "つつみ内科胃腸クリニック【2:診療所】【診療科目:内科_消化器内科_胃腸内科】高知県高知市知寄町１－６－３４" }, "geometry": { "type": "Point", "coordinates": [ 133.555188, 33.558085 ] } },
{ "type": "Feature", "properties": { "ID": 3922393132160, "正式名称": "帯屋町ハートクリニック", "機関区分": 2, "都道府県コード": 39, "市区町村コード": 201, "所在地": "高知県高知市帯屋町", "緯度": 33.560474, "経度": 133.537186, "url": "https://www.iryou.teikyouseido.mhlw.go.jp/znk-web/juminkanja/S2430/initialize?prefCd=39&kikanCd=2393132160&kikanKbn=2", "url2": "https://obiyamachi-hc.com", "内容": "帯屋町ハートクリニック【2:診療所】【診療科目:内科_循環器内科_リハビリテーション科】高知県高知市帯屋町" }, "geometry": { "type": "Point", "coordinates": [ 133.537186, 33.560474 ] } },
{ "type": "Feature", "properties": { "ID": 3922393132740, "正式名称": "さくら眼科", "機関区分": 2, "都道府県コード": 39, "市区町村コード": 201, "所在地": "高知県高知市鵜来巣１１－３８－１０", "緯度": 33.540904, "経度": 133.483859, "url": "https://www.iryou.teikyouseido.mhlw.go.jp/znk-web/juminkanja/S2430/initialize?prefCd=39&kikanCd=2393132740&kikanKbn=2", "url2": "http://www.sakuraganka.com/", "内容": "さくら眼科【2:診療所】【診療科目:眼科】高知県高知市鵜来巣１１－３８－１０" }, "geometry": { "type": "Point", "coordinates": [ 133.483859, 33.540904 ] } },
{ "type": "Feature", "properties": { "ID": 3922393139000, "正式名称": "一宮きずなクリニック", "機関区分": 2, "都道府県コード": 39, "市区町村コード": 201, "所在地": "高知県高知市一宮東町", "緯度": 33.589351, "経度": 133.578723, "url": "https://www.iryou.teikyouseido.mhlw.go.jp/znk-web/juminkanja/S2430/initialize?prefCd=39&kikanCd=2393139000&kikanKbn=2", "url2": "http://www.ikkukizunacl.com/index.html", "内容": "一宮きずなクリニック【2:診療所】【診療科目:内科_循環器内科_心臓内科_リハビリテーション科】高知県高知市一宮東町" }, "geometry": { "type": "Point", "coordinates": [ 133.578723, 33.589351 ] } },
{ "type": "Feature", "properties": { "ID": 3922393139130, "正式名称": "さいわい町幸せクリニック", "機関区分": 2, "都道府県コード": 39, "市区町村コード": 201, "所在地": "高知県高知市幸町６番１号", "緯度": 33.568075, "経度": 133.530332, "url": "https://www.iryou.teikyouseido.mhlw.go.jp/znk-web/juminkanja/S2430/initialize?prefCd=39&kikanCd=2393139130&kikanKbn=2", "url2": "https://saiwaiclinic.cloudfree.jp", "内容": "さいわい町幸せクリニック【2:診療所】【診療科目:内科_神経内科_漢方内科_精神科_心療内科_アレルギー科】高知県高知市幸町６番１号" }, "geometry": { "type": "Point", "coordinates": [ 133.530332, 33.568075 ] } },
{ "type": "Feature", "properties": { "ID": 3922393139390, "正式名称": "高知泌尿器科かさはらクリニック", "機関区分": 2, "都道府県コード": 39, "市区町村コード": 201, "所在地": "高知県高知市鵜来巣１１番３８ー１０　あさくらメディカルビル３Ｆ", "緯度": 33.540358, "経度": 133.483448, "url": "https://www.iryou.teikyouseido.mhlw.go.jp/znk-web/juminkanja/S2430/initialize?prefCd=39&kikanCd=2393139390&kikanKbn=2", "url2": "http://kasaharaclinic.com/", "内容": "高知泌尿器科かさはらクリニック【2:診療所】【診療科目:泌尿器科】高知県高知市鵜来巣１１番３８ー１０　あさくらメディカルビル３Ｆ" }, "geometry": { "type": "Point", "coordinates": [ 133.483448, 33.540358 ] } },
{ "type": "Feature", "properties": { "ID": 3922393146590, "正式名称": "浅井内科", "機関区分": 2, "都道府県コード": 39, "市区町村コード": 201, "所在地": "高知県高知市升形", "緯度": 33.556694, "経度": 133.529366, "url": "https://www.iryou.teikyouseido.mhlw.go.jp/znk-web/juminkanja/S2430/initialize?prefCd=39&kikanCd=2393146590&kikanKbn=2", "url2": null, "内容": "浅井内科【2:診療所】【診療科目:内科_胃腸内科_放射線科】高知県高知市升形" }, "geometry": { "type": "Point", "coordinates": [ 133.529366, 33.556694 ] } },
{ "type": "Feature", "properties": { "ID": 3922393149780, "正式名称": "医療法人ひまわり　ひまわり在宅クリニック", "機関区分": 2, "都道府県コード": 39, "市区町村コード": 201, "所在地": "高知県高知市与力町１２ー１０シャトレ片町１Ｆ", "緯度": 33.556404, "経度": 133.538286, "url": "https://www.iryou.teikyouseido.mhlw.go.jp/znk-web/juminkanja/S2430/initialize?prefCd=39&kikanCd=2393149780&kikanKbn=2", "url2": "http://www.himawari-z.jp/", "内容": "医療法人ひまわり　ひまわり在宅クリニック【2:診療所】【診療科目:内科_消化器内科_胃腸内科_老年内科_外科】高知県高知市与力町１２ー１０シャトレ片町１Ｆ" }, "geometry": { "type": "Point", "coordinates": [ 133.538286, 33.556404 ] } },
{ "type": "Feature", "properties": { "ID": 3922393154410, "正式名称": "さとう整形外科・手のクリニック", "機関区分": 2, "都道府県コード": 39, "市区町村コード": 201, "所在地": "高知県高知市北川添２０番１５号", "緯度": 33.573646, "経度": 133.560704, "url": "https://www.iryou.teikyouseido.mhlw.go.jp/znk-web/juminkanja/S2430/initialize?prefCd=39&kikanCd=2393154410&kikanKbn=2", "url2": "http://www.satoseikei-cl.jp/", "内容": "さとう整形外科・手のクリニック【2:診療所】【診療科目:整形外科_リハビリテーション科】高知県高知市北川添２０番１５号" }, "geometry": { "type": "Point", "coordinates": [ 133.560704, 33.573646 ] } },
{ "type": "Feature", "properties": { "ID": 3922393155260, "正式名称": "高知中央クリニック", "機関区分": 2, "都道府県コード": 39, "市区町村コード": 201, "所在地": "高知県高知市杉井流１４番１５号", "緯度": 33.56992, "経度": 133.55777, "url": "https://www.iryou.teikyouseido.mhlw.go.jp/znk-web/juminkanja/S2430/initialize?prefCd=39&kikanCd=2393155260&kikanKbn=2", "url2": "http://www.kochicentralclinic.net", "内容": "高知中央クリニック【2:診療所】【診療科目:内科_消化器内科_漢方内科_外科_小児科_皮膚科】高知県高知市杉井流１４番１５号" }, "geometry": { "type": "Point", "coordinates": [ 133.55777, 33.56992 ] } },
{ "type": "Feature", "properties": { "ID": 3922393155840, "正式名称": "みなみ在宅クリニック", "機関区分": 2, "都道府県コード": 39, "市区町村コード": 201, "所在地": "高知県高知市南御座５ー２９", "緯度": 33.565995, "経度": 133.563395, "url": "https://www.iryou.teikyouseido.mhlw.go.jp/znk-web/juminkanja/S2430/initialize?prefCd=39&kikanCd=2393155840&kikanKbn=2", "url2": "https://minamizaitaku.com/", "内容": "みなみ在宅クリニック【2:診療所】【診療科目:内科】高知県高知市南御座５ー２９" }, "geometry": { "type": "Point", "coordinates": [ 133.563395, 33.565995 ] } },
{ "type": "Feature", "properties": { "ID": 3922393160150, "正式名称": "内科・小児科つむぎ診療所", "機関区分": 2, "都道府県コード": 39, "市区町村コード": 201, "所在地": "高知県高知市瀬戸１丁目２－５８", "緯度": 33.512162, "経度": 133.544926, "url": "https://www.iryou.teikyouseido.mhlw.go.jp/znk-web/juminkanja/S2430/initialize?prefCd=39&kikanCd=2393160150&kikanKbn=2", "url2": "https://tsumugi-cl.com/", "内容": "内科・小児科つむぎ診療所【2:診療所】【診療科目:内科_小児科】高知県高知市瀬戸１丁目２－５８" }, "geometry": { "type": "Point", "coordinates": [ 133.544926, 33.512162 ] } },
{ "type": "Feature", "properties": { "ID": 3922393163500, "正式名称": "一宮皮フ科", "機関区分": 2, "都道府県コード": 39, "市区町村コード": 201, "所在地": "高知県高知市一宮南町１ー１５ー１３マルナカ高知インター店２階", "緯度": 33.580795, "経度": 133.56429, "url": "https://www.iryou.teikyouseido.mhlw.go.jp/znk-web/juminkanja/S2430/initialize?prefCd=39&kikanCd=2393163500&kikanKbn=2", "url2": null, "内容": "一宮皮フ科【2:診療所】【診療科目:皮膚科】高知県高知市一宮南町１ー１５ー１３マルナカ高知インター店２階" }, "geometry": { "type": "Point", "coordinates": [ 133.56429, 33.580795 ] } },
{ "type": "Feature", "properties": { "ID": 3922393163630, "正式名称": "救護施設誠和園医務室", "機関区分": 2, "都道府県コード": 39, "市区町村コード": 201, "所在地": "高知県高知市一宮南町１丁目４番７４号", "緯度": 33.578067, "経度": 133.565211, "url": "https://www.iryou.teikyouseido.mhlw.go.jp/znk-web/juminkanja/S2430/initialize?prefCd=39&kikanCd=2393163630&kikanKbn=2", "url2": null, "内容": "救護施設誠和園医務室【2:診療所】【診療科目:その他】高知県高知市一宮南町１丁目４番７４号" }, "geometry": { "type": "Point", "coordinates": [ 133.565211, 33.578067 ] } },
{ "type": "Feature", "properties": { "ID": 3922393163760, "正式名称": "ふくだ整形外科クリニック", "機関区分": 2, "都道府県コード": 39, "市区町村コード": 201, "所在地": "高知県高知市一宮南町１丁目１５－１３", "緯度": 33.580944, "経度": 133.567176, "url": "https://www.iryou.teikyouseido.mhlw.go.jp/znk-web/juminkanja/S2430/initialize?prefCd=39&kikanCd=2393163760&kikanKbn=2", "url2": "https://www.fukuda-seikeigeka.jp", "内容": "ふくだ整形外科クリニック【2:診療所】【診療科目:整形外科_リウマチ科_リハビリテーション科】高知県高知市一宮南町１丁目１５－１３" }, "geometry": { "type": "Point", "coordinates": [ 133.567176, 33.580944 ] } },
{ "type": "Feature", "properties": { "ID": 3922393168550, "正式名称": "ともざわ整形外科・リウマチクリニック", "機関区分": 2, "都道府県コード": 39, "市区町村コード": 201, "所在地": "高知県高知市鵜来巣１１番３８ー１０号あさくらメディカルビル１Ｆ", "緯度": 33.540904, "経度": 133.483859, "url": "https://www.iryou.teikyouseido.mhlw.go.jp/znk-web/juminkanja/S2430/initialize?prefCd=39&kikanCd=2393168550&kikanKbn=2", "url2": "https://tomozawa-seikei.com/", "内容": "ともざわ整形外科・リウマチクリニック【2:診療所】【診療科目:整形外科_リウマチ科_リハビリテーション科】高知県高知市鵜来巣１１番３８ー１０号あさくらメディカルビル１Ｆ" }, "geometry": { "type": "Point", "coordinates": [ 133.483859, 33.540904 ] } },
{ "type": "Feature", "properties": { "ID": 3922393169140, "正式名称": "医療法人社団陽晴会　とさみずき眼科", "機関区分": 2, "都道府県コード": 39, "市区町村コード": 201, "所在地": "高知県高知市秦南町一丁目４番８号２階", "緯度": 33.576567, "経度": 133.542573, "url": "https://www.iryou.teikyouseido.mhlw.go.jp/znk-web/juminkanja/S2430/initialize?prefCd=39&kikanCd=2393169140&kikanKbn=2", "url2": "https://tosamizuki-ganka.jp/index.html", "内容": "医療法人社団陽晴会　とさみずき眼科【2:診療所】【診療科目:眼科】高知県高知市秦南町一丁目４番８号２階" }, "geometry": { "type": "Point", "coordinates": [ 133.542573, 33.576567 ] } },
{ "type": "Feature", "properties": { "ID": 3922393169270, "正式名称": "高知こころクリニック", "機関区分": 2, "都道府県コード": 39, "市区町村コード": 201, "所在地": "高知県高知市一宮南町一丁目１５ー１３マルナカ高知インター店２Ｆ", "緯度": 33.578928, "経度": 133.567897, "url": "https://www.iryou.teikyouseido.mhlw.go.jp/znk-web/juminkanja/S2430/initialize?prefCd=39&kikanCd=2393169270&kikanKbn=2", "url2": null, "内容": "高知こころクリニック【2:診療所】【診療科目:内科_精神科_心療内科】高知県高知市一宮南町一丁目１５ー１３マルナカ高知インター店２Ｆ" }, "geometry": { "type": "Point", "coordinates": [ 133.567897, 33.578928 ] } },
{ "type": "Feature", "properties": { "ID": 3922393170540, "正式名称": "特定医療法人仁泉会朝倉さわやかクリニック", "機関区分": 2, "都道府県コード": 39, "市区町村コード": 201, "所在地": "高知県高知市朝倉丙", "緯度": 33.552172, "経度": 133.489008, "url": "https://www.iryou.teikyouseido.mhlw.go.jp/znk-web/juminkanja/S2430/initialize?prefCd=39&kikanCd=2393170540&kikanKbn=2", "url2": "https://asakura-hospital.jp/outline/", "内容": "特定医療法人仁泉会朝倉さわやかクリニック【2:診療所】【診療科目:内科_循環器内科_心療内科】高知県高知市朝倉丙" }, "geometry": { "type": "Point", "coordinates": [ 133.489008, 33.552172 ] } },
{ "type": "Feature", "properties": { "ID": 3922393175170, "正式名称": "駅前クリニック", "機関区分": 2, "都道府県コード": 39, "市区町村コード": 201, "所在地": "高知県高知市新本町１丁目１４ー３メディパーク高知駅３階", "緯度": 33.568949, "経度": 133.543367, "url": "https://www.iryou.teikyouseido.mhlw.go.jp/znk-web/juminkanja/S2430/initialize?prefCd=39&kikanCd=2393175170&kikanKbn=2", "url2": "https://ekimae-clinic.jp/", "内容": "駅前クリニック【2:診療所】【診療科目:内科_脳神経外科】高知県高知市新本町１丁目１４ー３メディパーク高知駅３階" }, "geometry": { "type": "Point", "coordinates": [ 133.543367, 33.568949 ] } },
{ "type": "Feature", "properties": { "ID": 3922393180220, "正式名称": "なかの耳鼻咽喉科", "機関区分": 2, "都道府県コード": 39, "市区町村コード": 201, "所在地": "高知県高知市鵜来巣１１ー３８ー１０　あさくらメディカルビル２Ｆ", "緯度": 33.540918, "経度": 133.483896, "url": "https://www.iryou.teikyouseido.mhlw.go.jp/znk-web/juminkanja/S2430/initialize?prefCd=39&kikanCd=2393180220&kikanKbn=2", "url2": "https://nakanojibika.com/", "内容": "なかの耳鼻咽喉科【2:診療所】【診療科目:耳鼻いんこう科】高知県高知市鵜来巣１１ー３８ー１０　あさくらメディカルビル２Ｆ" }, "geometry": { "type": "Point", "coordinates": [ 133.483896, 33.540918 ] } },
{ "type": "Feature", "properties": { "ID": 3922393180640, "正式名称": "医療法人薫風会　けやまクリニック", "機関区分": 2, "都道府県コード": 39, "市区町村コード": 201, "所在地": "高知県高知市知寄町一丁目１番２７号", "緯度": 33.559089, "経度": 133.556534, "url": "https://www.iryou.teikyouseido.mhlw.go.jp/znk-web/juminkanja/S2430/initialize?prefCd=39&kikanCd=2393180640&kikanKbn=2", "url2": "https://keyama-clinic.com", "内容": "医療法人薫風会　けやまクリニック【2:診療所】【診療科目:形成外科_美容外科_産婦人科_皮膚科】高知県高知市知寄町一丁目１番２７号" }, "geometry": { "type": "Point", "coordinates": [ 133.556534, 33.559089 ] } },
{ "type": "Feature", "properties": { "ID": 3922393180800, "正式名称": "エミナルクリニック高知院", "機関区分": 2, "都道府県コード": 39, "市区町村コード": 201, "所在地": "高知県高知市本町２丁目２−２９畑山ビル３階", "緯度": 33.55789, "経度": 133.537761, "url": "https://www.iryou.teikyouseido.mhlw.go.jp/znk-web/juminkanja/S2430/initialize?prefCd=39&kikanCd=2393180800&kikanKbn=2", "url2": null, "内容": "エミナルクリニック高知院【2:診療所】【診療科目:美容皮膚科】高知県高知市本町２丁目２−２９畑山ビル３階" }, "geometry": { "type": "Point", "coordinates": [ 133.537761, 33.55789 ] } },
{ "type": "Feature", "properties": { "ID": 3922393180930, "正式名称": "ＴＣＢ　東京中央美容外科・ＴＣＢ　スキンクリニック　高知院", "機関区分": 2, "都道府県コード": 39, "市区町村コード": 201, "所在地": "高知県高知市はりまや町二丁目３番３号はりまやビル１階・２階", "緯度": 33.561953, "経度": 133.543556, "url": "https://www.iryou.teikyouseido.mhlw.go.jp/znk-web/juminkanja/S2430/initialize?prefCd=39&kikanCd=2393180930&kikanKbn=2", "url2": "https://aoki-tsuyoshi.com/", "内容": "ＴＣＢ　東京中央美容外科・ＴＣＢ　スキンクリニック　高知院【2:診療所】【診療科目:形成外科_美容外科_皮膚科_美容皮膚科】高知県高知市はりまや町二丁目３番３号はりまやビル１階・２階" }, "geometry": { "type": "Point", "coordinates": [ 133.543556, 33.561953 ] } },
{ "type": "Feature", "properties": { "ID": 3922393182790, "正式名称": "ひよこクリニック", "機関区分": 2, "都道府県コード": 39, "市区町村コード": 201, "所在地": "高知県高知市朝倉東町２５－３ムーンハウス３階３０１", "緯度": 33.544267, "経度": 133.497328, "url": "https://www.iryou.teikyouseido.mhlw.go.jp/znk-web/juminkanja/S2430/initialize?prefCd=39&kikanCd=2393182790&kikanKbn=2", "url2": null, "内容": "ひよこクリニック【2:診療所】【診療科目:内科_皮膚科_精神科】高知県高知市朝倉東町２５－３ムーンハウス３階３０１" }, "geometry": { "type": "Point", "coordinates": [ 133.497328, 33.544267 ] } },
{ "type": "Feature", "properties": { "ID": 3922393182950, "正式名称": "医療法人ＯＳおおしお内科クリニック", "機関区分": 2, "都道府県コード": 39, "市区町村コード": 201, "所在地": "高知県高知市福井町８１１－１福井メディコプラザ内１階左", "緯度": 33.569946, "経度": 133.50764, "url": "https://www.iryou.teikyouseido.mhlw.go.jp/znk-web/juminkanja/S2430/initialize?prefCd=39&kikanCd=2393182950&kikanKbn=2", "url2": "https://oshio-cl.com", "内容": "医療法人ＯＳおおしお内科クリニック【2:診療所】【診療科目:内科_消化器内科】高知県高知市福井町８１１－１福井メディコプラザ内１階左" }, "geometry": { "type": "Point", "coordinates": [ 133.50764, 33.569946 ] } },
{ "type": "Feature", "properties": { "ID": 3922393183090, "正式名称": "やまと診療所高知", "機関区分": 2, "都道府県コード": 39, "市区町村コード": 201, "所在地": "高知県高知市吉田町２－８", "緯度": 33.571031, "経度": 133.533899, "url": "https://www.iryou.teikyouseido.mhlw.go.jp/znk-web/juminkanja/S2430/initialize?prefCd=39&kikanCd=2393183090&kikanKbn=2", "url2": "https://kochi.yamatoclinic.org/", "内容": "やまと診療所高知【2:診療所】【診療科目:内科_小児科】高知県高知市吉田町２－８" }, "geometry": { "type": "Point", "coordinates": [ 133.533899, 33.571031 ] } },
{ "type": "Feature", "properties": { "ID": 3922393183210, "正式名称": "湘南美容クリニック高知院", "機関区分": 2, "都道府県コード": 39, "市区町村コード": 201, "所在地": "高知県高知市はりまや町１丁目５番１号　電鉄ターミナルビル６階", "緯度": 33.559703, "経度": 133.543363, "url": "https://www.iryou.teikyouseido.mhlw.go.jp/znk-web/juminkanja/S2430/initialize?prefCd=39&kikanCd=2393183210&kikanKbn=2", "url2": "https://www.s-b-c.net/clinic/branch/kouchi/", "内容": "湘南美容クリニック高知院【2:診療所】【診療科目:美容外科_美容皮膚科】高知県高知市はりまや町１丁目５番１号　電鉄ターミナルビル６階" }, "geometry": { "type": "Point", "coordinates": [ 133.543363, 33.559703 ] } },
{ "type": "Feature", "properties": { "ID": 3922393185300, "正式名称": "社会医療法人　仁生会　ほそぎ診療所", "機関区分": 2, "都道府県コード": 39, "市区町村コード": 201, "所在地": "高知県高知市大膳町１番２５号", "緯度": 33.559044, "経度": 133.523439, "url": "https://www.iryou.teikyouseido.mhlw.go.jp/znk-web/juminkanja/S2430/initialize?prefCd=39&kikanCd=2393185300&kikanKbn=2", "url2": null, "内容": "社会医療法人　仁生会　ほそぎ診療所【2:診療所】【診療科目:内科】高知県高知市大膳町１番２５号" }, "geometry": { "type": "Point", "coordinates": [ 133.523439, 33.559044 ] } },
{ "type": "Feature", "properties": { "ID": 3922393187030, "正式名称": "医療法人　鳴子会　菜の花診療所", "機関区分": 2, "都道府県コード": 39, "市区町村コード": 201, "所在地": "高知県高知市東雲町２番１５号", "緯度": 33.559599, "経度": 133.561359, "url": "https://www.iryou.teikyouseido.mhlw.go.jp/znk-web/juminkanja/S2430/initialize?prefCd=39&kikanCd=2393187030&kikanKbn=2", "url2": "https://www.nanohana-cl.jp/inquiry.html", "内容": "医療法人　鳴子会　菜の花診療所【2:診療所】【診療科目:精神科_神経科_心療内科】高知県高知市東雲町２番１５号" }, "geometry": { "type": "Point", "coordinates": [ 133.561359, 33.559599 ] } },
{ "type": "Feature", "properties": { "ID": 3922393190870, "正式名称": "高知なないろ在宅クリニック", "機関区分": 2, "都道府県コード": 39, "市区町村コード": 201, "所在地": "高知県高知市比島町２丁目１３番６号", "緯度": 33.572081, "経度": 133.553243, "url": "https://www.iryou.teikyouseido.mhlw.go.jp/znk-web/juminkanja/S2430/initialize?prefCd=39&kikanCd=2393190870&kikanKbn=2", "url2": null, "内容": "高知なないろ在宅クリニック【2:診療所】【診療科目:内科】高知県高知市比島町２丁目１３番６号" }, "geometry": { "type": "Point", "coordinates": [ 133.553243, 33.572081 ] } },
{ "type": "Feature", "properties": { "ID": 3922395100990, "正式名称": "地方職員共済組合　高知診療所", "機関区分": 2, "都道府県コード": 39, "市区町村コード": 201, "所在地": "高知県高知市丸ノ内１丁目２－２０", "緯度": 33.559721, "経度": 133.531112, "url": "https://www.iryou.teikyouseido.mhlw.go.jp/znk-web/juminkanja/S2430/initialize?prefCd=39&kikanCd=2395100990&kikanKbn=2", "url2": null, "内容": "地方職員共済組合　高知診療所【2:診療所】【診療科目:内科】高知県高知市丸ノ内１丁目２－２０" }, "geometry": { "type": "Point", "coordinates": [ 133.531112, 33.559721 ] } },
{ "type": "Feature", "properties": { "ID": 3922395103050, "正式名称": "医療法人玉木会　潮江皮膚科診療所", "機関区分": 2, "都道府県コード": 39, "市区町村コード": 201, "所在地": "高知県高知市百石町　２ー７ー１３", "緯度": 33.548882, "経度": 133.544123, "url": "https://www.iryou.teikyouseido.mhlw.go.jp/znk-web/juminkanja/S2430/initialize?prefCd=39&kikanCd=2395103050&kikanKbn=2", "url2": null, "内容": "医療法人玉木会　潮江皮膚科診療所【2:診療所】【診療科目:皮膚科】高知県高知市百石町　２ー７ー１３" }, "geometry": { "type": "Point", "coordinates": [ 133.544123, 33.548882 ] } },
{ "type": "Feature", "properties": { "ID": 3922395104930, "正式名称": "国見産婦人科", "機関区分": 2, "都道府県コード": 39, "市区町村コード": 201, "所在地": "高知県高知市本町４－２－３０", "緯度": 33.557404, "経度": 133.532806, "url": "https://www.iryou.teikyouseido.mhlw.go.jp/znk-web/juminkanja/S2430/initialize?prefCd=39&kikanCd=2395104930&kikanKbn=2", "url2": "https://kunimi-baby.sakura.ne.jp/", "内容": "国見産婦人科【2:診療所】【診療科目:産婦人科】高知県高知市本町４－２－３０" }, "geometry": { "type": "Point", "coordinates": [ 133.532806, 33.557404 ] } },
{ "type": "Feature", "properties": { "ID": 3922395106110, "正式名称": "猿田皮膚科診療所", "機関区分": 2, "都道府県コード": 39, "市区町村コード": 201, "所在地": "高知県高知市升形４－２５", "緯度": 33.55811, "経度": 133.528929, "url": "https://www.iryou.teikyouseido.mhlw.go.jp/znk-web/juminkanja/S2430/initialize?prefCd=39&kikanCd=2395106110&kikanKbn=2", "url2": null, "内容": "猿田皮膚科診療所【2:診療所】【診療科目:皮膚科】高知県高知市升形４－２５" }, "geometry": { "type": "Point", "coordinates": [ 133.528929, 33.55811 ] } },
{ "type": "Feature", "properties": { "ID": 3922395108000, "正式名称": "出原診療所", "機関区分": 2, "都道府県コード": 39, "市区町村コード": 201, "所在地": "高知県高知市永国寺町", "緯度": 33.562859, "経度": 133.535112, "url": "https://www.iryou.teikyouseido.mhlw.go.jp/znk-web/juminkanja/S2430/initialize?prefCd=39&kikanCd=2395108000&kikanKbn=2", "url2": null, "内容": "出原診療所【2:診療所】【診療科目:内科_麻酔科】高知県高知市永国寺町" }, "geometry": { "type": "Point", "coordinates": [ 133.535112, 33.562859 ] } },
{ "type": "Feature", "properties": { "ID": 3922395109300, "正式名称": "純クリニック", "機関区分": 2, "都道府県コード": 39, "市区町村コード": 201, "所在地": "高知県高知市栄田町１丁目２－１６", "緯度": 33.567808, "経度": 133.541559, "url": "https://www.iryou.teikyouseido.mhlw.go.jp/znk-web/juminkanja/S2430/initialize?prefCd=39&kikanCd=2395109300&kikanKbn=2", "url2": null, "内容": "純クリニック【2:診療所】【診療科目:内科_整形外科】高知県高知市栄田町１丁目２－１６" }, "geometry": { "type": "Point", "coordinates": [ 133.541559, 33.567808 ] } },
{ "type": "Feature", "properties": { "ID": 3922395112560, "正式名称": "塩見整形外科", "機関区分": 2, "都道府県コード": 39, "市区町村コード": 201, "所在地": "高知県高知市瀬戸南町１ー２ー３０", "緯度": 33.509932, "経度": 133.54366, "url": "https://www.iryou.teikyouseido.mhlw.go.jp/znk-web/juminkanja/S2430/initialize?prefCd=39&kikanCd=2395112560&kikanKbn=2", "url2": null, "内容": "塩見整形外科【2:診療所】【診療科目:内科_外科_整形外科_リハビリテーション科】高知県高知市瀬戸南町１ー２ー３０" }, "geometry": { "type": "Point", "coordinates": [ 133.54366, 33.509932 ] } },
{ "type": "Feature", "properties": { "ID": 3922395112690, "正式名称": "けら小児科アレルギー科", "機関区分": 2, "都道府県コード": 39, "市区町村コード": 201, "所在地": "高知県高知市介良３５２－１", "緯度": 33.565096, "経度": 133.614009, "url": "https://www.iryou.teikyouseido.mhlw.go.jp/znk-web/juminkanja/S2430/initialize?prefCd=39&kikanCd=2395112690&kikanKbn=2", "url2": "https://www.kera-ped.com", "内容": "けら小児科アレルギー科【2:診療所】【診療科目:内科_小児科_アレルギー科】高知県高知市介良３５２－１" }, "geometry": { "type": "Point", "coordinates": [ 133.614009, 33.565096 ] } },
{ "type": "Feature", "properties": { "ID": 3922395113280, "正式名称": "医療法人三宮会　三宮心療クリニック", "機関区分": 2, "都道府県コード": 39, "市区町村コード": 201, "所在地": "高知県高知市愛宕町３丁目１１番２７号", "緯度": 33.571855, "経度": 133.538022, "url": "https://www.iryou.teikyouseido.mhlw.go.jp/znk-web/juminkanja/S2430/initialize?prefCd=39&kikanCd=2395113280&kikanKbn=2", "url2": null, "内容": "医療法人三宮会　三宮心療クリニック【2:診療所】【診療科目:精神科_心療内科】高知県高知市愛宕町３丁目１１番２７号" }, "geometry": { "type": "Point", "coordinates": [ 133.538022, 33.571855 ] } },
{ "type": "Feature", "properties": { "ID": 3922395113440, "正式名称": "織田医院", "機関区分": 2, "都道府県コード": 39, "市区町村コード": 201, "所在地": "高知県高知市愛宕山１００", "緯度": 33.57768, "経度": 133.536585, "url": "https://www.iryou.teikyouseido.mhlw.go.jp/znk-web/juminkanja/S2430/initialize?prefCd=39&kikanCd=2395113440&kikanKbn=2", "url2": null, "内容": "織田医院【2:診療所】【診療科目:眼科】高知県高知市愛宕山１００" }, "geometry": { "type": "Point", "coordinates": [ 133.536585, 33.57768 ] } },
{ "type": "Feature", "properties": { "ID": 3922395113600, "正式名称": "藤井クリニック", "機関区分": 2, "都道府県コード": 39, "市区町村コード": 201, "所在地": "高知県高知市朝倉乙９８８", "緯度": 33.550309, "経度": 133.483789, "url": "https://www.iryou.teikyouseido.mhlw.go.jp/znk-web/juminkanja/S2430/initialize?prefCd=39&kikanCd=2395113600&kikanKbn=2", "url2": null, "内容": "藤井クリニック【2:診療所】【診療科目:内科_消化器内科】高知県高知市朝倉乙９８８" }, "geometry": { "type": "Point", "coordinates": [ 133.483789, 33.550309 ] } },
{ "type": "Feature", "properties": { "ID": 3922395114290, "正式名称": "伊藤整形外科", "機関区分": 2, "都道府県コード": 39, "市区町村コード": 201, "所在地": "高知県高知市介良乙１０４９", "緯度": 33.561699, "経度": 133.596275, "url": "https://www.iryou.teikyouseido.mhlw.go.jp/znk-web/juminkanja/S2430/initialize?prefCd=39&kikanCd=2395114290&kikanKbn=2", "url2": null, "内容": "伊藤整形外科【2:診療所】【診療科目:整形外科_リハビリテーション科】高知県高知市介良乙１０４９" }, "geometry": { "type": "Point", "coordinates": [ 133.596275, 33.561699 ] } },
{ "type": "Feature", "properties": { "ID": 3922395115330, "正式名称": "医療法人しぶや会　あさひ石川クリニック", "機関区分": 2, "都道府県コード": 39, "市区町村コード": 201, "所在地": "高知県高知市中須賀町１０７", "緯度": 33.557809, "経度": 133.50934, "url": "https://www.iryou.teikyouseido.mhlw.go.jp/znk-web/juminkanja/S2430/initialize?prefCd=39&kikanCd=2395115330&kikanKbn=2", "url2": null, "内容": "医療法人しぶや会　あさひ石川クリニック【2:診療所】【診療科目:内科_循環器内科_消化器内科_外科_乳腺・内分泌外科_リハビリテーション科_放射線科】高知県高知市中須賀町１０７" }, "geometry": { "type": "Point", "coordinates": [ 133.50934, 33.557809 ] } },
{ "type": "Feature", "properties": { "ID": 3922395115750, "正式名称": "もりもと整形外科・内科", "機関区分": 2, "都道府県コード": 39, "市区町村コード": 201, "所在地": "高知県高知市朝倉本町", "緯度": 33.546037, "経度": 133.487178, "url": "https://www.iryou.teikyouseido.mhlw.go.jp/znk-web/juminkanja/S2430/initialize?prefCd=39&kikanCd=2395115750&kikanKbn=2", "url2": "http://morimotoseikei.jp/", "内容": "もりもと整形外科・内科【2:診療所】【診療科目:内科_整形外科_リハビリテーション科】高知県高知市朝倉本町" }, "geometry": { "type": "Point", "coordinates": [ 133.487178, 33.546037 ] } },
{ "type": "Feature", "properties": { "ID": 3922395117480, "正式名称": "くぼぞえ外科胃腸内科", "機関区分": 2, "都道府県コード": 39, "市区町村コード": 201, "所在地": "高知県高知市相生町１－２０", "緯度": 33.565242, "経度": 133.544794, "url": "https://www.iryou.teikyouseido.mhlw.go.jp/znk-web/juminkanja/S2430/initialize?prefCd=39&kikanCd=2395117480&kikanKbn=2", "url2": "http://www.myclinic.ne.jp/kubozoe/", "内容": "くぼぞえ外科胃腸内科【2:診療所】【診療科目:内科_胃腸内科_外科_肛門外科_整形外科_リハビリテーション科_放射線科】高知県高知市相生町１－２０" }, "geometry": { "type": "Point", "coordinates": [ 133.544794, 33.565242 ] } },
{ "type": "Feature", "properties": { "ID": 3922395118070, "正式名称": "刈谷皮膚科", "機関区分": 2, "都道府県コード": 39, "市区町村コード": 201, "所在地": "高知県高知市上町５ー５ー１６", "緯度": 33.556775, "経度": 133.51739, "url": "https://www.iryou.teikyouseido.mhlw.go.jp/znk-web/juminkanja/S2430/initialize?prefCd=39&kikanCd=2395118070&kikanKbn=2", "url2": null, "内容": "刈谷皮膚科【2:診療所】【診療科目:皮膚科】高知県高知市上町５ー５ー１６" }, "geometry": { "type": "Point", "coordinates": [ 133.51739, 33.556775 ] } },
{ "type": "Feature", "properties": { "ID": 3922395119820, "正式名称": "福森内科クリニック", "機関区分": 2, "都道府県コード": 39, "市区町村コード": 201, "所在地": "高知県高知市葛島２ー３ー２１", "緯度": 33.556702, "経度": 133.572668, "url": "https://www.iryou.teikyouseido.mhlw.go.jp/znk-web/juminkanja/S2430/initialize?prefCd=39&kikanCd=2395119820&kikanKbn=2", "url2": "http://www.fukumorinaikaclinic.jp", "内容": "福森内科クリニック【2:診療所】【診療科目:内科_消化器内科_放射線科】高知県高知市葛島２ー３ー２１" }, "geometry": { "type": "Point", "coordinates": [ 133.572668, 33.556702 ] } },
{ "type": "Feature", "properties": { "ID": 3922395120510, "正式名称": "かもだの診療所", "機関区分": 2, "都道府県コード": 39, "市区町村コード": 201, "所在地": "高知県高知市鴨部２丁目１－１６", "緯度": 33.549478, "経度": 133.505453, "url": "https://www.iryou.teikyouseido.mhlw.go.jp/znk-web/juminkanja/S2430/initialize?prefCd=39&kikanCd=2395120510&kikanKbn=2", "url2": "http://www.kamodano-cl.jp/", "内容": "かもだの診療所【2:診療所】【診療科目:内科_外科_肛門外科】高知県高知市鴨部２丁目１－１６" }, "geometry": { "type": "Point", "coordinates": [ 133.505453, 33.549478 ] } },
{ "type": "Feature", "properties": { "ID": 3922395121070, "正式名称": "梅原産科婦人科", "機関区分": 2, "都道府県コード": 39, "市区町村コード": 201, "所在地": "高知県高知市瀬戸南町２ー１ー１０", "緯度": 33.508838, "経度": 133.543932, "url": "https://www.iryou.teikyouseido.mhlw.go.jp/znk-web/juminkanja/S2430/initialize?prefCd=39&kikanCd=2395121070&kikanKbn=2", "url2": null, "内容": "梅原産科婦人科【2:診療所】【診療科目:産婦人科】高知県高知市瀬戸南町２ー１ー１０" }, "geometry": { "type": "Point", "coordinates": [ 133.543932, 33.508838 ] } },
{ "type": "Feature", "properties": { "ID": 3922395121100, "正式名称": "高知市休日夜間急患センター・平日夜間小児急患セン夕ー", "機関区分": 2, "都道府県コード": 39, "市区町村コード": 201, "所在地": "高知県高知市丸ノ内", "緯度": 33.560079, "経度": 133.52784, "url": "https://www.iryou.teikyouseido.mhlw.go.jp/znk-web/juminkanja/S2430/initialize?prefCd=39&kikanCd=2395121100&kikanKbn=2", "url2": "https://www.kochi-med.or.jp/emergency_center/", "内容": "高知市休日夜間急患センター・平日夜間小児急患セン夕ー【2:診療所】【診療科目:内科_小児科_眼科_耳鼻いんこう科】高知県高知市丸ノ内" }, "geometry": { "type": "Point", "coordinates": [ 133.52784, 33.560079 ] } },
{ "type": "Feature", "properties": { "ID": 3922395121230, "正式名称": "川村整形外科", "機関区分": 2, "都道府県コード": 39, "市区町村コード": 201, "所在地": "高知県高知市曙町１丁目１９ー１", "緯度": 33.55104, "経度": 133.492174, "url": "https://www.iryou.teikyouseido.mhlw.go.jp/znk-web/juminkanja/S2430/initialize?prefCd=39&kikanCd=2395121230&kikanKbn=2", "url2": null, "内容": "川村整形外科【2:診療所】【診療科目:内科_整形外科_リハビリテーション科_麻酔科】高知県高知市曙町１丁目１９ー１" }, "geometry": { "type": "Point", "coordinates": [ 133.492174, 33.55104 ] } },
{ "type": "Feature", "properties": { "ID": 3922395121650, "正式名称": "山﨑内科泌尿器科", "機関区分": 2, "都道府県コード": 39, "市区町村コード": 201, "所在地": "高知県高知市朝倉横町１０ー４５", "緯度": 33.546695, "経度": 133.491939, "url": "https://www.iryou.teikyouseido.mhlw.go.jp/znk-web/juminkanja/S2430/initialize?prefCd=39&kikanCd=2395121650&kikanKbn=2", "url2": null, "内容": "山﨑内科泌尿器科【2:診療所】【診療科目:内科_脂質代謝内科_糖尿病・代謝内科_消化器内科_胃腸内科_内視鏡内科_アレルギー疾患内科_小児科_泌尿器科_放射線科】高知県高知市朝倉横町１０ー４５" }, "geometry": { "type": "Point", "coordinates": [ 133.491939, 33.546695 ] } },
{ "type": "Feature", "properties": { "ID": 3922395121810, "正式名称": "森本眼科内科", "機関区分": 2, "都道府県コード": 39, "市区町村コード": 201, "所在地": "高知県高知市中宝永町７ー２１", "緯度": 33.55849, "経度": 133.55487, "url": "https://www.iryou.teikyouseido.mhlw.go.jp/znk-web/juminkanja/S2430/initialize?prefCd=39&kikanCd=2395121810&kikanKbn=2", "url2": null, "内容": "森本眼科内科【2:診療所】【診療科目:眼科】高知県高知市中宝永町７ー２１" }, "geometry": { "type": "Point", "coordinates": [ 133.55487, 33.55849 ] } },
{ "type": "Feature", "properties": { "ID": 3922395121940, "正式名称": "誠内科", "機関区分": 2, "都道府県コード": 39, "市区町村コード": 201, "所在地": "高知県高知市仁井田４３５０－２", "緯度": 33.517149, "経度": 133.572429, "url": "https://www.iryou.teikyouseido.mhlw.go.jp/znk-web/juminkanja/S2430/initialize?prefCd=39&kikanCd=2395121940&kikanKbn=2", "url2": "https://select-type.com/p/seinaika-home-mobile", "内容": "誠内科【2:診療所】【診療科目:内科_循環器内科】高知県高知市仁井田４３５０－２" }, "geometry": { "type": "Point", "coordinates": [ 133.572429, 33.517149 ] } },
{ "type": "Feature", "properties": { "ID": 3922395124000, "正式名称": "医療法人清流会山本循環器内科・眼科", "機関区分": 2, "都道府県コード": 39, "市区町村コード": 204, "所在地": "高知県南国市駅前町３－１－４１", "緯度": 33.576704, "経度": 133.646842, "url": "https://www.iryou.teikyouseido.mhlw.go.jp/znk-web/juminkanja/S2430/initialize?prefCd=39&kikanCd=2395124000&kikanKbn=2", "url2": "http://www.dryumiclinic.com/248896284", "内容": "医療法人清流会山本循環器内科・眼科【2:診療所】【診療科目:内科_循環器内科_眼科_放射線科】高知県南国市駅前町３－１－４１" }, "geometry": { "type": "Point", "coordinates": [ 133.646842, 33.576704 ] } },
{ "type": "Feature", "properties": { "ID": 3922395124420, "正式名称": "吉本皮膚科", "機関区分": 2, "都道府県コード": 39, "市区町村コード": 204, "所在地": "高知県南国市大そね甲１６９８－１", "緯度": 33.574482, "経度": 133.646945, "url": "https://www.iryou.teikyouseido.mhlw.go.jp/znk-web/juminkanja/S2430/initialize?prefCd=39&kikanCd=2395124420&kikanKbn=2", "url2": null, "内容": "吉本皮膚科【2:診療所】【診療科目:皮膚科】高知県南国市大そね甲１６９８－１" }, "geometry": { "type": "Point", "coordinates": [ 133.646945, 33.574482 ] } },
{ "type": "Feature", "properties": { "ID": 3922395124680, "正式名称": "信貴耳鼻咽喉科", "機関区分": 2, "都道府県コード": 39, "市区町村コード": 204, "所在地": "高知県南国市大そね甲１７７０ー６", "緯度": 33.572601, "経度": 133.646795, "url": "https://www.iryou.teikyouseido.mhlw.go.jp/znk-web/juminkanja/S2430/initialize?prefCd=39&kikanCd=2395124680&kikanKbn=2", "url2": null, "内容": "信貴耳鼻咽喉科【2:診療所】【診療科目:耳鼻いんこう科】高知県南国市大そね甲１７７０ー６" }, "geometry": { "type": "Point", "coordinates": [ 133.646795, 33.572601 ] } },
{ "type": "Feature", "properties": { "ID": 3922395124840, "正式名称": "井坂皮フ科", "機関区分": 2, "都道府県コード": 39, "市区町村コード": 204, "所在地": "高知県南国市大そね甲１５６５", "緯度": 33.571043, "経度": 133.647331, "url": "https://www.iryou.teikyouseido.mhlw.go.jp/znk-web/juminkanja/S2430/initialize?prefCd=39&kikanCd=2395124840&kikanKbn=2", "url2": null, "内容": "井坂皮フ科【2:診療所】【診療科目:皮膚科】高知県南国市大そね甲１５６５" }, "geometry": { "type": "Point", "coordinates": [ 133.647331, 33.571043 ] } },
{ "type": "Feature", "properties": { "ID": 3922395125980, "正式名称": "宮内医院", "機関区分": 2, "都道府県コード": 39, "市区町村コード": 386, "所在地": "高知県吾川郡いの町新町２９番地１", "緯度": 33.547966, "経度": 133.429405, "url": "https://www.iryou.teikyouseido.mhlw.go.jp/znk-web/juminkanja/S2430/initialize?prefCd=39&kikanCd=2395125980&kikanKbn=2", "url2": null, "内容": "宮内医院【2:診療所】【診療科目:耳鼻いんこう科】高知県吾川郡いの町新町２９番地１" }, "geometry": { "type": "Point", "coordinates": [ 133.429405, 33.547966 ] } },
{ "type": "Feature", "properties": { "ID": 3922395126310, "正式名称": "山内内科", "機関区分": 2, "都道府県コード": 39, "市区町村コード": 386, "所在地": "高知県吾川郡いの町枝川２４７－１１", "緯度": 33.552808, "経度": 133.452679, "url": "https://www.iryou.teikyouseido.mhlw.go.jp/znk-web/juminkanja/S2430/initialize?prefCd=39&kikanCd=2395126310&kikanKbn=2", "url2": null, "内容": "山内内科【2:診療所】【診療科目:内科_循環器内科_消化器内科_小児科_放射線科】高知県吾川郡いの町枝川２４７－１１" }, "geometry": { "type": "Point", "coordinates": [ 133.452679, 33.552808 ] } },
{ "type": "Feature", "properties": { "ID": 3922395127030, "正式名称": "春野診療所", "機関区分": 2, "都道府県コード": 39, "市区町村コード": 201, "所在地": "高知県高知市春野町弘岡上１３６", "緯度": 33.505402, "経度": 133.460535, "url": "https://www.iryou.teikyouseido.mhlw.go.jp/znk-web/juminkanja/S2430/initialize?prefCd=39&kikanCd=2395127030&kikanKbn=2", "url2": null, "内容": "春野診療所【2:診療所】【診療科目:内科】高知県高知市春野町弘岡上１３６" }, "geometry": { "type": "Point", "coordinates": [ 133.460535, 33.505402 ] } },
{ "type": "Feature", "properties": { "ID": 3922395127160, "正式名称": "高岩診療所", "機関区分": 2, "都道府県コード": 39, "市区町村コード": 386, "所在地": "高知県吾川郡いの町下八川甲３５０番地１", "緯度": 33.629581, "経度": 133.303452, "url": "https://www.iryou.teikyouseido.mhlw.go.jp/znk-web/juminkanja/S2430/initialize?prefCd=39&kikanCd=2395127160&kikanKbn=2", "url2": "https://okamotokai-sakurahospital.jimdofree.com/%E9%96%A2%E9%80%A3%E3%82%B0%E3%83%AB%E3%83%BC%E3%83%97/%E9%AB%98%E5%B2%A9%E8%A8%BA%E7%99%82%E6%89%80/", "内容": "高岩診療所【2:診療所】【診療科目:内科】高知県吾川郡いの町下八川甲３５０番地１" }, "geometry": { "type": "Point", "coordinates": [ 133.303452, 33.629581 ] } },
{ "type": "Feature", "properties": { "ID": 3922395127740, "正式名称": "秋沢内科", "機関区分": 2, "都道府県コード": 39, "市区町村コード": 201, "所在地": "高知県高知市東雲町８ー４７", "緯度": 33.558813, "経度": 133.564103, "url": "https://www.iryou.teikyouseido.mhlw.go.jp/znk-web/juminkanja/S2430/initialize?prefCd=39&kikanCd=2395127740&kikanKbn=2", "url2": "http://nttbj.itp.ne.jp/0888823770/index.html", "内容": "秋沢内科【2:診療所】【診療科目:内科_循環器内科_消化器内科_精神科_心療内科】高知県高知市東雲町８ー４７" }, "geometry": { "type": "Point", "coordinates": [ 133.564103, 33.558813 ] } },
{ "type": "Feature", "properties": { "ID": 3922395127870, "正式名称": "（医）福井小児科・内科・循環器科", "機関区分": 2, "都道府県コード": 39, "市区町村コード": 201, "所在地": "高知県高知市愛宕町３－１２－３", "緯度": 33.571108, "経度": 133.536997, "url": "https://www.iryou.teikyouseido.mhlw.go.jp/znk-web/juminkanja/S2430/initialize?prefCd=39&kikanCd=2395127870&kikanKbn=2", "url2": "http://www.fukui-shonika.jp/", "内容": "（医）福井小児科・内科・循環器科【2:診療所】【診療科目:内科_循環器内科_小児科】高知県高知市愛宕町３－１２－３" }, "geometry": { "type": "Point", "coordinates": [ 133.536997, 33.571108 ] } },
{ "type": "Feature", "properties": { "ID": 3922395128200, "正式名称": "医療法人穂尚会いちはら内科小児科", "機関区分": 2, "都道府県コード": 39, "市区町村コード": 204, "所在地": "高知県南国市大埇甲１７７５ー１", "緯度": 33.57183, "経度": 133.646973, "url": "https://www.iryou.teikyouseido.mhlw.go.jp/znk-web/juminkanja/S2430/initialize?prefCd=39&kikanCd=2395128200&kikanKbn=2", "url2": null, "内容": "医療法人穂尚会いちはら内科小児科【2:診療所】【診療科目:内科_小児科】高知県南国市大埇甲１７７５ー１" }, "geometry": { "type": "Point", "coordinates": [ 133.646973, 33.57183 ] } },
{ "type": "Feature", "properties": { "ID": 3922395128590, "正式名称": "山崎耳鼻咽喉科", "機関区分": 2, "都道府県コード": 39, "市区町村コード": 201, "所在地": "高知県高知市高須２丁目１７ー２８", "緯度": 33.559757, "経度": 133.589053, "url": "https://www.iryou.teikyouseido.mhlw.go.jp/znk-web/juminkanja/S2430/initialize?prefCd=39&kikanCd=2395128590&kikanKbn=2", "url2": "http://wwwa.pikara.ne.jp/yamasaki3387", "内容": "山崎耳鼻咽喉科【2:診療所】【診療科目:耳鼻いんこう科】高知県高知市高須２丁目１７ー２８" }, "geometry": { "type": "Point", "coordinates": [ 133.589053, 33.559757 ] } },
{ "type": "Feature", "properties": { "ID": 3922395128620, "正式名称": "高知市土佐山へき地診療所", "機関区分": 2, "都道府県コード": 39, "市区町村コード": 201, "所在地": "高知県高知市土佐山桑尾１８４２－２", "緯度": 33.631201, "経度": 133.526802, "url": "https://www.iryou.teikyouseido.mhlw.go.jp/znk-web/juminkanja/S2430/initialize?prefCd=39&kikanCd=2395128620&kikanKbn=2", "url2": null, "内容": "高知市土佐山へき地診療所【2:診療所】【診療科目:内科】高知県高知市土佐山桑尾１８４２－２" }, "geometry": { "type": "Point", "coordinates": [ 133.526802, 33.631201 ] } },
{ "type": "Feature", "properties": { "ID": 3922395129760, "正式名称": "医療法人波川会　田村カルディオクリニック", "機関区分": 2, "都道府県コード": 39, "市区町村コード": 386, "所在地": "高知県吾川郡いの町波川５６３", "緯度": 33.546326, "経度": 133.410711, "url": "https://www.iryou.teikyouseido.mhlw.go.jp/znk-web/juminkanja/S2430/initialize?prefCd=39&kikanCd=2395129760&kikanKbn=2", "url2": "http://www.tamura-cardioclinic.com/", "内容": "医療法人波川会　田村カルディオクリニック【2:診療所】【診療科目:内科_循環器内科_外科_整形外科】高知県吾川郡いの町波川５６３" }, "geometry": { "type": "Point", "coordinates": [ 133.410711, 33.546326 ] } },
{ "type": "Feature", "properties": { "ID": 3922395129920, "正式名称": "医療法人田中会　土佐整形外科", "機関区分": 2, "都道府県コード": 39, "市区町村コード": 201, "所在地": "高知県高知市朝倉甲５０ー６", "緯度": 33.543727, "経度": 133.500704, "url": "https://www.iryou.teikyouseido.mhlw.go.jp/znk-web/juminkanja/S2430/initialize?prefCd=39&kikanCd=2395129920&kikanKbn=2", "url2": "https://tosa-seikei.jp/", "内容": "医療法人田中会　土佐整形外科【2:診療所】【診療科目:整形外科_リハビリテーション科】高知県高知市朝倉甲５０ー６" }, "geometry": { "type": "Point", "coordinates": [ 133.500704, 33.543727 ] } },
{ "type": "Feature", "properties": { "ID": 3922395130320, "正式名称": "藤田皮フ科", "機関区分": 2, "都道府県コード": 39, "市区町村コード": 201, "所在地": "高知県高知市梅ノ辻５ー２５", "緯度": 33.554232, "経度": 133.5439, "url": "https://www.iryou.teikyouseido.mhlw.go.jp/znk-web/juminkanja/S2430/initialize?prefCd=39&kikanCd=2395130320&kikanKbn=2", "url2": null, "内容": "藤田皮フ科【2:診療所】【診療科目:皮膚科】高知県高知市梅ノ辻５ー２５" }, "geometry": { "type": "Point", "coordinates": [ 133.5439, 33.554232 ] } },
{ "type": "Feature", "properties": { "ID": 3922395130750, "正式名称": "こうない坂医院", "機関区分": 2, "都道府県コード": 39, "市区町村コード": 201, "所在地": "高知県高知市朝倉丙１９１７ー３", "緯度": 33.551699, "経度": 133.470735, "url": "https://www.iryou.teikyouseido.mhlw.go.jp/znk-web/juminkanja/S2430/initialize?prefCd=39&kikanCd=2395130750&kikanKbn=2", "url2": null, "内容": "こうない坂医院【2:診療所】【診療科目:皮膚科_泌尿器科】高知県高知市朝倉丙１９１７ー３" }, "geometry": { "type": "Point", "coordinates": [ 133.470735, 33.551699 ] } },
{ "type": "Feature", "properties": { "ID": 3922395130900, "正式名称": "高須どい産婦人科", "機関区分": 2, "都道府県コード": 39, "市区町村コード": 201, "所在地": "高知県高知市高須２丁目１８番１７号", "緯度": 33.560034, "経度": 133.589611, "url": "https://www.iryou.teikyouseido.mhlw.go.jp/znk-web/juminkanja/S2430/initialize?prefCd=39&kikanCd=2395130900&kikanKbn=2", "url2": "http://www.takasudoi.com/", "内容": "高須どい産婦人科【2:診療所】【診療科目:産婦人科_産科_婦人科】高知県高知市高須２丁目１８番１７号" }, "geometry": { "type": "Point", "coordinates": [ 133.589611, 33.560034 ] } },
{ "type": "Feature", "properties": { "ID": 3922395131170, "正式名称": "はるの森澤クリニック", "機関区分": 2, "都道府県コード": 39, "市区町村コード": 201, "所在地": "高知県高知市春野町東諸木３１６３", "緯度": 33.49192, "経度": 133.511127, "url": "https://www.iryou.teikyouseido.mhlw.go.jp/znk-web/juminkanja/S2430/initialize?prefCd=39&kikanCd=2395131170&kikanKbn=2", "url2": "http://morisawaclinic.blogspot.jp/", "内容": "はるの森澤クリニック【2:診療所】【診療科目:内科_消化器内科_肝臓内科_皮膚科】高知県高知市春野町東諸木３１６３" }, "geometry": { "type": "Point", "coordinates": [ 133.511127, 33.49192 ] } },
{ "type": "Feature", "properties": { "ID": 3922395131460, "正式名称": "はまだ産婦人科", "機関区分": 2, "都道府県コード": 39, "市区町村コード": 201, "所在地": "高知県高知市高須３丁目１ー２８", "緯度": 33.562533, "経度": 133.589055, "url": "https://www.iryou.teikyouseido.mhlw.go.jp/znk-web/juminkanja/S2430/initialize?prefCd=39&kikanCd=2395131460&kikanKbn=2", "url2": null, "内容": "はまだ産婦人科【2:診療所】【診療科目:内科_産婦人科】高知県高知市高須３丁目１ー２８" }, "geometry": { "type": "Point", "coordinates": [ 133.589055, 33.562533 ] } },
{ "type": "Feature", "properties": { "ID": 3922395131590, "正式名称": "医療法人若草会高田内科", "機関区分": 2, "都道府県コード": 39, "市区町村コード": 204, "所在地": "高知県南国市大そね乙１２５３ー８", "緯度": 33.566166, "経度": 133.646445, "url": "https://www.iryou.teikyouseido.mhlw.go.jp/znk-web/juminkanja/S2430/initialize?prefCd=39&kikanCd=2395131590&kikanKbn=2", "url2": "http://www.takata-clinic.jp", "内容": "医療法人若草会高田内科【2:診療所】【診療科目:内科_糖尿病内科_内分泌内科_脂質代謝内科_糖尿病・内分泌内科_糖尿病・代謝内科_呼吸器内科_循環器内科_消化器内科_腎臓内科】高知県南国市大そね乙１２５３ー８" }, "geometry": { "type": "Point", "coordinates": [ 133.646445, 33.566166 ] } },
{ "type": "Feature", "properties": { "ID": 3922395131880, "正式名称": "ちかぞえ小児科", "機関区分": 2, "都道府県コード": 39, "市区町村コード": 201, "所在地": "高知県高知市百石町", "緯度": 33.5467, "経度": 133.546561, "url": "https://www.iryou.teikyouseido.mhlw.go.jp/znk-web/juminkanja/S2430/initialize?prefCd=39&kikanCd=2395131880&kikanKbn=2", "url2": "http://www.chikazoe.com/e/index.htm", "内容": "ちかぞえ小児科【2:診療所】【診療科目:内科_小児科】高知県高知市百石町" }, "geometry": { "type": "Point", "coordinates": [ 133.546561, 33.5467 ] } },
{ "type": "Feature", "properties": { "ID": 3922395131910, "正式名称": "医療法人　孝仁会　杉本整形外科", "機関区分": 2, "都道府県コード": 39, "市区町村コード": 201, "所在地": "高知県高知市高須２丁目１８番１９号", "緯度": 33.560034, "経度": 133.589888, "url": "https://www.iryou.teikyouseido.mhlw.go.jp/znk-web/juminkanja/S2430/initialize?prefCd=39&kikanCd=2395131910&kikanKbn=2", "url2": "https://kochi-sugimoto-clinic.or.jp", "内容": "医療法人　孝仁会　杉本整形外科【2:診療所】【診療科目:整形外科_リウマチ科_リハビリテーション科】高知県高知市高須２丁目１８番１９号" }, "geometry": { "type": "Point", "coordinates": [ 133.589888, 33.560034 ] } },
{ "type": "Feature", "properties": { "ID": 3922395132100, "正式名称": "ふたばクリニック", "機関区分": 2, "都道府県コード": 39, "市区町村コード": 201, "所在地": "高知県高知市役知町１５－７", "緯度": 33.554383, "経度": 133.547992, "url": "https://www.iryou.teikyouseido.mhlw.go.jp/znk-web/juminkanja/S2430/initialize?prefCd=39&kikanCd=2395132100&kikanKbn=2", "url2": "http://www.futabaclinic.com/", "内容": "ふたばクリニック【2:診療所】【診療科目:内科_循環器内科_消化器内科】高知県高知市役知町１５－７" }, "geometry": { "type": "Point", "coordinates": [ 133.547992, 33.554383 ] } },
{ "type": "Feature", "properties": { "ID": 3922395132760, "正式名称": "医療法人　壮正会　カジハラ耳鼻咽喉科", "機関区分": 2, "都道府県コード": 39, "市区町村コード": 201, "所在地": "高知県高知市愛宕町２丁目２２－１２", "緯度": 33.569223, "経度": 133.536519, "url": "https://www.iryou.teikyouseido.mhlw.go.jp/znk-web/juminkanja/S2430/initialize?prefCd=39&kikanCd=2395132760&kikanKbn=2", "url2": null, "内容": "医療法人　壮正会　カジハラ耳鼻咽喉科【2:診療所】【診療科目:耳鼻いんこう科】高知県高知市愛宕町２丁目２２－１２" }, "geometry": { "type": "Point", "coordinates": [ 133.536519, 33.569223 ] } },
{ "type": "Feature", "properties": { "ID": 3922395132890, "正式名称": "宮上内科", "機関区分": 2, "都道府県コード": 39, "市区町村コード": 201, "所在地": "高知県高知市朝倉東町５１－１", "緯度": 33.543833, "経度": 133.500023, "url": "https://www.iryou.teikyouseido.mhlw.go.jp/znk-web/juminkanja/S2430/initialize?prefCd=39&kikanCd=2395132890&kikanKbn=2", "url2": null, "内容": "宮上内科【2:診療所】【診療科目:内科_呼吸器内科_循環器内科_消化器内科】高知県高知市朝倉東町５１－１" }, "geometry": { "type": "Point", "coordinates": [ 133.500023, 33.543833 ] } },
{ "type": "Feature", "properties": { "ID": 3922395132920, "正式名称": "内田産婦人科", "機関区分": 2, "都道府県コード": 39, "市区町村コード": 201, "所在地": "高知県高知市南久万３９－２", "緯度": 33.570735, "経度": 133.521307, "url": "https://www.iryou.teikyouseido.mhlw.go.jp/znk-web/juminkanja/S2430/initialize?prefCd=39&kikanCd=2395132920&kikanKbn=2", "url2": null, "内容": "内田産婦人科【2:診療所】【診療科目:産婦人科】高知県高知市南久万３９－２" }, "geometry": { "type": "Point", "coordinates": [ 133.521307, 33.570735 ] } },
{ "type": "Feature", "properties": { "ID": 3922395133190, "正式名称": "伊藤外科　乳腺クリニック", "機関区分": 2, "都道府県コード": 39, "市区町村コード": 201, "所在地": "高知県高知市札場１２－１０", "緯度": 33.564571, "経度": 133.561084, "url": "https://www.iryou.teikyouseido.mhlw.go.jp/znk-web/juminkanja/S2430/initialize?prefCd=39&kikanCd=2395133190&kikanKbn=2", "url2": "http://www.ito-nyusen.or.jp/", "内容": "伊藤外科　乳腺クリニック【2:診療所】【診療科目:外科_乳腺外科】高知県高知市札場１２－１０" }, "geometry": { "type": "Point", "coordinates": [ 133.561084, 33.564571 ] } },
{ "type": "Feature", "properties": { "ID": 3922395133480, "正式名称": "坂井内科小児科", "機関区分": 2, "都道府県コード": 39, "市区町村コード": 201, "所在地": "高知県高知市十津３丁目６ー２８", "緯度": 33.524004, "経度": 133.574242, "url": "https://www.iryou.teikyouseido.mhlw.go.jp/znk-web/juminkanja/S2430/initialize?prefCd=39&kikanCd=2395133480&kikanKbn=2", "url2": null, "内容": "坂井内科小児科【2:診療所】【診療科目:内科_小児科】高知県高知市十津３丁目６ー２８" }, "geometry": { "type": "Point", "coordinates": [ 133.574242, 33.524004 ] } },
{ "type": "Feature", "properties": { "ID": 3922395133510, "正式名称": "こんどうクリニック", "機関区分": 2, "都道府県コード": 39, "市区町村コード": 201, "所在地": "高知県高知市日の出町１ー１１", "緯度": 33.559741, "経度": 133.555748, "url": "https://www.iryou.teikyouseido.mhlw.go.jp/znk-web/juminkanja/S2430/initialize?prefCd=39&kikanCd=2395133510&kikanKbn=2", "url2": "https://www.kouchi-kondo-clinic.com", "内容": "こんどうクリニック【2:診療所】【診療科目:整形外科_リウマチ科_リハビリテーション科】高知県高知市日の出町１ー１１" }, "geometry": { "type": "Point", "coordinates": [ 133.555748, 33.559741 ] } },
{ "type": "Feature", "properties": { "ID": 3922395133770, "正式名称": "寺尾内科クリニック", "機関区分": 2, "都道府県コード": 39, "市区町村コード": 201, "所在地": "高知県高知市はりまや町１⁻５⁻３３土電ビル４Ｆ", "緯度": 33.559682, "経度": 133.543619, "url": "https://www.iryou.teikyouseido.mhlw.go.jp/znk-web/juminkanja/S2430/initialize?prefCd=39&kikanCd=2395133770&kikanKbn=2", "url2": "http://nttbj.itp.ne.jp/0888848880/index.html", "内容": "寺尾内科クリニック【2:診療所】【診療科目:内科_呼吸器内科_循環器内科_消化器内科】高知県高知市はりまや町１⁻５⁻３３土電ビル４Ｆ" }, "geometry": { "type": "Point", "coordinates": [ 133.543619, 33.559682 ] } },
{ "type": "Feature", "properties": { "ID": 3922395134070, "正式名称": "小栗医院", "機関区分": 2, "都道府県コード": 39, "市区町村コード": 204, "所在地": "高知県南国市十市２７０２－４", "緯度": 33.526872, "経度": 133.620304, "url": "https://www.iryou.teikyouseido.mhlw.go.jp/znk-web/juminkanja/S2430/initialize?prefCd=39&kikanCd=2395134070&kikanKbn=2", "url2": "http://www.kochi-web.com/hp1/oguri/index.html", "内容": "小栗医院【2:診療所】【診療科目:内科】高知県南国市十市２７０２－４" }, "geometry": { "type": "Point", "coordinates": [ 133.620304, 33.526872 ] } },
{ "type": "Feature", "properties": { "ID": 3922395134360, "正式名称": "絹川医院", "機関区分": 2, "都道府県コード": 39, "市区町村コード": 201, "所在地": "高知県高知市桟橋通一丁目７ー１７", "緯度": 33.551167, "経度": 133.546303, "url": "https://www.iryou.teikyouseido.mhlw.go.jp/znk-web/juminkanja/S2430/initialize?prefCd=39&kikanCd=2395134360&kikanKbn=2", "url2": "http://www.kinugawaiin.com/", "内容": "絹川医院【2:診療所】【診療科目:内科_糖尿病・代謝内科_呼吸器内科_循環器内科_消化器内科_外科_肛門外科_リハビリテーション科】高知県高知市桟橋通一丁目７ー１７" }, "geometry": { "type": "Point", "coordinates": [ 133.546303, 33.551167 ] } },
{ "type": "Feature", "properties": { "ID": 3922395134520, "正式名称": "大津診療所", "機関区分": 2, "都道府県コード": 39, "市区町村コード": 201, "所在地": "高知県高知市大津乙１９５８ー７", "緯度": 33.571676, "経度": 133.590742, "url": "https://www.iryou.teikyouseido.mhlw.go.jp/znk-web/juminkanja/S2430/initialize?prefCd=39&kikanCd=2395134520&kikanKbn=2", "url2": null, "内容": "大津診療所【2:診療所】【診療科目:内科_消化器内科_麻酔科】高知県高知市大津乙１９５８ー７" }, "geometry": { "type": "Point", "coordinates": [ 133.590742, 33.571676 ] } },
{ "type": "Feature", "properties": { "ID": 3922395134650, "正式名称": "さかもと眼科", "機関区分": 2, "都道府県コード": 39, "市区町村コード": 201, "所在地": "高知県高知市愛宕町１丁目５番８号", "緯度": 33.565866, "経度": 133.537672, "url": "https://www.iryou.teikyouseido.mhlw.go.jp/znk-web/juminkanja/S2430/initialize?prefCd=39&kikanCd=2395134650&kikanKbn=2", "url2": null, "内容": "さかもと眼科【2:診療所】【診療科目:眼科】高知県高知市愛宕町１丁目５番８号" }, "geometry": { "type": "Point", "coordinates": [ 133.537672, 33.565866 ] } },
{ "type": "Feature", "properties": { "ID": 3922395134780, "正式名称": "市川医院", "機関区分": 2, "都道府県コード": 39, "市区町村コード": 201, "所在地": "高知県高知市百石町３ー８ー２０", "緯度": 33.545261, "経度": 133.546669, "url": "https://www.iryou.teikyouseido.mhlw.go.jp/znk-web/juminkanja/S2430/initialize?prefCd=39&kikanCd=2395134780&kikanKbn=2", "url2": null, "内容": "市川医院【2:診療所】【診療科目:内科_呼吸器内科】高知県高知市百石町３ー８ー２０" }, "geometry": { "type": "Point", "coordinates": [ 133.546669, 33.545261 ] } },
{ "type": "Feature", "properties": { "ID": 3922395134810, "正式名称": "潮江診療所", "機関区分": 2, "都道府県コード": 39, "市区町村コード": 201, "所在地": "高知県高知市高見町３６３－１", "緯度": 33.541424, "経度": 133.537393, "url": "https://www.iryou.teikyouseido.mhlw.go.jp/znk-web/juminkanja/S2430/initialize?prefCd=39&kikanCd=2395134810&kikanKbn=2", "url2": "http://www.kochi-hco-op.or.jp/ho1.html", "内容": "潮江診療所【2:診療所】【診療科目:内科_呼吸器内科_消化器内科】高知県高知市高見町３６３－１" }, "geometry": { "type": "Point", "coordinates": [ 133.537393, 33.541424 ] } },
{ "type": "Feature", "properties": { "ID": 3922395135080, "正式名称": "さんさんクリニック", "機関区分": 2, "都道府県コード": 39, "市区町村コード": 201, "所在地": "高知県高知市鷹匠町１－１－８", "緯度": 33.556421, "経度": 133.536838, "url": "https://www.iryou.teikyouseido.mhlw.go.jp/znk-web/juminkanja/S2430/initialize?prefCd=39&kikanCd=2395135080&kikanKbn=2", "url2": "http://sunsunclinic.com/", "内容": "さんさんクリニック【2:診療所】【診療科目:内科_胃腸内科_整形外科_歯科_歯科口腔外科_小児歯科_リウマチ科_リハビリテーション科_放射線科】高知県高知市鷹匠町１－１－８" }, "geometry": { "type": "Point", "coordinates": [ 133.536838, 33.556421 ] } },
{ "type": "Feature", "properties": { "ID": 3922395135240, "正式名称": "坂本医院", "機関区分": 2, "都道府県コード": 39, "市区町村コード": 201, "所在地": "高知県高知市朝倉南町４ー２５", "緯度": 33.542324, "経度": 133.491786, "url": "https://www.iryou.teikyouseido.mhlw.go.jp/znk-web/juminkanja/S2430/initialize?prefCd=39&kikanCd=2395135240&kikanKbn=2", "url2": null, "内容": "坂本医院【2:診療所】【診療科目:内科_皮膚科】高知県高知市朝倉南町４ー２５" }, "geometry": { "type": "Point", "coordinates": [ 133.491786, 33.542324 ] } },
{ "type": "Feature", "properties": { "ID": 3922395135370, "正式名称": "あさひ皮フ科", "機関区分": 2, "都道府県コード": 39, "市区町村コード": 201, "所在地": "高知県高知市旭町２丁目３８", "緯度": 33.554478, "経度": 133.507952, "url": "https://www.iryou.teikyouseido.mhlw.go.jp/znk-web/juminkanja/S2430/initialize?prefCd=39&kikanCd=2395135370&kikanKbn=2", "url2": "http://www.asahihifuka.com", "内容": "あさひ皮フ科【2:診療所】【診療科目:皮膚科】高知県高知市旭町２丁目３８" }, "geometry": { "type": "Point", "coordinates": [ 133.507952, 33.554478 ] } },
{ "type": "Feature", "properties": { "ID": 3922395135530, "正式名称": "医療法人　安岡会　横浜ニュータウン内科", "機関区分": 2, "都道府県コード": 39, "市区町村コード": 201, "所在地": "高知県高知市横浜新町４丁目２３１５", "緯度": 33.515701, "経度": 133.535566, "url": "https://www.iryou.teikyouseido.mhlw.go.jp/znk-web/juminkanja/S2430/initialize?prefCd=39&kikanCd=2395135530&kikanKbn=2", "url2": null, "内容": "医療法人　安岡会　横浜ニュータウン内科【2:診療所】【診療科目:内科_消化器内科_肝臓内科_小児科】高知県高知市横浜新町４丁目２３１５" }, "geometry": { "type": "Point", "coordinates": [ 133.535566, 33.515701 ] } },
{ "type": "Feature", "properties": { "ID": 3922395135660, "正式名称": "内田脳神経外科", "機関区分": 2, "都道府県コード": 39, "市区町村コード": 201, "所在地": "高知県高知市塚ノ原３７", "緯度": 33.561142, "経度": 133.494897, "url": "https://www.iryou.teikyouseido.mhlw.go.jp/znk-web/juminkanja/S2430/initialize?prefCd=39&kikanCd=2395135660&kikanKbn=2", "url2": "http://www3.ocn.ne.jp/josenkai/", "内容": "内田脳神経外科【2:診療所】【診療科目:内科_循環器内科_脳神経外科_リハビリテーション科_放射線科】高知県高知市塚ノ原３７" }, "geometry": { "type": "Point", "coordinates": [ 133.494897, 33.561142 ] } },
{ "type": "Feature", "properties": { "ID": 3922395135820, "正式名称": "依岡内科", "機関区分": 2, "都道府県コード": 39, "市区町村コード": 201, "所在地": "高知県高知市横浜新町３丁目１１６", "緯度": 33.518442, "経度": 133.534138, "url": "https://www.iryou.teikyouseido.mhlw.go.jp/znk-web/juminkanja/S2430/initialize?prefCd=39&kikanCd=2395135820&kikanKbn=2", "url2": null, "内容": "依岡内科【2:診療所】【診療科目:内科_循環器内科_小児科】高知県高知市横浜新町３丁目１１６" }, "geometry": { "type": "Point", "coordinates": [ 133.534138, 33.518442 ] } },
{ "type": "Feature", "properties": { "ID": 3922395136380, "正式名称": "松岡クリニック", "機関区分": 2, "都道府県コード": 39, "市区町村コード": 201, "所在地": "高知県高知市横内", "緯度": 33.566177, "経度": 133.501215, "url": "https://www.iryou.teikyouseido.mhlw.go.jp/znk-web/juminkanja/S2430/initialize?prefCd=39&kikanCd=2395136380&kikanKbn=2", "url2": null, "内容": "松岡クリニック【2:診療所】【診療科目:内科_循環器内科_消化器内科_小児科】高知県高知市横内" }, "geometry": { "type": "Point", "coordinates": [ 133.501215, 33.566177 ] } },
{ "type": "Feature", "properties": { "ID": 3922395136670, "正式名称": "大原小児科医院", "機関区分": 2, "都道府県コード": 39, "市区町村コード": 201, "所在地": "高知県高知市神田", "緯度": 33.543931, "経度": 133.513755, "url": "https://www.iryou.teikyouseido.mhlw.go.jp/znk-web/juminkanja/S2430/initialize?prefCd=39&kikanCd=2395136670&kikanKbn=2", "url2": null, "内容": "大原小児科医院【2:診療所】【診療科目:小児科】高知県高知市神田" }, "geometry": { "type": "Point", "coordinates": [ 133.513755, 33.543931 ] } },
{ "type": "Feature", "properties": { "ID": 3922395137000, "正式名称": "青木脳神経外科形成外科", "機関区分": 2, "都道府県コード": 39, "市区町村コード": 201, "所在地": "高知県高知市高須新町１丁目６番２６", "緯度": 33.558261, "経度": 133.577296, "url": "https://www.iryou.teikyouseido.mhlw.go.jp/znk-web/juminkanja/S2430/initialize?prefCd=39&kikanCd=2395137000&kikanKbn=2", "url2": "http://www.antiaging-aoki.com/", "内容": "青木脳神経外科形成外科【2:診療所】【診療科目:内科_循環器内科_脳神経外科_循環器外科_形成外科_皮膚科_リハビリテーション科】高知県高知市高須新町１丁目６番２６" }, "geometry": { "type": "Point", "coordinates": [ 133.577296, 33.558261 ] } },
{ "type": "Feature", "properties": { "ID": 3922395137390, "正式名称": "クリニック　グリーンハウス", "機関区分": 2, "都道府県コード": 39, "市区町村コード": 201, "所在地": "高知県高知市上町１丁目７番１号", "緯度": 33.557132, "経度": 133.526423, "url": "https://www.iryou.teikyouseido.mhlw.go.jp/znk-web/juminkanja/S2430/initialize?prefCd=39&kikanCd=2395137390&kikanKbn=2", "url2": "http://clinic-greenhouse.jp/", "内容": "クリニック　グリーンハウス【2:診療所】【診療科目:内科_消化器内科_内視鏡内科_婦人科】高知県高知市上町１丁目７番１号" }, "geometry": { "type": "Point", "coordinates": [ 133.526423, 33.557132 ] } },
{ "type": "Feature", "properties": { "ID": 3922395137420, "正式名称": "県庁前クリニック", "機関区分": 2, "都道府県コード": 39, "市区町村コード": 201, "所在地": "高知県高知市升形４ー３", "緯度": 33.557776, "経度": 133.529079, "url": "https://www.iryou.teikyouseido.mhlw.go.jp/znk-web/juminkanja/S2430/initialize?prefCd=39&kikanCd=2395137420&kikanKbn=2", "url2": null, "内容": "県庁前クリニック【2:診療所】【診療科目:内科_消化器内科_外科】高知県高知市升形４ー３" }, "geometry": { "type": "Point", "coordinates": [ 133.529079, 33.557776 ] } },
{ "type": "Feature", "properties": { "ID": 3922395137680, "正式名称": "医療法人　穂仁会　植田医院", "機関区分": 2, "都道府県コード": 39, "市区町村コード": 201, "所在地": "高知県高知市廿代町１ー８", "緯度": 33.562842, "経度": 133.541717, "url": "https://www.iryou.teikyouseido.mhlw.go.jp/znk-web/juminkanja/S2430/initialize?prefCd=39&kikanCd=2395137680&kikanKbn=2", "url2": null, "内容": "医療法人　穂仁会　植田医院【2:診療所】【診療科目:内科_糖尿病内科_呼吸器内科_循環器内科_消化器内科_腎臓内科_神経内科_小児科_心療内科_アレルギー科_リウマチ科_放射線科】高知県高知市廿代町１ー８" }, "geometry": { "type": "Point", "coordinates": [ 133.541717, 33.562842 ] } },
{ "type": "Feature", "properties": { "ID": 3922395137840, "正式名称": "高島整形外科内科", "機関区分": 2, "都道府県コード": 39, "市区町村コード": 201, "所在地": "高知県高知市愛宕町", "緯度": 33.565578, "経度": 133.536689, "url": "https://www.iryou.teikyouseido.mhlw.go.jp/znk-web/juminkanja/S2430/initialize?prefCd=39&kikanCd=2395137840&kikanKbn=2", "url2": null, "内容": "高島整形外科内科【2:診療所】【診療科目:内科_整形外科_リハビリテーション科】高知県高知市愛宕町" }, "geometry": { "type": "Point", "coordinates": [ 133.536689, 33.565578 ] } },
{ "type": "Feature", "properties": { "ID": 3922395137970, "正式名称": "石丸眼科", "機関区分": 2, "都道府県コード": 39, "市区町村コード": 201, "所在地": "高知県高知市本町２ー５ー２０", "緯度": 33.557857, "経度": 133.537153, "url": "https://www.iryou.teikyouseido.mhlw.go.jp/znk-web/juminkanja/S2430/initialize?prefCd=39&kikanCd=2395137970&kikanKbn=2", "url2": "http://www.ishimaru-eye.com", "内容": "石丸眼科【2:診療所】【診療科目:眼科】高知県高知市本町２ー５ー２０" }, "geometry": { "type": "Point", "coordinates": [ 133.537153, 33.557857 ] } },
{ "type": "Feature", "properties": { "ID": 3922395138270, "正式名称": "石立クリニック", "機関区分": 2, "都道府県コード": 39, "市区町村コード": 201, "所在地": "高知県高知市石立町９６ー５", "緯度": 33.552174, "経度": 133.516022, "url": "https://www.iryou.teikyouseido.mhlw.go.jp/znk-web/juminkanja/S2430/initialize?prefCd=39&kikanCd=2395138270&kikanKbn=2", "url2": null, "内容": "石立クリニック【2:診療所】【診療科目:内科_呼吸器内科_胃腸内科_リハビリテーション科】高知県高知市石立町９６ー５" }, "geometry": { "type": "Point", "coordinates": [ 133.516022, 33.552174 ] } },
{ "type": "Feature", "properties": { "ID": 3922395138430, "正式名称": "田村産婦人科", "機関区分": 2, "都道府県コード": 39, "市区町村コード": 201, "所在地": "高知県高知市鷹匠町１－１－１０", "緯度": 33.556174, "経度": 133.536914, "url": "https://www.iryou.teikyouseido.mhlw.go.jp/znk-web/juminkanja/S2430/initialize?prefCd=39&kikanCd=2395138430&kikanKbn=2", "url2": "http://www.tamura.or.jp", "内容": "田村産婦人科【2:診療所】【診療科目:産婦人科】高知県高知市鷹匠町１－１－１０" }, "geometry": { "type": "Point", "coordinates": [ 133.536914, 33.556174 ] } },
{ "type": "Feature", "properties": { "ID": 3922395138930, "正式名称": "吉岡クリニック", "機関区分": 2, "都道府県コード": 39, "市区町村コード": 201, "所在地": "高知県高知市上町２丁目５番１号　臼井エステートビル２階", "緯度": 33.557118, "経度": 133.524912, "url": "https://www.iryou.teikyouseido.mhlw.go.jp/znk-web/juminkanja/S2430/initialize?prefCd=39&kikanCd=2395138930&kikanKbn=2", "url2": null, "内容": "吉岡クリニック【2:診療所】【診療科目:内科_循環器内科】高知県高知市上町２丁目５番１号　臼井エステートビル２階" }, "geometry": { "type": "Point", "coordinates": [ 133.524912, 33.557118 ] } },
{ "type": "Feature", "properties": { "ID": 3922395139150, "正式名称": "町田整形外科", "機関区分": 2, "都道府県コード": 39, "市区町村コード": 386, "所在地": "高知県吾川郡いの町天王南１－６－３", "緯度": 33.52793, "経度": 133.44084, "url": "https://www.iryou.teikyouseido.mhlw.go.jp/znk-web/juminkanja/S2430/initialize?prefCd=39&kikanCd=2395139150&kikanKbn=2", "url2": "http://www.machidaseikei.com/", "内容": "町田整形外科【2:診療所】【診療科目:整形外科_リウマチ科_リハビリテーション科_麻酔科】高知県吾川郡いの町天王南１－６－３" }, "geometry": { "type": "Point", "coordinates": [ 133.44084, 33.52793 ] } },
{ "type": "Feature", "properties": { "ID": 3922395139280, "正式名称": "医療法人慶誠会　高岡内科", "機関区分": 2, "都道府県コード": 39, "市区町村コード": 386, "所在地": "高知県吾川郡いの町新町８６番地", "緯度": 33.547343, "経度": 133.428633, "url": "https://www.iryou.teikyouseido.mhlw.go.jp/znk-web/juminkanja/S2430/initialize?prefCd=39&kikanCd=2395139280&kikanKbn=2", "url2": "https://www.takaokanaika.com", "内容": "医療法人慶誠会　高岡内科【2:診療所】【診療科目:内科_呼吸器内科】高知県吾川郡いの町新町８６番地" }, "geometry": { "type": "Point", "coordinates": [ 133.428633, 33.547343 ] } },
{ "type": "Feature", "properties": { "ID": 3922395139310, "正式名称": "浅井産婦人科・内科", "機関区分": 2, "都道府県コード": 39, "市区町村コード": 201, "所在地": "高知県高知市一宮東町１丁目７－７", "緯度": 33.580761, "経度": 133.576004, "url": "https://www.iryou.teikyouseido.mhlw.go.jp/znk-web/juminkanja/S2430/initialize?prefCd=39&kikanCd=2395139310&kikanKbn=2", "url2": null, "内容": "浅井産婦人科・内科【2:診療所】【診療科目:内科_感染症内科_脂質代謝内科_糖尿病・内分泌内科_糖尿病・代謝内科_循環器内科_腎臓内科_漢方内科_小児科_小児皮膚科_産婦人科_皮膚科】高知県高知市一宮東町１丁目７－７" }, "geometry": { "type": "Point", "coordinates": [ 133.576004, 33.580761 ] } },
{ "type": "Feature", "properties": { "ID": 3922395140260, "正式名称": "おの肛門科胃腸科内視鏡クリニック", "機関区分": 2, "都道府県コード": 39, "市区町村コード": 201, "所在地": "高知県高知市大津甲５５３－２", "緯度": 33.578365, "経度": 133.61183, "url": "https://www.iryou.teikyouseido.mhlw.go.jp/znk-web/juminkanja/S2430/initialize?prefCd=39&kikanCd=2395140260&kikanKbn=2", "url2": "http://www.kochi-clinic.jp/", "内容": "おの肛門科胃腸科内視鏡クリニック【2:診療所】【診療科目:内科_消化器内科_内視鏡内科_外科_肛門外科_放射線科】高知県高知市大津甲５５３－２" }, "geometry": { "type": "Point", "coordinates": [ 133.61183, 33.578365 ] } },
{ "type": "Feature", "properties": { "ID": 3922395140680, "正式名称": "山村診療所", "機関区分": 2, "都道府県コード": 39, "市区町村コード": 201, "所在地": "高知県高知市鏡今井１２６番地", "緯度": 33.608012, "経度": 133.471676, "url": "https://www.iryou.teikyouseido.mhlw.go.jp/znk-web/juminkanja/S2430/initialize?prefCd=39&kikanCd=2395140680&kikanKbn=2", "url2": null, "内容": "山村診療所【2:診療所】【診療科目:内科_呼吸器内科_循環器内科_胃腸内科】高知県高知市鏡今井１２６番地" }, "geometry": { "type": "Point", "coordinates": [ 133.471676, 33.608012 ] } },
{ "type": "Feature", "properties": { "ID": 3922395140710, "正式名称": "田村こどもクリニック", "機関区分": 2, "都道府県コード": 39, "市区町村コード": 204, "所在地": "高知県南国市篠原１４５９－１", "緯度": 33.572204, "経度": 133.635818, "url": "https://www.iryou.teikyouseido.mhlw.go.jp/znk-web/juminkanja/S2430/initialize?prefCd=39&kikanCd=2395140710&kikanKbn=2", "url2": "http://www.tamkocli.or.jp", "内容": "田村こどもクリニック【2:診療所】【診療科目:小児科】高知県南国市篠原１４５９－１" }, "geometry": { "type": "Point", "coordinates": [ 133.635818, 33.572204 ] } },
{ "type": "Feature", "properties": { "ID": 3922395140970, "正式名称": "かっとう耳鼻科", "機関区分": 2, "都道府県コード": 39, "市区町村コード": 201, "所在地": "高知県高知市瀬戸南町３－２", "緯度": 33.507627, "経度": 133.543179, "url": "https://www.iryou.teikyouseido.mhlw.go.jp/znk-web/juminkanja/S2430/initialize?prefCd=39&kikanCd=2395140970&kikanKbn=2", "url2": null, "内容": "かっとう耳鼻科【2:診療所】【診療科目:耳鼻いんこう科_気管食道・耳鼻いんこう科】高知県高知市瀬戸南町３－２" }, "geometry": { "type": "Point", "coordinates": [ 133.543179, 33.507627 ] } },
{ "type": "Feature", "properties": { "ID": 3922395141010, "正式名称": "川田内科", "機関区分": 2, "都道府県コード": 39, "市区町村コード": 204, "所在地": "高知県南国市後免町４－２－７", "緯度": 33.575404, "経度": 133.64489, "url": "https://www.iryou.teikyouseido.mhlw.go.jp/znk-web/juminkanja/S2430/initialize?prefCd=39&kikanCd=2395141010&kikanKbn=2", "url2": null, "内容": "川田内科【2:診療所】【診療科目:内科】高知県南国市後免町４－２－７" }, "geometry": { "type": "Point", "coordinates": [ 133.64489, 33.575404 ] } },
{ "type": "Feature", "properties": { "ID": 3922395141140, "正式名称": "田内眼科", "機関区分": 2, "都道府県コード": 39, "市区町村コード": 201, "所在地": "高知県高知市北本町４－３－１２", "緯度": 33.565618, "経度": 133.551857, "url": "https://www.iryou.teikyouseido.mhlw.go.jp/znk-web/juminkanja/S2430/initialize?prefCd=39&kikanCd=2395141140&kikanKbn=2", "url2": "http://www.tanouchi.com", "内容": "田内眼科【2:診療所】【診療科目:眼科】高知県高知市北本町４－３－１２" }, "geometry": { "type": "Point", "coordinates": [ 133.551857, 33.565618 ] } },
{ "type": "Feature", "properties": { "ID": 3922395141270, "正式名称": "青山整形外科", "機関区分": 2, "都道府県コード": 39, "市区町村コード": 201, "所在地": "高知県高知市大津乙５０８番４", "緯度": 33.57005, "経度": 133.597805, "url": "https://www.iryou.teikyouseido.mhlw.go.jp/znk-web/juminkanja/S2430/initialize?prefCd=39&kikanCd=2395141270&kikanKbn=2", "url2": null, "内容": "青山整形外科【2:診療所】【診療科目:整形外科_リウマチ科_リハビリテーション科】高知県高知市大津乙５０８番４" }, "geometry": { "type": "Point", "coordinates": [ 133.597805, 33.57005 ] } },
{ "type": "Feature", "properties": { "ID": 3922395141300, "正式名称": "高知医療生活協同組合旭診療所", "機関区分": 2, "都道府県コード": 39, "市区町村コード": 201, "所在地": "高知県高知市旭上町", "緯度": 33.556144, "経度": 133.502953, "url": "https://www.iryou.teikyouseido.mhlw.go.jp/znk-web/juminkanja/S2430/initialize?prefCd=39&kikanCd=2395141300&kikanKbn=2", "url2": "http://www.kochi-hco-op.or.jp/", "内容": "高知医療生活協同組合旭診療所【2:診療所】【診療科目:内科_循環器内科_外科】高知県高知市旭上町" }, "geometry": { "type": "Point", "coordinates": [ 133.502953, 33.556144 ] } },
{ "type": "Feature", "properties": { "ID": 3922395141430, "正式名称": "谷岡内科小児科", "機関区分": 2, "都道府県コード": 39, "市区町村コード": 201, "所在地": "高知県高知市はりまや町３―２１―１７", "緯度": 33.562162, "経度": 133.546944, "url": "https://www.iryou.teikyouseido.mhlw.go.jp/znk-web/juminkanja/S2430/initialize?prefCd=39&kikanCd=2395141430&kikanKbn=2", "url2": null, "内容": "谷岡内科小児科【2:診療所】【診療科目:内科_小児科】高知県高知市はりまや町３―２１―１７" }, "geometry": { "type": "Point", "coordinates": [ 133.546944, 33.562162 ] } },
{ "type": "Feature", "properties": { "ID": 3922395141690, "正式名称": "吉川内科消化器科", "機関区分": 2, "都道府県コード": 39, "市区町村コード": 201, "所在地": "高知県高知市伊勢崎町１０番１１号", "緯度": 33.569754, "経度": 133.52934, "url": "https://www.iryou.teikyouseido.mhlw.go.jp/znk-web/juminkanja/S2430/initialize?prefCd=39&kikanCd=2395141690&kikanKbn=2", "url2": "https://www.yoshikawa-naikasyoukakika.com/", "内容": "吉川内科消化器科【2:診療所】【診療科目:内科_循環器内科_消化器内科】高知県高知市伊勢崎町１０番１１号" }, "geometry": { "type": "Point", "coordinates": [ 133.52934, 33.569754 ] } },
{ "type": "Feature", "properties": { "ID": 3922395141720, "正式名称": "菅野医院", "機関区分": 2, "都道府県コード": 39, "市区町村コード": 201, "所在地": "高知県高知市東久万８４番２１", "緯度": 33.574999, "経度": 133.529259, "url": "https://www.iryou.teikyouseido.mhlw.go.jp/znk-web/juminkanja/S2430/initialize?prefCd=39&kikanCd=2395141720&kikanKbn=2", "url2": null, "内容": "菅野医院【2:診療所】【診療科目:内科_呼吸器内科_循環器内科_胃腸内科】高知県高知市東久万８４番２１" }, "geometry": { "type": "Point", "coordinates": [ 133.529259, 33.574999 ] } },
{ "type": "Feature", "properties": { "ID": 3922395141850, "正式名称": "フレッククリニック", "機関区分": 2, "都道府県コード": 39, "市区町村コード": 201, "所在地": "高知県高知市高須新町４－３－２０", "緯度": 33.55559, "経度": 133.57989, "url": "https://www.iryou.teikyouseido.mhlw.go.jp/znk-web/juminkanja/S2430/initialize?prefCd=39&kikanCd=2395141850&kikanKbn=2", "url2": "http://hands-kochi.or.jp/", "内容": "フレッククリニック【2:診療所】【診療科目:整形外科_リウマチ科_リハビリテーション科】高知県高知市高須新町４－３－２０" }, "geometry": { "type": "Point", "coordinates": [ 133.57989, 33.55559 ] } },
{ "type": "Feature", "properties": { "ID": 3922395142020, "正式名称": "医療法人円卓会玉木内科小児科クリニック", "機関区分": 2, "都道府県コード": 39, "市区町村コード": 201, "所在地": "高知県高知市高見町１８９ー１", "緯度": 33.540054, "経度": 133.53952, "url": "https://www.iryou.teikyouseido.mhlw.go.jp/znk-web/juminkanja/S2430/initialize?prefCd=39&kikanCd=2395142020&kikanKbn=2", "url2": null, "内容": "医療法人円卓会玉木内科小児科クリニック【2:診療所】【診療科目:内科_糖尿病内科_代謝内科_内分泌内科_脂質代謝内科_糖尿病・内分泌内科_糖尿病・代謝内科_代謝・内分泌内科_呼吸器内科_老年・呼吸器内科_循環器内科_心臓内科_消化器内科_胃腸内科_腎臓内科_肝臓内科_老年内科_内視鏡内科_アレルギー疾患内科_小児科_心療内科_アレルギー科_リウマチ科_リハビリテーション科_放射線科】高知県高知市高見町１８９ー１" }, "geometry": { "type": "Point", "coordinates": [ 133.53952, 33.540054 ] } },
{ "type": "Feature", "properties": { "ID": 3922395142280, "正式名称": "野田眼科", "機関区分": 2, "都道府県コード": 39, "市区町村コード": 201, "所在地": "高知県高知市瀬戸１丁目６番４０号", "緯度": 33.509762, "経度": 133.544616, "url": "https://www.iryou.teikyouseido.mhlw.go.jp/znk-web/juminkanja/S2430/initialize?prefCd=39&kikanCd=2395142280&kikanKbn=2", "url2": null, "内容": "野田眼科【2:診療所】【診療科目:眼科】高知県高知市瀬戸１丁目６番４０号" }, "geometry": { "type": "Point", "coordinates": [ 133.544616, 33.509762 ] } },
{ "type": "Feature", "properties": { "ID": 3922395142310, "正式名称": "福田心臓・消化器内科", "機関区分": 2, "都道府県コード": 39, "市区町村コード": 201, "所在地": "高知県高知市東秦泉寺６７番地１", "緯度": 33.578554, "経度": 133.545991, "url": "https://www.iryou.teikyouseido.mhlw.go.jp/znk-web/juminkanja/S2430/initialize?prefCd=39&kikanCd=2395142310&kikanKbn=2", "url2": "https://www.fukudacl.or.jp", "内容": "福田心臓・消化器内科【2:診療所】【診療科目:内科_循環器内科_消化器内科_外科_心臓血管外科_形成外科_小児科_皮膚科_リハビリテーション科】高知県高知市東秦泉寺６７番地１" }, "geometry": { "type": "Point", "coordinates": [ 133.545991, 33.578554 ] } },
{ "type": "Feature", "properties": { "ID": 3922395142570, "正式名称": "長尾神経クリニック", "機関区分": 2, "都道府県コード": 39, "市区町村コード": 201, "所在地": "高知県高知市桟橋通３－１－１５", "緯度": 33.547056, "経度": 133.549113, "url": "https://www.iryou.teikyouseido.mhlw.go.jp/znk-web/juminkanja/S2430/initialize?prefCd=39&kikanCd=2395142570&kikanKbn=2", "url2": null, "内容": "長尾神経クリニック【2:診療所】【診療科目:精神科_神経科】高知県高知市桟橋通３－１－１５" }, "geometry": { "type": "Point", "coordinates": [ 133.549113, 33.547056 ] } },
{ "type": "Feature", "properties": { "ID": 3922395142600, "正式名称": "ありさわ耳鼻咽喉科", "機関区分": 2, "都道府県コード": 39, "市区町村コード": 204, "所在地": "高知県南国市篠原１３１ー１", "緯度": 33.568504, "経度": 133.63555, "url": "https://www.iryou.teikyouseido.mhlw.go.jp/znk-web/juminkanja/S2430/initialize?prefCd=39&kikanCd=2395142600&kikanKbn=2", "url2": null, "内容": "ありさわ耳鼻咽喉科【2:診療所】【診療科目:耳鼻いんこう科】高知県南国市篠原１３１ー１" }, "geometry": { "type": "Point", "coordinates": [ 133.63555, 33.568504 ] } },
{ "type": "Feature", "properties": { "ID": 3922395142860, "正式名称": "川上小児科クリニック", "機関区分": 2, "都道府県コード": 39, "市区町村コード": 201, "所在地": "高知県高知市福井扇町", "緯度": 33.567904, "経度": 133.509736, "url": "https://www.iryou.teikyouseido.mhlw.go.jp/znk-web/juminkanja/S2430/initialize?prefCd=39&kikanCd=2395142860&kikanKbn=2", "url2": "https://kawakami-shounika.jp", "内容": "川上小児科クリニック【2:診療所】【診療科目:小児科】高知県高知市福井扇町" }, "geometry": { "type": "Point", "coordinates": [ 133.509736, 33.567904 ] } },
{ "type": "Feature", "properties": { "ID": 3922395142990, "正式名称": "医療法人　協浜会　浜田循環器内科", "機関区分": 2, "都道府県コード": 39, "市区町村コード": 201, "所在地": "高知県高知市本町５ー２ー１６", "緯度": 33.55871, "経度": 133.529534, "url": "https://www.iryou.teikyouseido.mhlw.go.jp/znk-web/juminkanja/S2430/initialize?prefCd=39&kikanCd=2395142990&kikanKbn=2", "url2": null, "内容": "医療法人　協浜会　浜田循環器内科【2:診療所】【診療科目:内科_呼吸器内科_循環器内科_胃腸内科】高知県高知市本町５ー２ー１６" }, "geometry": { "type": "Point", "coordinates": [ 133.529534, 33.55871 ] } },
{ "type": "Feature", "properties": { "ID": 3922395143160, "正式名称": "医療法人つねまつ　つねまつ内科", "機関区分": 2, "都道府県コード": 39, "市区町村コード": 201, "所在地": "高知県高知市大津乙", "緯度": 33.573629, "経度": 133.599593, "url": "https://www.iryou.teikyouseido.mhlw.go.jp/znk-web/juminkanja/S2430/initialize?prefCd=39&kikanCd=2395143160&kikanKbn=2", "url2": null, "内容": "医療法人つねまつ　つねまつ内科【2:診療所】【診療科目:内科_呼吸器内科_循環器内科_胃腸内科_アレルギー科】高知県高知市大津乙" }, "geometry": { "type": "Point", "coordinates": [ 133.599593, 33.573629 ] } },
{ "type": "Feature", "properties": { "ID": 3922395143290, "正式名称": "高須ヒカリ眼科", "機関区分": 2, "都道府県コード": 39, "市区町村コード": 201, "所在地": "高知県高知市高須新町１－１４－１０", "緯度": 33.559153, "経度": 133.577257, "url": "https://www.iryou.teikyouseido.mhlw.go.jp/znk-web/juminkanja/S2430/initialize?prefCd=39&kikanCd=2395143290&kikanKbn=2", "url2": "http://hikaricl.sakura.ne.jp/", "内容": "高須ヒカリ眼科【2:診療所】【診療科目:眼科】高知県高知市高須新町１－１４－１０" }, "geometry": { "type": "Point", "coordinates": [ 133.577257, 33.559153 ] } },
{ "type": "Feature", "properties": { "ID": 3922395143740, "正式名称": "細木眼科", "機関区分": 2, "都道府県コード": 39, "市区町村コード": 201, "所在地": "高知県高知市日の出町１ー１０", "緯度": 33.559694, "経度": 133.555607, "url": "https://www.iryou.teikyouseido.mhlw.go.jp/znk-web/juminkanja/S2430/initialize?prefCd=39&kikanCd=2395143740&kikanKbn=2", "url2": "http://www.hosogiganka.net", "内容": "細木眼科【2:診療所】【診療科目:眼科】高知県高知市日の出町１ー１０" }, "geometry": { "type": "Point", "coordinates": [ 133.555607, 33.559694 ] } },
{ "type": "Feature", "properties": { "ID": 3922395143900, "正式名称": "こさい耳鼻咽喉科", "機関区分": 2, "都道府県コード": 39, "市区町村コード": 201, "所在地": "高知県高知市一ツ橋町２丁目１６９－１", "緯度": 33.572344, "経度": 133.528018, "url": "https://www.iryou.teikyouseido.mhlw.go.jp/znk-web/juminkanja/S2430/initialize?prefCd=39&kikanCd=2395143900&kikanKbn=2", "url2": "http://www.kosai-jibika.or.jp/", "内容": "こさい耳鼻咽喉科【2:診療所】【診療科目:耳鼻いんこう科】高知県高知市一ツ橋町２丁目１６９－１" }, "geometry": { "type": "Point", "coordinates": [ 133.528018, 33.572344 ] } },
{ "type": "Feature", "properties": { "ID": 3922395144170, "正式名称": "瀬戸内科", "機関区分": 2, "都道府県コード": 39, "市区町村コード": 201, "所在地": "高知県高知市愛宕町２―２２―３", "緯度": 33.569062, "経度": 133.536672, "url": "https://www.iryou.teikyouseido.mhlw.go.jp/znk-web/juminkanja/S2430/initialize?prefCd=39&kikanCd=2395144170&kikanKbn=2", "url2": null, "内容": "瀬戸内科【2:診療所】【診療科目:内科_呼吸器内科_胃腸内科_腎臓内科_小児科_リハビリテーション科_放射線科】高知県高知市愛宕町２―２２―３" }, "geometry": { "type": "Point", "coordinates": [ 133.536672, 33.569062 ] } },
{ "type": "Feature", "properties": { "ID": 3922395144200, "正式名称": "安岡眼科", "機関区分": 2, "都道府県コード": 39, "市区町村コード": 201, "所在地": "高知県高知市上町２ー２ー９", "緯度": 33.557576, "経度": 133.524279, "url": "https://www.iryou.teikyouseido.mhlw.go.jp/znk-web/juminkanja/S2430/initialize?prefCd=39&kikanCd=2395144200&kikanKbn=2", "url2": "https://www.yasuokaganka.com", "内容": "安岡眼科【2:診療所】【診療科目:眼科】高知県高知市上町２ー２ー９" }, "geometry": { "type": "Point", "coordinates": [ 133.524279, 33.557576 ] } },
{ "type": "Feature", "properties": { "ID": 3922395144330, "正式名称": "木田山薬堂診療所", "機関区分": 2, "都道府県コード": 39, "市区町村コード": 201, "所在地": "高知県高知市愛宕町３ー７ー６", "緯度": 33.570219, "経度": 133.537782, "url": "https://www.iryou.teikyouseido.mhlw.go.jp/znk-web/juminkanja/S2430/initialize?prefCd=39&kikanCd=2395144330&kikanKbn=2", "url2": null, "内容": "木田山薬堂診療所【2:診療所】【診療科目:漢方内科】高知県高知市愛宕町３ー７ー６" }, "geometry": { "type": "Point", "coordinates": [ 133.537782, 33.570219 ] } },
{ "type": "Feature", "properties": { "ID": 3922395144460, "正式名称": "えだしげ　整形外科", "機関区分": 2, "都道府県コード": 39, "市区町村コード": 201, "所在地": "高知県高知市伊勢崎町", "緯度": 33.570557, "経度": 133.529065, "url": "https://www.iryou.teikyouseido.mhlw.go.jp/znk-web/juminkanja/S2430/initialize?prefCd=39&kikanCd=2395144460&kikanKbn=2", "url2": null, "内容": "えだしげ　整形外科【2:診療所】【診療科目:整形外科_リウマチ科_リハビリテーション科】高知県高知市伊勢崎町" }, "geometry": { "type": "Point", "coordinates": [ 133.529065, 33.570557 ] } },
{ "type": "Feature", "properties": { "ID": 3922395144590, "正式名称": "岩崎胃腸科内科", "機関区分": 2, "都道府県コード": 39, "市区町村コード": 201, "所在地": "高知県高知市薊野東町１－５５", "緯度": 33.580053, "経度": 133.562711, "url": "https://www.iryou.teikyouseido.mhlw.go.jp/znk-web/juminkanja/S2430/initialize?prefCd=39&kikanCd=2395144590&kikanKbn=2", "url2": "https://iwasaki-ichouka-naika.or.jp/", "内容": "岩崎胃腸科内科【2:診療所】【診療科目:内科_消化器内科_胃腸内科】高知県高知市薊野東町１－５５" }, "geometry": { "type": "Point", "coordinates": [ 133.562711, 33.580053 ] } },
{ "type": "Feature", "properties": { "ID": 3922395144620, "正式名称": "医療法人　奥田会　前田診療所", "機関区分": 2, "都道府県コード": 39, "市区町村コード": 201, "所在地": "高知県高知市高須", "緯度": 33.561907, "経度": 133.589412, "url": "https://www.iryou.teikyouseido.mhlw.go.jp/znk-web/juminkanja/S2430/initialize?prefCd=39&kikanCd=2395144620&kikanKbn=2", "url2": null, "内容": "医療法人　奥田会　前田診療所【2:診療所】【診療科目:内科_小児科_精神科_心療内科】高知県高知市高須" }, "geometry": { "type": "Point", "coordinates": [ 133.589412, 33.561907 ] } },
{ "type": "Feature", "properties": { "ID": 3922395144910, "正式名称": "高松内科クリニック", "機関区分": 2, "都道府県コード": 39, "市区町村コード": 201, "所在地": "高知県高知市大川筋２－５－４８", "緯度": 33.564872, "経度": 133.53299, "url": "https://www.iryou.teikyouseido.mhlw.go.jp/znk-web/juminkanja/S2430/initialize?prefCd=39&kikanCd=2395144910&kikanKbn=2", "url2": null, "内容": "高松内科クリニック【2:診療所】【診療科目:内科_呼吸器内科_循環器内科_消化器内科_放射線科】高知県高知市大川筋２－５－４８" }, "geometry": { "type": "Point", "coordinates": [ 133.53299, 33.564872 ] } },
{ "type": "Feature", "properties": { "ID": 3922395145340, "正式名称": "医療法人　亀井クリニック", "機関区分": 2, "都道府県コード": 39, "市区町村コード": 201, "所在地": "高知県高知市札場１８番２２号", "緯度": 33.563265, "経度": 133.56102, "url": "https://www.iryou.teikyouseido.mhlw.go.jp/znk-web/juminkanja/S2430/initialize?prefCd=39&kikanCd=2395145340&kikanKbn=2", "url2": null, "内容": "医療法人　亀井クリニック【2:診療所】【診療科目:内科_腎臓内科_皮膚科_泌尿器科】高知県高知市札場１８番２２号" }, "geometry": { "type": "Point", "coordinates": [ 133.56102, 33.563265 ] } },
{ "type": "Feature", "properties": { "ID": 3922395145500, "正式名称": "やまもと皮膚科クリニック", "機関区分": 2, "都道府県コード": 39, "市区町村コード": 201, "所在地": "高知県高知市大川筋２－３－３５", "緯度": 33.565539, "経度": 133.534598, "url": "https://www.iryou.teikyouseido.mhlw.go.jp/znk-web/juminkanja/S2430/initialize?prefCd=39&kikanCd=2395145500&kikanKbn=2", "url2": "https://yamamoto-hifuka.net", "内容": "やまもと皮膚科クリニック【2:診療所】【診療科目:皮膚科】高知県高知市大川筋２－３－３５" }, "geometry": { "type": "Point", "coordinates": [ 133.534598, 33.565539 ] } },
{ "type": "Feature", "properties": { "ID": 3922395145920, "正式名称": "特定医療法人仁泉会　春野うららかクリニック", "機関区分": 2, "都道府県コード": 39, "市区町村コード": 201, "所在地": "高知県高知市春野町南ケ丘７丁目１６番地", "緯度": 33.517258, "経度": 133.519895, "url": "https://www.iryou.teikyouseido.mhlw.go.jp/znk-web/juminkanja/S2430/initialize?prefCd=39&kikanCd=2395145920&kikanKbn=2", "url2": "https://asakura-hospital.jp/uraraka/", "内容": "特定医療法人仁泉会　春野うららかクリニック【2:診療所】【診療科目:内科_循環器内科_老年内科_小児科】高知県高知市春野町南ケ丘７丁目１６番地" }, "geometry": { "type": "Point", "coordinates": [ 133.519895, 33.517258 ] } },
{ "type": "Feature", "properties": { "ID": 3922395146220, "正式名称": "たしま耳鼻咽喉科", "機関区分": 2, "都道府県コード": 39, "市区町村コード": 201, "所在地": "高知県高知市潮新町２丁目１１ー５", "緯度": 33.549461, "経度": 133.55021, "url": "https://www.iryou.teikyouseido.mhlw.go.jp/znk-web/juminkanja/S2430/initialize?prefCd=39&kikanCd=2395146220&kikanKbn=2", "url2": "http://tashima-jibika.com/", "内容": "たしま耳鼻咽喉科【2:診療所】【診療科目:耳鼻いんこう科】高知県高知市潮新町２丁目１１ー５" }, "geometry": { "type": "Point", "coordinates": [ 133.55021, 33.549461 ] } },
{ "type": "Feature", "properties": { "ID": 3922395201060, "正式名称": "すぎもと眼科", "機関区分": 2, "都道府県コード": 39, "市区町村コード": 203, "所在地": "高知県安芸市本町２ー４ー３", "緯度": 33.499483, "経度": 133.906591, "url": "https://www.iryou.teikyouseido.mhlw.go.jp/znk-web/juminkanja/S2430/initialize?prefCd=39&kikanCd=2395201060&kikanKbn=2", "url2": "https://www.sugimoto-ganka.jp", "内容": "すぎもと眼科【2:診療所】【診療科目:眼科】高知県安芸市本町２ー４ー３" }, "geometry": { "type": "Point", "coordinates": [ 133.906591, 33.499483 ] } },
{ "type": "Feature", "properties": { "ID": 3922395201220, "正式名称": "高知高須病院附属安芸診療所", "機関区分": 2, "都道府県コード": 39, "市区町村コード": 203, "所在地": "高知県安芸市港町２ー６３５", "緯度": 33.500833, "経度": 133.913373, "url": "https://www.iryou.teikyouseido.mhlw.go.jp/znk-web/juminkanja/S2430/initialize?prefCd=39&kikanCd=2395201220&kikanKbn=2", "url2": "http://www.takasuhp.or.jp", "内容": "高知高須病院附属安芸診療所【2:診療所】【診療科目:内科_腎臓内科_人工透析内科_泌尿器科】高知県安芸市港町２ー６３５" }, "geometry": { "type": "Point", "coordinates": [ 133.913373, 33.500833 ] } },
{ "type": "Feature", "properties": { "ID": 3922395201640, "正式名称": "宮田内科", "機関区分": 2, "都道府県コード": 39, "市区町村コード": 302, "所在地": "高知県安芸郡奈半利町乙２６５７の１", "緯度": 33.427836, "経度": 134.023177, "url": "https://www.iryou.teikyouseido.mhlw.go.jp/znk-web/juminkanja/S2430/initialize?prefCd=39&kikanCd=2395201640&kikanKbn=2", "url2": null, "内容": "宮田内科【2:診療所】【診療科目:内科】高知県安芸郡奈半利町乙２６５７の１" }, "geometry": { "type": "Point", "coordinates": [ 134.023177, 33.427836 ] } },
{ "type": "Feature", "properties": { "ID": 3922395202520, "正式名称": "和田医院", "機関区分": 2, "都道府県コード": 39, "市区町村コード": 304, "所在地": "高知県安芸郡安田町安田１７５０", "緯度": 33.436724, "経度": 133.981516, "url": "https://www.iryou.teikyouseido.mhlw.go.jp/znk-web/juminkanja/S2430/initialize?prefCd=39&kikanCd=2395202520&kikanKbn=2", "url2": null, "内容": "和田医院【2:診療所】【診療科目:内科_消化器内科_放射線科】高知県安芸郡安田町安田１７５０" }, "geometry": { "type": "Point", "coordinates": [ 133.981516, 33.436724 ] } },
{ "type": "Feature", "properties": { "ID": 3922395202780, "正式名称": "馬路村立馬路診療所", "機関区分": 2, "都道府県コード": 39, "市区町村コード": 306, "所在地": "高知県安芸郡馬路村大字馬路４０５ー１", "緯度": 33.552456, "経度": 134.048671, "url": "https://www.iryou.teikyouseido.mhlw.go.jp/znk-web/juminkanja/S2430/initialize?prefCd=39&kikanCd=2395202780&kikanKbn=2", "url2": null, "内容": "馬路村立馬路診療所【2:診療所】【診療科目:内科_歯科】高知県安芸郡馬路村大字馬路４０５ー１" }, "geometry": { "type": "Point", "coordinates": [ 134.048671, 33.552456 ] } },
{ "type": "Feature", "properties": { "ID": 3922395203110, "正式名称": "深谷内科", "機関区分": 2, "都道府県コード": 39, "市区町村コード": 307, "所在地": "高知県安芸郡芸西村和食甲１６０４", "緯度": 33.519764, "経度": 133.811256, "url": "https://www.iryou.teikyouseido.mhlw.go.jp/znk-web/juminkanja/S2430/initialize?prefCd=39&kikanCd=2395203110&kikanKbn=2", "url2": null, "内容": "深谷内科【2:診療所】【診療科目:内科】高知県安芸郡芸西村和食甲１６０４" }, "geometry": { "type": "Point", "coordinates": [ 133.811256, 33.519764 ] } },
{ "type": "Feature", "properties": { "ID": 3922395203240, "正式名称": "魚梁瀬診療所", "機関区分": 2, "都道府県コード": 39, "市区町村コード": 306, "所在地": "高知県安芸郡馬路村大字魚梁瀬１０ー１１", "緯度": 33.615281, "経度": 134.109516, "url": "https://www.iryou.teikyouseido.mhlw.go.jp/znk-web/juminkanja/S2430/initialize?prefCd=39&kikanCd=2395203240&kikanKbn=2", "url2": null, "内容": "魚梁瀬診療所【2:診療所】【診療科目:内科】高知県安芸郡馬路村大字魚梁瀬１０ー１１" }, "geometry": { "type": "Point", "coordinates": [ 134.109516, 33.615281 ] } },
{ "type": "Feature", "properties": { "ID": 3922395203950, "正式名称": "尾木医院", "機関区分": 2, "都道府県コード": 39, "市区町村コード": 203, "所在地": "高知県安芸市本町３－１０－３０", "緯度": 33.499889, "経度": 133.902105, "url": "https://www.iryou.teikyouseido.mhlw.go.jp/znk-web/juminkanja/S2430/initialize?prefCd=39&kikanCd=2395203950&kikanKbn=2", "url2": "https://www.ogiiin.com/", "内容": "尾木医院【2:診療所】【診療科目:内科_小児科】高知県安芸市本町３－１０－３０" }, "geometry": { "type": "Point", "coordinates": [ 133.902105, 33.499889 ] } },
{ "type": "Feature", "properties": { "ID": 3922395204250, "正式名称": "安芸クリニック", "機関区分": 2, "都道府県コード": 39, "市区町村コード": 203, "所在地": "高知県安芸市東浜", "緯度": 33.507915, "経度": 133.90887, "url": "https://www.iryou.teikyouseido.mhlw.go.jp/znk-web/juminkanja/S2430/initialize?prefCd=39&kikanCd=2395204250&kikanKbn=2", "url2": null, "内容": "安芸クリニック【2:診療所】【診療科目:内科_泌尿器科】高知県安芸市東浜" }, "geometry": { "type": "Point", "coordinates": [ 133.90887, 33.507915 ] } },
{ "type": "Feature", "properties": { "ID": 3922395204380, "正式名称": "津田クリニック", "機関区分": 2, "都道府県コード": 39, "市区町村コード": 203, "所在地": "高知県安芸市庄之芝町９番３４号", "緯度": 33.503239, "経度": 133.89868, "url": "https://www.iryou.teikyouseido.mhlw.go.jp/znk-web/juminkanja/S2430/initialize?prefCd=39&kikanCd=2395204380&kikanKbn=2", "url2": null, "内容": "津田クリニック【2:診療所】【診療科目:内科_感染症内科_内分泌内科_脂質代謝内科_糖尿病・代謝内科_消化器内科_肝臓内科_老年内科_アレルギー疾患内科】高知県安芸市庄之芝町９番３４号" }, "geometry": { "type": "Point", "coordinates": [ 133.89868, 33.503239 ] } },
{ "type": "Feature", "properties": { "ID": 3922395204700, "正式名称": "宇都宮内科", "機関区分": 2, "都道府県コード": 39, "市区町村コード": 203, "所在地": "高知県安芸市染井町１－３８", "緯度": 33.503102, "経度": 133.897638, "url": "https://www.iryou.teikyouseido.mhlw.go.jp/znk-web/juminkanja/S2430/initialize?prefCd=39&kikanCd=2395204700&kikanKbn=2", "url2": null, "内容": "宇都宮内科【2:診療所】【診療科目:内科_呼吸器内科_消化器内科_小児科_リハビリテーション科】高知県安芸市染井町１－３８" }, "geometry": { "type": "Point", "coordinates": [ 133.897638, 33.503102 ] } },
{ "type": "Feature", "properties": { "ID": 3922395204960, "正式名称": "医療法人一丸会矢の丸眼科", "機関区分": 2, "都道府県コード": 39, "市区町村コード": 203, "所在地": "高知県安芸市矢ノ丸３－２－１７", "緯度": 33.503615, "経度": 133.907405, "url": "https://www.iryou.teikyouseido.mhlw.go.jp/znk-web/juminkanja/S2430/initialize?prefCd=39&kikanCd=2395204960&kikanKbn=2", "url2": null, "内容": "医療法人一丸会矢の丸眼科【2:診療所】【診療科目:眼科】高知県安芸市矢ノ丸３－２－１７" }, "geometry": { "type": "Point", "coordinates": [ 133.907405, 33.503615 ] } },
{ "type": "Feature", "properties": { "ID": 3922395205000, "正式名称": "はまうづ医院", "機関区分": 2, "都道府県コード": 39, "市区町村コード": 302, "所在地": "高知県安芸郡奈半利町乙３７４２－１", "緯度": 33.436724, "経度": 134.027624, "url": "https://www.iryou.teikyouseido.mhlw.go.jp/znk-web/juminkanja/S2430/initialize?prefCd=39&kikanCd=2395205000&kikanKbn=2", "url2": "http://www.ccc-21.co.jp/jinchikai", "内容": "はまうづ医院【2:診療所】【診療科目:内科_胃腸内科_小児科_皮膚科_リハビリテーション科】高知県安芸郡奈半利町乙３７４２－１" }, "geometry": { "type": "Point", "coordinates": [ 134.027624, 33.436724 ] } },
{ "type": "Feature", "properties": { "ID": 3922395300400, "正式名称": "江渕診療所", "機関区分": 2, "都道府県コード": 39, "市区町村コード": 205, "所在地": "高知県土佐市家俊１１７９", "緯度": 33.461151, "経度": 133.346302, "url": "https://www.iryou.teikyouseido.mhlw.go.jp/znk-web/juminkanja/S2430/initialize?prefCd=39&kikanCd=2395300400&kikanKbn=2", "url2": null, "内容": "江渕診療所【2:診療所】【診療科目:内科_循環器内科_消化器内科】高知県土佐市家俊１１７９" }, "geometry": { "type": "Point", "coordinates": [ 133.346302, 33.461151 ] } },
{ "type": "Feature", "properties": { "ID": 3922395301380, "正式名称": "松岡内科", "機関区分": 2, "都道府県コード": 39, "市区町村コード": 205, "所在地": "高知県土佐市高岡町甲２１５８－２", "緯度": 33.495352, "経度": 133.421592, "url": "https://www.iryou.teikyouseido.mhlw.go.jp/znk-web/juminkanja/S2430/initialize?prefCd=39&kikanCd=2395301380&kikanKbn=2", "url2": null, "内容": "松岡内科【2:診療所】【診療科目:内科_呼吸器内科_循環器内科_消化器内科】高知県土佐市高岡町甲２１５８－２" }, "geometry": { "type": "Point", "coordinates": [ 133.421592, 33.495352 ] } },
{ "type": "Feature", "properties": { "ID": 3922395301410, "正式名称": "医療法人　高尚会　川田整形外科", "機関区分": 2, "都道府県コード": 39, "市区町村コード": 205, "所在地": "高知県土佐市高岡町甲９２０－１", "緯度": 33.496458, "経度": 133.430852, "url": "https://www.iryou.teikyouseido.mhlw.go.jp/znk-web/juminkanja/S2430/initialize?prefCd=39&kikanCd=2395301410&kikanKbn=2", "url2": "http://www.kawada-seikei.com/", "内容": "医療法人　高尚会　川田整形外科【2:診療所】【診療科目:整形外科_リハビリテーション科_麻酔科】高知県土佐市高岡町甲９２０－１" }, "geometry": { "type": "Point", "coordinates": [ 133.430852, 33.496458 ] } },
{ "type": "Feature", "properties": { "ID": 3922395303010, "正式名称": "医療法人　宏林会　須崎　菅野医院", "機関区分": 2, "都道府県コード": 39, "市区町村コード": 206, "所在地": "高知県須崎市西糺町１", "緯度": 33.391158, "経度": 133.284917, "url": "https://www.iryou.teikyouseido.mhlw.go.jp/znk-web/juminkanja/S2430/initialize?prefCd=39&kikanCd=2395303010&kikanKbn=2", "url2": "http://www.korinn.jp", "内容": "医療法人　宏林会　須崎　菅野医院【2:診療所】【診療科目:内科_消化器内科】高知県須崎市西糺町１" }, "geometry": { "type": "Point", "coordinates": [ 133.284917, 33.391158 ] } },
{ "type": "Feature", "properties": { "ID": 3922395303720, "正式名称": "梼原町立四万川診療所", "機関区分": 2, "都道府県コード": 39, "市区町村コード": 405, "所在地": "高知県高岡郡檮原町六丁１５２", "緯度": 33.428644, "経度": 132.87607, "url": "https://www.iryou.teikyouseido.mhlw.go.jp/znk-web/juminkanja/S2430/initialize?prefCd=39&kikanCd=2395303720&kikanKbn=2", "url2": null, "内容": "梼原町立四万川診療所【2:診療所】【診療科目:内科】高知県高岡郡檮原町六丁１５２" }, "geometry": { "type": "Point", "coordinates": [ 132.87607, 33.428644 ] } },
{ "type": "Feature", "properties": { "ID": 3922395304310, "正式名称": "つのやまクリニック", "機関区分": 2, "都道府県コード": 39, "市区町村コード": 411, "所在地": "高知県高岡郡津野町力石２８２９－３", "緯度": 33.39393, "経度": 133.025778, "url": "https://www.iryou.teikyouseido.mhlw.go.jp/znk-web/juminkanja/S2430/initialize?prefCd=39&kikanCd=2395304310&kikanKbn=2", "url2": null, "内容": "つのやまクリニック【2:診療所】【診療科目:内科】高知県高岡郡津野町力石２８２９－３" }, "geometry": { "type": "Point", "coordinates": [ 133.025778, 33.39393 ] } },
{ "type": "Feature", "properties": { "ID": 3922395304730, "正式名称": "津野町国民健康保険杉ノ川診療所", "機関区分": 2, "都道府県コード": 39, "市区町村コード": 411, "所在地": "高知県高岡郡津野町杉ノ川甲", "緯度": 33.439171, "経度": 133.158854, "url": "https://www.iryou.teikyouseido.mhlw.go.jp/znk-web/juminkanja/S2430/initialize?prefCd=39&kikanCd=2395304730&kikanKbn=2", "url2": null, "内容": "津野町国民健康保険杉ノ川診療所【2:診療所】【診療科目:内科】高知県高岡郡津野町杉ノ川甲" }, "geometry": { "type": "Point", "coordinates": [ 133.158854, 33.439171 ] } },
{ "type": "Feature", "properties": { "ID": 3922395304860, "正式名称": "浦ノ内診療所", "機関区分": 2, "都道府県コード": 39, "市区町村コード": 206, "所在地": "高知県須崎市浦ノ内東分１６８－１１４", "緯度": 33.427265, "経度": 133.362411, "url": "https://www.iryou.teikyouseido.mhlw.go.jp/znk-web/juminkanja/S2430/initialize?prefCd=39&kikanCd=2395304860&kikanKbn=2", "url2": null, "内容": "浦ノ内診療所【2:診療所】【診療科目:内科】高知県須崎市浦ノ内東分１６８－１１４" }, "geometry": { "type": "Point", "coordinates": [ 133.362411, 33.427265 ] } },
{ "type": "Feature", "properties": { "ID": 3922395305290, "正式名称": "中土佐町立上ノ加江診療所", "機関区分": 2, "都道府県コード": 39, "市区町村コード": 401, "所在地": "高知県高岡郡中土佐町上ノ加江７７８―１", "緯度": 33.277391, "経度": 133.237124, "url": "https://www.iryou.teikyouseido.mhlw.go.jp/znk-web/juminkanja/S2430/initialize?prefCd=39&kikanCd=2395305290&kikanKbn=2", "url2": null, "内容": "中土佐町立上ノ加江診療所【2:診療所】【診療科目:内科】高知県高岡郡中土佐町上ノ加江７７８―１" }, "geometry": { "type": "Point", "coordinates": [ 133.237124, 33.277391 ] } },
{ "type": "Feature", "properties": { "ID": 3922395305450, "正式名称": "梼原町立松原診療所", "機関区分": 2, "都道府県コード": 39, "市区町村コード": 405, "所在地": "高知県高岡郡檮原町松原５７８", "緯度": 33.310881, "経度": 132.977174, "url": "https://www.iryou.teikyouseido.mhlw.go.jp/znk-web/juminkanja/S2430/initialize?prefCd=39&kikanCd=2395305450&kikanKbn=2", "url2": null, "内容": "梼原町立松原診療所【2:診療所】【診療科目:内科】高知県高岡郡檮原町松原５７８" }, "geometry": { "type": "Point", "coordinates": [ 132.977174, 33.310881 ] } },
{ "type": "Feature", "properties": { "ID": 3922395305610, "正式名称": "中山整形外科", "機関区分": 2, "都道府県コード": 39, "市区町村コード": 206, "所在地": "高知県須崎市妙見町９ー１０", "緯度": 33.414455, "経度": 133.293362, "url": "https://www.iryou.teikyouseido.mhlw.go.jp/znk-web/juminkanja/S2430/initialize?prefCd=39&kikanCd=2395305610&kikanKbn=2", "url2": null, "内容": "中山整形外科【2:診療所】【診療科目:整形外科】高知県須崎市妙見町９ー１０" }, "geometry": { "type": "Point", "coordinates": [ 133.293362, 33.414455 ] } },
{ "type": "Feature", "properties": { "ID": 3922395306330, "正式名称": "橋本外科胃腸科内科", "機関区分": 2, "都道府県コード": 39, "市区町村コード": 205, "所在地": "高知県土佐市高岡町甲７５０－１", "緯度": 33.495605, "経度": 133.435224, "url": "https://www.iryou.teikyouseido.mhlw.go.jp/znk-web/juminkanja/S2430/initialize?prefCd=39&kikanCd=2395306330&kikanKbn=2", "url2": "https://sites.google.com/hashimoto-cli.net/hashimoto", "内容": "橋本外科胃腸科内科【2:診療所】【診療科目:内科_循環器内科_胃腸内科_外科_肛門外科_放射線科_理学診療科】高知県土佐市高岡町甲７５０－１" }, "geometry": { "type": "Point", "coordinates": [ 133.435224, 33.495605 ] } },
{ "type": "Feature", "properties": { "ID": 3922395306460, "正式名称": "津野町国民健康保険姫野々診療所", "機関区分": 2, "都道府県コード": 39, "市区町村コード": 411, "所在地": "高知県高岡郡津野町姫野々４７３ー１", "緯度": 33.441428, "経度": 133.212149, "url": "https://www.iryou.teikyouseido.mhlw.go.jp/znk-web/juminkanja/S2430/initialize?prefCd=39&kikanCd=2395306460&kikanKbn=2", "url2": null, "内容": "津野町国民健康保険姫野々診療所【2:診療所】【診療科目:内科_整形外科】高知県高岡郡津野町姫野々４７３ー１" }, "geometry": { "type": "Point", "coordinates": [ 133.212149, 33.441428 ] } },
{ "type": "Feature", "properties": { "ID": 3922395306880, "正式名称": "医療法人さくら会", "機関区分": 2, "都道府県コード": 39, "市区町村コード": 206, "所在地": "高知県須崎市緑町９０番", "緯度": 33.412823, "経度": 133.288529, "url": "https://www.iryou.teikyouseido.mhlw.go.jp/znk-web/juminkanja/S2430/initialize?prefCd=39&kikanCd=2395306880&kikanKbn=2", "url2": null, "内容": "医療法人さくら会【2:診療所】【診療科目:小児科】高知県須崎市緑町９０番" }, "geometry": { "type": "Point", "coordinates": [ 133.288529, 33.412823 ] } },
{ "type": "Feature", "properties": { "ID": 3922395306910, "正式名称": "岸本内科", "機関区分": 2, "都道府県コード": 39, "市区町村コード": 205, "所在地": "高知県土佐市宇佐町宇佐１７３８", "緯度": 33.450448, "経度": 133.441949, "url": "https://www.iryou.teikyouseido.mhlw.go.jp/znk-web/juminkanja/S2430/initialize?prefCd=39&kikanCd=2395306910&kikanKbn=2", "url2": null, "内容": "岸本内科【2:診療所】【診療科目:内科】高知県土佐市宇佐町宇佐１７３８" }, "geometry": { "type": "Point", "coordinates": [ 133.441949, 33.450448 ] } },
{ "type": "Feature", "properties": { "ID": 3922395400300, "正式名称": "医療法人　鬨の会　大野内科", "機関区分": 2, "都道府県コード": 39, "市区町村コード": 210, "所在地": "高知県四万十市渡川１丁目１番３号", "緯度": 32.988487, "経度": 132.923964, "url": "https://www.iryou.teikyouseido.mhlw.go.jp/znk-web/juminkanja/S2430/initialize?prefCd=39&kikanCd=2395400300&kikanKbn=2", "url2": "https://www.ohnonaika.com/", "内容": "医療法人　鬨の会　大野内科【2:診療所】【診療科目:内科_糖尿病内科】高知県四万十市渡川１丁目１番３号" }, "geometry": { "type": "Point", "coordinates": [ 132.923964, 32.988487 ] } },
{ "type": "Feature", "properties": { "ID": 3922395401310, "正式名称": "正木整形外科", "機関区分": 2, "都道府県コード": 39, "市区町村コード": 210, "所在地": "高知県四万十市中村新町　２ー９", "緯度": 32.994529, "経度": 132.935797, "url": "https://www.iryou.teikyouseido.mhlw.go.jp/znk-web/juminkanja/S2430/initialize?prefCd=39&kikanCd=2395401310&kikanKbn=2", "url2": null, "内容": "正木整形外科【2:診療所】【診療科目:整形外科_リハビリテーション科】高知県四万十市中村新町　２ー９" }, "geometry": { "type": "Point", "coordinates": [ 132.935797, 32.994529 ] } },
{ "type": "Feature", "properties": { "ID": 3922395401990, "正式名称": "菊地産婦人科医院", "機関区分": 2, "都道府県コード": 39, "市区町村コード": 210, "所在地": "高知県四万十市中村桜町１９", "緯度": 32.99667, "経度": 132.933527, "url": "https://www.iryou.teikyouseido.mhlw.go.jp/znk-web/juminkanja/S2430/initialize?prefCd=39&kikanCd=2395401990&kikanKbn=2", "url2": null, "内容": "菊地産婦人科医院【2:診療所】【診療科目:産婦人科】高知県四万十市中村桜町１９" }, "geometry": { "type": "Point", "coordinates": [ 132.933527, 32.99667 ] } },
{ "type": "Feature", "properties": { "ID": 3922395402030, "正式名称": "要医院", "機関区分": 2, "都道府県コード": 39, "市区町村コード": 210, "所在地": "高知県　四万十市駅前町１３番１７号", "緯度": 32.982416, "経度": 132.942915, "url": "https://www.iryou.teikyouseido.mhlw.go.jp/znk-web/juminkanja/S2430/initialize?prefCd=39&kikanCd=2395402030&kikanKbn=2", "url2": null, "内容": "要医院【2:診療所】【診療科目:内科_循環器内科_胃腸内科_放射線科】高知県　四万十市駅前町１３番１７号" }, "geometry": { "type": "Point", "coordinates": [ 132.942915, 32.982416 ] } },
{ "type": "Feature", "properties": { "ID": 3922395403460, "正式名称": "宿毛市立沖の島ヘき地診療所", "機関区分": 2, "都道府県コード": 39, "市区町村コード": 208, "所在地": "高知県宿毛市沖の島町母島１００５", "緯度": 32.73646, "経度": 132.549275, "url": "https://www.iryou.teikyouseido.mhlw.go.jp/znk-web/juminkanja/S2430/initialize?prefCd=39&kikanCd=2395403460&kikanKbn=2", "url2": null, "内容": "宿毛市立沖の島ヘき地診療所【2:診療所】【診療科目:内科】高知県宿毛市沖の島町母島１００５" }, "geometry": { "type": "Point", "coordinates": [ 132.549275, 32.73646 ] } },
{ "type": "Feature", "properties": { "ID": 3922395403910, "正式名称": "高知県宿毛市立沖の島ヘき地診療所弘瀬出張所", "機関区分": 2, "都道府県コード": 39, "市区町村コード": 208, "所在地": "高知県宿毛市沖の島町弘瀬３４４", "緯度": 32.713073, "経度": 132.550909, "url": "https://www.iryou.teikyouseido.mhlw.go.jp/znk-web/juminkanja/S2430/initialize?prefCd=39&kikanCd=2395403910&kikanKbn=2", "url2": null, "内容": "高知県宿毛市立沖の島ヘき地診療所弘瀬出張所【2:診療所】【診療科目:内科】高知県宿毛市沖の島町弘瀬３４４" }, "geometry": { "type": "Point", "coordinates": [ 132.550909, 32.713073 ] } },
{ "type": "Feature", "properties": { "ID": 3922395404210, "正式名称": "黒潮町国保伊与喜出張診療所", "機関区分": 2, "都道府県コード": 39, "市区町村コード": 428, "所在地": "高知県幡多郡黒潮町伊与喜２５ー１", "緯度": 33.10685, "経度": 133.098649, "url": "https://www.iryou.teikyouseido.mhlw.go.jp/znk-web/juminkanja/S2430/initialize?prefCd=39&kikanCd=2395404210&kikanKbn=2", "url2": null, "内容": "黒潮町国保伊与喜出張診療所【2:診療所】【診療科目:内科】高知県幡多郡黒潮町伊与喜２５ー１" }, "geometry": { "type": "Point", "coordinates": [ 133.098649, 33.10685 ] } },
{ "type": "Feature", "properties": { "ID": 3922395404340, "正式名称": "医療法人祥星会　佐賀診療所", "機関区分": 2, "都道府県コード": 39, "市区町村コード": 428, "所在地": "高知県幡多郡黒潮町佐賀７４６－１", "緯度": 33.079642, "経度": 133.106433, "url": "https://www.iryou.teikyouseido.mhlw.go.jp/znk-web/juminkanja/S2430/initialize?prefCd=39&kikanCd=2395404340&kikanKbn=2", "url2": null, "内容": "医療法人祥星会　佐賀診療所【2:診療所】【診療科目:内科_精神科_心療内科】高知県幡多郡黒潮町佐賀７４６－１" }, "geometry": { "type": "Point", "coordinates": [ 133.106433, 33.079642 ] } },
{ "type": "Feature", "properties": { "ID": 3922395404500, "正式名称": "黒潮町国保鈴出張診療所", "機関区分": 2, "都道府県コード": 39, "市区町村コード": 428, "所在地": "高知県幡多郡黒潮町鈴３１７ー３", "緯度": 33.127856, "経度": 133.154661, "url": "https://www.iryou.teikyouseido.mhlw.go.jp/znk-web/juminkanja/S2430/initialize?prefCd=39&kikanCd=2395404500&kikanKbn=2", "url2": null, "内容": "黒潮町国保鈴出張診療所【2:診療所】【診療科目:内科】高知県幡多郡黒潮町鈴３１７ー３" }, "geometry": { "type": "Point", "coordinates": [ 133.154661, 33.127856 ] } },
{ "type": "Feature", "properties": { "ID": 3922395405190, "正式名称": "大方クリニック", "機関区分": 2, "都道府県コード": 39, "市区町村コード": 428, "所在地": "高知県幡多郡黒潮町入野２０１６－１", "緯度": 33.024251, "経度": 133.011345, "url": "https://www.iryou.teikyouseido.mhlw.go.jp/znk-web/juminkanja/S2430/initialize?prefCd=39&kikanCd=2395405190&kikanKbn=2", "url2": null, "内容": "大方クリニック【2:診療所】【診療科目:内科_胃腸内科_リハビリテーション科_放射線科】高知県幡多郡黒潮町入野２０１６－１" }, "geometry": { "type": "Point", "coordinates": [ 133.011345, 33.024251 ] } },
{ "type": "Feature", "properties": { "ID": 3922395406230, "正式名称": "四万十市奥屋内へき地出張診療所", "機関区分": 2, "都道府県コード": 39, "市区町村コード": 210, "所在地": "高知県四万十市西土佐奥屋内", "緯度": 33.110065, "経度": 132.708039, "url": "https://www.iryou.teikyouseido.mhlw.go.jp/znk-web/juminkanja/S2430/initialize?prefCd=39&kikanCd=2395406230&kikanKbn=2", "url2": null, "内容": "四万十市奥屋内へき地出張診療所【2:診療所】【診療科目:内科】高知県四万十市西土佐奥屋内" }, "geometry": { "type": "Point", "coordinates": [ 132.708039, 33.110065 ] } },
{ "type": "Feature", "properties": { "ID": 3922395406360, "正式名称": "四万十市国民健康保険口屋内出張診療所", "機関区分": 2, "都道府県コード": 39, "市区町村コード": 210, "所在地": "高知県四万十市西土佐口屋内１０１－１", "緯度": 33.095034, "経度": 132.804262, "url": "https://www.iryou.teikyouseido.mhlw.go.jp/znk-web/juminkanja/S2430/initialize?prefCd=39&kikanCd=2395406360&kikanKbn=2", "url2": null, "内容": "四万十市国民健康保険口屋内出張診療所【2:診療所】【診療科目:内科】高知県四万十市西土佐口屋内１０１－１" }, "geometry": { "type": "Point", "coordinates": [ 132.804262, 33.095034 ] } },
{ "type": "Feature", "properties": { "ID": 3922395407110, "正式名称": "四万十市国民健康保険西土佐診療所", "機関区分": 2, "都道府県コード": 39, "市区町村コード": 210, "所在地": "高知県四万十市西土佐用井１１１０－２８", "緯度": 33.172544, "経度": 132.794933, "url": "https://www.iryou.teikyouseido.mhlw.go.jp/znk-web/juminkanja/S2430/initialize?prefCd=39&kikanCd=2395407110&kikanKbn=2", "url2": null, "内容": "四万十市国民健康保険西土佐診療所【2:診療所】【診療科目:内科_リハビリテーション科】高知県四万十市西土佐用井１１１０－２８" }, "geometry": { "type": "Point", "coordinates": [ 132.794933, 33.172544 ] } },
{ "type": "Feature", "properties": { "ID": 3922395407400, "正式名称": "三原村国民健康保険診療所", "機関区分": 2, "都道府県コード": 39, "市区町村コード": 427, "所在地": "高知県幡多郡三原村来栖野４７９", "緯度": 32.907869, "経度": 132.84664, "url": "https://www.iryou.teikyouseido.mhlw.go.jp/znk-web/juminkanja/S2430/initialize?prefCd=39&kikanCd=2395407400&kikanKbn=2", "url2": null, "内容": "三原村国民健康保険診療所【2:診療所】【診療科目:内科_消化器内科】高知県幡多郡三原村来栖野４７９" }, "geometry": { "type": "Point", "coordinates": [ 132.84664, 32.907869 ] } },
{ "type": "Feature", "properties": { "ID": 3922395407660, "正式名称": "黒潮町国保拳ノ川診療所", "機関区分": 2, "都道府県コード": 39, "市区町村コード": 428, "所在地": "高知県幡多郡黒潮町拳ノ川３１番地１", "緯度": 33.136832, "経度": 133.123569, "url": "https://www.iryou.teikyouseido.mhlw.go.jp/znk-web/juminkanja/S2430/initialize?prefCd=39&kikanCd=2395407660&kikanKbn=2", "url2": null, "内容": "黒潮町国保拳ノ川診療所【2:診療所】【診療科目:内科】高知県幡多郡黒潮町拳ノ川３１番地１" }, "geometry": { "type": "Point", "coordinates": [ 133.123569, 33.136832 ] } },
{ "type": "Feature", "properties": { "ID": 3922395407790, "正式名称": "伊与田眼科", "機関区分": 2, "都道府県コード": 39, "市区町村コード": 208, "所在地": "高知県宿毛市長田町３ー２２ー２", "緯度": 32.937563, "経度": 132.72068, "url": "https://www.iryou.teikyouseido.mhlw.go.jp/znk-web/juminkanja/S2430/initialize?prefCd=39&kikanCd=2395407790&kikanKbn=2", "url2": null, "内容": "伊与田眼科【2:診療所】【診療科目:眼科】高知県宿毛市長田町３ー２２ー２" }, "geometry": { "type": "Point", "coordinates": [ 132.72068, 32.937563 ] } },
{ "type": "Feature", "properties": { "ID": 3922395407820, "正式名称": "佐々木整形外科医院", "機関区分": 2, "都道府県コード": 39, "市区町村コード": 210, "所在地": "高知県四万十市中村一条通５丁目７９ー２", "緯度": 32.991195, "経度": 132.940242, "url": "https://www.iryou.teikyouseido.mhlw.go.jp/znk-web/juminkanja/S2430/initialize?prefCd=39&kikanCd=2395407820&kikanKbn=2", "url2": null, "内容": "佐々木整形外科医院【2:診療所】【診療科目:外科_整形外科_リウマチ科_リハビリテーション科_放射線科】高知県四万十市中村一条通５丁目７９ー２" }, "geometry": { "type": "Point", "coordinates": [ 132.940242, 32.991195 ] } },
{ "type": "Feature", "properties": { "ID": 3922395408090, "正式名称": "四万十市国民健康保険大宮出張診療所", "機関区分": 2, "都道府県コード": 39, "市区町村コード": 210, "所在地": "高知県四万十市西土佐大宮", "緯度": 33.141102, "経度": 132.750037, "url": "https://www.iryou.teikyouseido.mhlw.go.jp/znk-web/juminkanja/S2430/initialize?prefCd=39&kikanCd=2395408090&kikanKbn=2", "url2": null, "内容": "四万十市国民健康保険大宮出張診療所【2:診療所】【診療科目:内科】高知県四万十市西土佐大宮" }, "geometry": { "type": "Point", "coordinates": [ 132.750037, 33.141102 ] } },
{ "type": "Feature", "properties": { "ID": 3922395408410, "正式名称": "中村クリニック", "機関区分": 2, "都道府県コード": 39, "市区町村コード": 210, "所在地": "高知県四万十市中村大橋通７－１－１０", "緯度": 32.990326, "経度": 132.939701, "url": "https://www.iryou.teikyouseido.mhlw.go.jp/znk-web/juminkanja/S2430/initialize?prefCd=39&kikanCd=2395408410&kikanKbn=2", "url2": null, "内容": "中村クリニック【2:診療所】【診療科目:内科_消化器内科_リハビリテーション科_放射線科】高知県四万十市中村大橋通７－１－１０" }, "geometry": { "type": "Point", "coordinates": [ 132.939701, 32.990326 ] } },
{ "type": "Feature", "properties": { "ID": 3922395408700, "正式名称": "小原外科肛門科胃腸科", "機関区分": 2, "都道府県コード": 39, "市区町村コード": 210, "所在地": "高知県四万十市右山元町３丁目３番１５号", "緯度": 32.981754, "経度": 132.941352, "url": "https://www.iryou.teikyouseido.mhlw.go.jp/znk-web/juminkanja/S2430/initialize?prefCd=39&kikanCd=2395408700&kikanKbn=2", "url2": "http://oharageka.sakura.ne.jp/", "内容": "小原外科肛門科胃腸科【2:診療所】【診療科目:内科_胃腸内科_外科_肛門外科_整形外科_形成外科_美容外科_皮膚科_泌尿器科_リハビリテーション科_放射線科】高知県四万十市右山元町３丁目３番１５号" }, "geometry": { "type": "Point", "coordinates": [ 132.941352, 32.981754 ] } },
{ "type": "Feature", "properties": { "ID": 3922395409260, "正式名称": "こじま眼科", "機関区分": 2, "都道府県コード": 39, "市区町村コード": 210, "所在地": "高知県四万十市駅前町", "緯度": 32.983416, "経度": 132.944179, "url": "https://www.iryou.teikyouseido.mhlw.go.jp/znk-web/juminkanja/S2430/initialize?prefCd=39&kikanCd=2395409260&kikanKbn=2", "url2": "https://kojimaec.or.jp/", "内容": "こじま眼科【2:診療所】【診療科目:眼科】高知県四万十市駅前町" }, "geometry": { "type": "Point", "coordinates": [ 132.944179, 32.983416 ] } },
{ "type": "Feature", "properties": { "ID": 3922395409550, "正式名称": "奥谷整形外科", "機関区分": 2, "都道府県コード": 39, "市区町村コード": 208, "所在地": "高知県宿毛市駅前町２ー７０３", "緯度": 32.931286, "経度": 132.713576, "url": "https://www.iryou.teikyouseido.mhlw.go.jp/znk-web/juminkanja/S2430/initialize?prefCd=39&kikanCd=2395409550&kikanKbn=2", "url2": null, "内容": "奥谷整形外科【2:診療所】【診療科目:内科_整形外科_リハビリテーション科】高知県宿毛市駅前町２ー７０３" }, "geometry": { "type": "Point", "coordinates": [ 132.713576, 32.931286 ] } },
{ "type": "Feature", "properties": { "ID": 3922395409680, "正式名称": "川村内科クリニック", "機関区分": 2, "都道府県コード": 39, "市区町村コード": 208, "所在地": "高知県宿毛市平田町戸内１２５６", "緯度": 32.956762, "経度": 132.791268, "url": "https://www.iryou.teikyouseido.mhlw.go.jp/znk-web/juminkanja/S2430/initialize?prefCd=39&kikanCd=2395409680&kikanKbn=2", "url2": null, "内容": "川村内科クリニック【2:診療所】【診療科目:内科_循環器内科_リハビリテーション科】高知県宿毛市平田町戸内１２５６" }, "geometry": { "type": "Point", "coordinates": [ 132.791268, 32.956762 ] } },
{ "type": "Feature", "properties": { "ID": 3922395410530, "正式名称": "医療法人防治会　梅ノ辻クリニック", "機関区分": 2, "都道府県コード": 39, "市区町村コード": 201, "所在地": "高知県高知市梅ノ辻８－７", "緯度": 33.553602, "経度": 133.543564, "url": "https://www.iryou.teikyouseido.mhlw.go.jp/znk-web/juminkanja/S2430/initialize?prefCd=39&kikanCd=2395410530&kikanKbn=2", "url2": "http://www.umenotsuji-cl.jp", "内容": "医療法人防治会　梅ノ辻クリニック【2:診療所】【診療科目:内科_脳神経外科_整形外科】高知県高知市梅ノ辻８－７" }, "geometry": { "type": "Point", "coordinates": [ 133.543564, 33.553602 ] } },
{ "type": "Feature", "properties": { "ID": 3922395410790, "正式名称": "まあるいこころクリニック", "機関区分": 2, "都道府県コード": 39, "市区町村コード": 210, "所在地": "高知県四万十市具同６７７５－１", "緯度": 32.981199, "経度": 132.904057, "url": "https://www.iryou.teikyouseido.mhlw.go.jp/znk-web/juminkanja/S2430/initialize?prefCd=39&kikanCd=2395410790&kikanKbn=2", "url2": "http://maarui.com", "内容": "まあるいこころクリニック【2:診療所】【診療科目:精神科_心療内科】高知県四万十市具同６７７５－１" }, "geometry": { "type": "Point", "coordinates": [ 132.904057, 32.981199 ] } },
{ "type": "Feature", "properties": { "ID": 3922395411540, "正式名称": "さくらクリニック", "機関区分": 2, "都道府県コード": 39, "市区町村コード": 210, "所在地": "高知県四万十市古津賀四丁目６３番地", "緯度": 32.982152, "経度": 132.954087, "url": "https://www.iryou.teikyouseido.mhlw.go.jp/znk-web/juminkanja/S2430/initialize?prefCd=39&kikanCd=2395411540&kikanKbn=2", "url2": null, "内容": "さくらクリニック【2:診療所】【診療科目:内科_胃腸内科_外科】高知県四万十市古津賀四丁目６３番地" }, "geometry": { "type": "Point", "coordinates": [ 132.954087, 32.982152 ] } },
{ "type": "Feature", "properties": { "ID": 3922395411670, "正式名称": "いしはらクリニック", "機関区分": 2, "都道府県コード": 39, "市区町村コード": 208, "所在地": "高知県宿毛市宿毛５４９０", "緯度": 32.939806, "経度": 132.729429, "url": "https://www.iryou.teikyouseido.mhlw.go.jp/znk-web/juminkanja/S2430/initialize?prefCd=39&kikanCd=2395411670&kikanKbn=2", "url2": "http://ishiharaclinic.web.fc2.com/", "内容": "いしはらクリニック【2:診療所】【診療科目:耳鼻いんこう科_美容皮膚科_アレルギー科】高知県宿毛市宿毛５４９０" }, "geometry": { "type": "Point", "coordinates": [ 132.729429, 32.939806 ] } },
{ "type": "Feature", "properties": { "ID": 3922395411960, "正式名称": "かずクリニック", "機関区分": 2, "都道府県コード": 39, "市区町村コード": 209, "所在地": "高知県土佐清水市本町１０ー３", "緯度": 32.777454, "経度": 132.954027, "url": "https://www.iryou.teikyouseido.mhlw.go.jp/znk-web/juminkanja/S2430/initialize?prefCd=39&kikanCd=2395411960&kikanKbn=2", "url2": null, "内容": "かずクリニック【2:診療所】【診療科目:内科_小児科】高知県土佐清水市本町１０ー３" }, "geometry": { "type": "Point", "coordinates": [ 132.954027, 32.777454 ] } },
{ "type": "Feature", "properties": { "ID": 3922395412000, "正式名称": "こいけクリニック", "機関区分": 2, "都道府県コード": 39, "市区町村コード": 210, "所在地": "高知県四万十市中村大橋通６丁目３－７", "緯度": 32.990012, "経度": 132.937013, "url": "https://www.iryou.teikyouseido.mhlw.go.jp/znk-web/juminkanja/S2430/initialize?prefCd=39&kikanCd=2395412000&kikanKbn=2", "url2": "http://koike-clinic.hp.gogo.jp/pc/", "内容": "こいけクリニック【2:診療所】【診療科目:内科_小児科】高知県四万十市中村大橋通６丁目３－７" }, "geometry": { "type": "Point", "coordinates": [ 132.937013, 32.990012 ] } },
{ "type": "Feature", "properties": { "ID": 3922395412260, "正式名称": "竹本病院附属富山診療所", "機関区分": 2, "都道府県コード": 39, "市区町村コード": 210, "所在地": "高知県四万十市大用３４８", "緯度": 33.102852, "経度": 132.962736, "url": "https://www.iryou.teikyouseido.mhlw.go.jp/znk-web/juminkanja/S2430/initialize?prefCd=39&kikanCd=2395412260&kikanKbn=2", "url2": null, "内容": "竹本病院附属富山診療所【2:診療所】【診療科目:内科】高知県四万十市大用３４８" }, "geometry": { "type": "Point", "coordinates": [ 132.962736, 33.102852 ] } },
{ "type": "Feature", "properties": { "ID": 3922395412420, "正式名称": "まつもと耳鼻咽喉科", "機関区分": 2, "都道府県コード": 39, "市区町村コード": 210, "所在地": "高知県四万十市具同田黒２ー１５０", "緯度": 32.984321, "経度": 132.92082, "url": "https://www.iryou.teikyouseido.mhlw.go.jp/znk-web/juminkanja/S2430/initialize?prefCd=39&kikanCd=2395412420&kikanKbn=2", "url2": null, "内容": "まつもと耳鼻咽喉科【2:診療所】【診療科目:気管食道内科_耳鼻いんこう科】高知県四万十市具同田黒２ー１５０" }, "geometry": { "type": "Point", "coordinates": [ 132.92082, 32.984321 ] } },
{ "type": "Feature", "properties": { "ID": 3922395412680, "正式名称": "たかはし皮フ科", "機関区分": 2, "都道府県コード": 39, "市区町村コード": 210, "所在地": "高知県四万十市具同田黒２－１２－４９", "緯度": 32.985257, "経度": 132.920473, "url": "https://www.iryou.teikyouseido.mhlw.go.jp/znk-web/juminkanja/S2430/initialize?prefCd=39&kikanCd=2395412680&kikanKbn=2", "url2": null, "内容": "たかはし皮フ科【2:診療所】【診療科目:皮膚科】高知県四万十市具同田黒２－１２－４９" }, "geometry": { "type": "Point", "coordinates": [ 132.920473, 32.985257 ] } },
{ "type": "Feature", "properties": { "ID": 3922395413010, "正式名称": "高見眼科", "機関区分": 2, "都道府県コード": 39, "市区町村コード": 208, "所在地": "高知県宿毛市宿毛５４９５－１５", "緯度": 32.931759, "経度": 132.711711, "url": "https://www.iryou.teikyouseido.mhlw.go.jp/znk-web/juminkanja/S2430/initialize?prefCd=39&kikanCd=2395413010&kikanKbn=2", "url2": null, "内容": "高見眼科【2:診療所】【診療科目:眼科】高知県宿毛市宿毛５４９５－１５" }, "geometry": { "type": "Point", "coordinates": [ 132.711711, 32.931759 ] } },
{ "type": "Feature", "properties": { "ID": 3922395414600, "正式名称": "出口クリニック", "機関区分": 2, "都道府県コード": 39, "市区町村コード": 428, "所在地": "高知県幡多郡黒潮町出口２０７０番地", "緯度": 32.980948, "経度": 132.994566, "url": "https://www.iryou.teikyouseido.mhlw.go.jp/znk-web/juminkanja/S2430/initialize?prefCd=39&kikanCd=2395414600&kikanKbn=2", "url2": "http://kotobuki-ideguchi.jp/", "内容": "出口クリニック【2:診療所】【診療科目:内科_整形外科_小児科_心療内科_リハビリテーション科】高知県幡多郡黒潮町出口２０７０番地" }, "geometry": { "type": "Point", "coordinates": [ 132.994566, 32.980948 ] } },
{ "type": "Feature", "properties": { "ID": 3922395415610, "正式名称": "あしずり岬診療所", "機関区分": 2, "都道府県コード": 39, "市区町村コード": 209, "所在地": "高知県土佐清水市天神町１ー２６", "緯度": 32.780167, "経度": 132.954279, "url": "https://www.iryou.teikyouseido.mhlw.go.jp/znk-web/juminkanja/S2430/initialize?prefCd=39&kikanCd=2395415610&kikanKbn=2", "url2": "http://www.ashizurimisaki-clinic.jp/", "内容": "あしずり岬診療所【2:診療所】【診療科目:内科_消化器内科_肛門内科_外科】高知県土佐清水市天神町１ー２６" }, "geometry": { "type": "Point", "coordinates": [ 132.954279, 32.780167 ] } },
{ "type": "Feature", "properties": { "ID": 3922395419940, "正式名称": "竹本病院附属大川筋診療所", "機関区分": 2, "都道府県コード": 39, "市区町村コード": 210, "所在地": "高知県四万十市川登１１０６－４", "緯度": 33.030309, "経度": 132.853827, "url": "https://www.iryou.teikyouseido.mhlw.go.jp/znk-web/juminkanja/S2430/initialize?prefCd=39&kikanCd=2395419940&kikanKbn=2", "url2": null, "内容": "竹本病院附属大川筋診療所【2:診療所】【診療科目:内科】高知県四万十市川登１１０６－４" }, "geometry": { "type": "Point", "coordinates": [ 132.853827, 33.030309 ] } },
{ "type": "Feature", "properties": { "ID": 3922395423530, "正式名称": "医療法人　修命会　土佐丹羽クリニック", "機関区分": 2, "都道府県コード": 39, "市区町村コード": 209, "所在地": "高知県土佐清水市幸町５番３号", "緯度": 32.780961, "経度": 132.953469, "url": "https://www.iryou.teikyouseido.mhlw.go.jp/znk-web/juminkanja/S2430/initialize?prefCd=39&kikanCd=2395423530&kikanKbn=2", "url2": "http://www.tosashimizu-hospital.com/", "内容": "医療法人　修命会　土佐丹羽クリニック【2:診療所】【診療科目:内科_外科_小児科_皮膚科】高知県土佐清水市幸町５番３号" }, "geometry": { "type": "Point", "coordinates": [ 132.953469, 32.780961 ] } },
{ "type": "Feature", "properties": { "ID": 3922395426430, "正式名称": "温クリニック四万十", "機関区分": 2, "都道府県コード": 39, "市区町村コード": 210, "所在地": "高知県四万十市具同５３９０", "緯度": 32.9801, "経度": 132.912343, "url": "https://www.iryou.teikyouseido.mhlw.go.jp/znk-web/juminkanja/S2430/initialize?prefCd=39&kikanCd=2395426430&kikanKbn=2", "url2": "https://nukumori.clinic/", "内容": "温クリニック四万十【2:診療所】【診療科目:内科_循環器内科_リハビリテーション科】高知県四万十市具同５３９０" }, "geometry": { "type": "Point", "coordinates": [ 132.912343, 32.9801 ] } },
{ "type": "Feature", "properties": { "ID": 3922395427280, "正式名称": "医療法人島津会幡多クリニック", "機関区分": 2, "都道府県コード": 39, "市区町村コード": 210, "所在地": "高知県四万十市右山天神町１０－１２", "緯度": 32.984721, "経度": 132.941685, "url": "https://www.iryou.teikyouseido.mhlw.go.jp/znk-web/juminkanja/S2430/initialize?prefCd=39&kikanCd=2395427280&kikanKbn=2", "url2": null, "内容": "医療法人島津会幡多クリニック【2:診療所】【診療科目:内科_人工透析内科_外科_整形外科_透析外科_放射線科】高知県四万十市右山天神町１０－１２" }, "geometry": { "type": "Point", "coordinates": [ 132.941685, 32.984721 ] } },
{ "type": "Feature", "properties": { "ID": 3922395428160, "正式名称": "吉井クリニック", "機関区分": 2, "都道府県コード": 39, "市区町村コード": 210, "所在地": "高知県四万十市中村大橋通６丁目７番５号", "緯度": 32.989789, "経度": 132.937694, "url": "https://www.iryou.teikyouseido.mhlw.go.jp/znk-web/juminkanja/S2430/initialize?prefCd=39&kikanCd=2395428160&kikanKbn=2", "url2": null, "内容": "吉井クリニック【2:診療所】【診療科目:内科_整形外科_形成外科_リウマチ科_リハビリテーション科】高知県四万十市中村大橋通６丁目７番５号" }, "geometry": { "type": "Point", "coordinates": [ 132.937694, 32.989789 ] } },
{ "type": "Feature", "properties": { "ID": 3922395428290, "正式名称": "かなめ循環器内科在宅クリニック", "機関区分": 2, "都道府県コード": 39, "市区町村コード": 210, "所在地": "高知県四万十市中村大橋通７丁目１２番１５号池本ビル１階", "緯度": 32.9901582, "経度": 132.9401911, "url": "https://www.iryou.teikyouseido.mhlw.go.jp/znk-web/juminkanja/S2430/initialize?prefCd=39&kikanCd=2395428290&kikanKbn=2", "url2": null, "内容": "かなめ循環器内科在宅クリニック【2:診療所】【診療科目:内科_循環器内科】高知県四万十市中村大橋通７丁目１２番１５号池本ビル１階" }, "geometry": { "type": "Point", "coordinates": [ 132.9401911, 32.9901582 ] } },
{ "type": "Feature", "properties": { "ID": 3922395428320, "正式名称": "かんぺ医", "機関区分": 2, "都道府県コード": 39, "市区町村コード": 208, "所在地": "高知県宿毛市長田町６－６", "緯度": 32.934916, "経度": 132.71916, "url": "https://www.iryou.teikyouseido.mhlw.go.jp/znk-web/juminkanja/S2430/initialize?prefCd=39&kikanCd=2395428320&kikanKbn=2", "url2": "sites.google.com/view/kanpei/home", "内容": "かんぺ医【2:診療所】【診療科目:脳神経内科_脳神経外科_麻酔科】高知県宿毛市長田町６－６" }, "geometry": { "type": "Point", "coordinates": [ 132.71916, 32.934916 ] } },
{ "type": "Feature", "properties": { "ID": 3922395430020, "正式名称": "四万十ぴよこどもクリニック", "機関区分": 2, "都道府県コード": 39, "市区町村コード": 210, "所在地": "高知県四万十市中村東町１丁目１−２７四万十市立市民病院内西棟１階", "緯度": 32.9936751, "経度": 132.9375412, "url": "https://www.iryou.teikyouseido.mhlw.go.jp/znk-web/juminkanja/S2430/initialize?prefCd=39&kikanCd=2395430020&kikanKbn=2", "url2": "https://shimanto-piyo.com/", "内容": "四万十ぴよこどもクリニック【2:診療所】【診療科目:小児科_小児神経内科】高知県四万十市中村東町１丁目１−２７四万十市立市民病院内西棟１階" }, "geometry": { "type": "Point", "coordinates": [ 132.9375412, 32.9936751 ] } },
{ "type": "Feature", "properties": { "ID": 3922395500880, "正式名称": "医療法人　魁　山北内科リハビリクリニック", "機関区分": 2, "都道府県コード": 39, "市区町村コード": 211, "所在地": "高知県香南市香我美町山北１３０４－１", "緯度": 33.580141, "経度": 133.743167, "url": "https://www.iryou.teikyouseido.mhlw.go.jp/znk-web/juminkanja/S2430/initialize?prefCd=39&kikanCd=2395500880&kikanKbn=2", "url2": "http://yamakita.p-kit.com/", "内容": "医療法人　魁　山北内科リハビリクリニック【2:診療所】【診療科目:内科_リハビリテーション科】高知県香南市香我美町山北１３０４－１" }, "geometry": { "type": "Point", "coordinates": [ 133.743167, 33.580141 ] } },
{ "type": "Feature", "properties": { "ID": 3922395501210, "正式名称": "医療法人楠会　宇賀歯科", "機関区分": 2, "都道府県コード": 39, "市区町村コード": 212, "所在地": "高知県香美市土佐山田町西本町２ー３ー１", "緯度": 33.604599, "経度": 133.683562, "url": "https://www.iryou.teikyouseido.mhlw.go.jp/znk-web/juminkanja/S2430/initialize?prefCd=39&kikanCd=2395501210&kikanKbn=2", "url2": "http://www.uka-micro.jp/", "内容": "医療法人楠会　宇賀歯科【2:診療所】【診療科目:皮膚科_歯科_矯正歯科_歯科口腔外科】高知県香美市土佐山田町西本町２ー３ー１" }, "geometry": { "type": "Point", "coordinates": [ 133.683562, 33.604599 ] } },
{ "type": "Feature", "properties": { "ID": 3922395501500, "正式名称": "医療法人祥和会坂本内科", "機関区分": 2, "都道府県コード": 39, "市区町村コード": 212, "所在地": "高知県香美市土佐山田町東本町４－１－３８", "緯度": 33.606876, "経度": 133.690886, "url": "https://www.iryou.teikyouseido.mhlw.go.jp/znk-web/juminkanja/S2430/initialize?prefCd=39&kikanCd=2395501500&kikanKbn=2", "url2": null, "内容": "医療法人祥和会坂本内科【2:診療所】【診療科目:内科_循環器内科_消化器内科_皮膚科_放射線科】高知県香美市土佐山田町東本町４－１－３８" }, "geometry": { "type": "Point", "coordinates": [ 133.690886, 33.606876 ] } },
{ "type": "Feature", "properties": { "ID": 3922395501630, "正式名称": "医療法人佐野会佐野内科リハビリテーションクリニック", "機関区分": 2, "都道府県コード": 39, "市区町村コード": 212, "所在地": "高知県香美市土佐山田町東本町３丁目２番４１号", "緯度": 33.606954, "経度": 133.688633, "url": "https://www.iryou.teikyouseido.mhlw.go.jp/znk-web/juminkanja/S2430/initialize?prefCd=39&kikanCd=2395501630&kikanKbn=2", "url2": null, "内容": "医療法人佐野会佐野内科リハビリテーションクリニック【2:診療所】【診療科目:内科_心療内科_リハビリテーション科】高知県香美市土佐山田町東本町３丁目２番４１号" }, "geometry": { "type": "Point", "coordinates": [ 133.688633, 33.606954 ] } },
{ "type": "Feature", "properties": { "ID": 3922395502190, "正式名称": "八井田医院", "機関区分": 2, "都道府県コード": 39, "市区町村コード": 212, "所在地": "高知県香美市土佐山田町西本町５ー３―２１", "緯度": 33.604452, "経度": 133.679707, "url": "https://www.iryou.teikyouseido.mhlw.go.jp/znk-web/juminkanja/S2430/initialize?prefCd=39&kikanCd=2395502190&kikanKbn=2", "url2": null, "内容": "八井田医院【2:診療所】【診療科目:耳鼻いんこう科】高知県香美市土佐山田町西本町５ー３―２１" }, "geometry": { "type": "Point", "coordinates": [ 133.679707, 33.604452 ] } },
{ "type": "Feature", "properties": { "ID": 3922395502800, "正式名称": "医療法人　藤田整形外科", "機関区分": 2, "都道府県コード": 39, "市区町村コード": 211, "所在地": "高知県香南市野市町東野　１６９－１", "緯度": 33.56198, "経度": 133.703489, "url": "https://www.iryou.teikyouseido.mhlw.go.jp/znk-web/juminkanja/S2430/initialize?prefCd=39&kikanCd=2395502800&kikanKbn=2", "url2": null, "内容": "医療法人　藤田整形外科【2:診療所】【診療科目:内科_外科_整形外科_皮膚科_神経科_リウマチ科_リハビリテーション科】高知県香南市野市町東野　１６９－１" }, "geometry": { "type": "Point", "coordinates": [ 133.703489, 33.56198 ] } },
{ "type": "Feature", "properties": { "ID": 3922395503070, "正式名称": "北村産婦人科", "機関区分": 2, "都道府県コード": 39, "市区町村コード": 211, "所在地": "高知県香南市野市町西野５５１－３", "緯度": 33.563779, "経度": 133.700274, "url": "https://www.iryou.teikyouseido.mhlw.go.jp/znk-web/juminkanja/S2430/initialize?prefCd=39&kikanCd=2395503070&kikanKbn=2", "url2": null, "内容": "北村産婦人科【2:診療所】【診療科目:内科_産婦人科】高知県香南市野市町西野５５１－３" }, "geometry": { "type": "Point", "coordinates": [ 133.700274, 33.563779 ] } },
{ "type": "Feature", "properties": { "ID": 3922395503100, "正式名称": "近森医院", "機関区分": 2, "都道府県コード": 39, "市区町村コード": 211, "所在地": "高知県香南市野市町東野４４６－３", "緯度": 33.562943, "経度": 133.719545, "url": "https://www.iryou.teikyouseido.mhlw.go.jp/znk-web/juminkanja/S2430/initialize?prefCd=39&kikanCd=2395503100&kikanKbn=2", "url2": null, "内容": "近森医院【2:診療所】【診療科目:内科_循環器内科_消化器内科_胃腸内科_小児科】高知県香南市野市町東野４４６－３" }, "geometry": { "type": "Point", "coordinates": [ 133.719545, 33.562943 ] } },
{ "type": "Feature", "properties": { "ID": 3922395503230, "正式名称": "医療法人みどり会　鈴木内科", "機関区分": 2, "都道府県コード": 39, "市区町村コード": 211, "所在地": "高知県香南市野市町みどり野１丁目６４", "緯度": 33.563712, "経度": 133.714065, "url": "https://www.iryou.teikyouseido.mhlw.go.jp/znk-web/juminkanja/S2430/initialize?prefCd=39&kikanCd=2395503230&kikanKbn=2", "url2": null, "内容": "医療法人みどり会　鈴木内科【2:診療所】【診療科目:内科_代謝内科_内分泌内科_呼吸器内科_循環器内科_消化器内科_リウマチ科】高知県香南市野市町みどり野１丁目６４" }, "geometry": { "type": "Point", "coordinates": [ 133.714065, 33.563712 ] } },
{ "type": "Feature", "properties": { "ID": 3922395503360, "正式名称": "夜須診療所", "機関区分": 2, "都道府県コード": 39, "市区町村コード": 211, "所在地": "高知県香南市夜須町手結２９８－３０", "緯度": 33.529762, "経度": 133.756818, "url": "https://www.iryou.teikyouseido.mhlw.go.jp/znk-web/juminkanja/S2430/initialize?prefCd=39&kikanCd=2395503360&kikanKbn=2", "url2": null, "内容": "夜須診療所【2:診療所】【診療科目:内科_循環器内科_消化器内科_小児科】高知県香南市夜須町手結２９８－３０" }, "geometry": { "type": "Point", "coordinates": [ 133.756818, 33.529762 ] } },
{ "type": "Feature", "properties": { "ID": 3922395503490, "正式名称": "医療法人茂志会寺田内科", "機関区分": 2, "都道府県コード": 39, "市区町村コード": 211, "所在地": "高知県香南市夜須町坪井２３ー１", "緯度": 33.53728, "経度": 133.756489, "url": "https://www.iryou.teikyouseido.mhlw.go.jp/znk-web/juminkanja/S2430/initialize?prefCd=39&kikanCd=2395503490&kikanKbn=2", "url2": null, "内容": "医療法人茂志会寺田内科【2:診療所】【診療科目:内科_呼吸器内科_循環器内科_消化器内科_小児科_放射線科】高知県香南市夜須町坪井２３ー１" }, "geometry": { "type": "Point", "coordinates": [ 133.756489, 33.53728 ] } },
{ "type": "Feature", "properties": { "ID": 3922395503650, "正式名称": "医療法人敬善会　前田メディカルクリニック", "機関区分": 2, "都道府県コード": 39, "市区町村コード": 212, "所在地": "高知県香美市香北町美良布１５１６－３", "緯度": 33.647011, "経度": 133.776612, "url": "https://www.iryou.teikyouseido.mhlw.go.jp/znk-web/juminkanja/S2430/initialize?prefCd=39&kikanCd=2395503650&kikanKbn=2", "url2": "http://www.maeda-mc.com", "内容": "医療法人敬善会　前田メディカルクリニック【2:診療所】【診療科目:内科_外科_整形外科_形成外科_小児科_リハビリテーション科】高知県香美市香北町美良布１５１６－３" }, "geometry": { "type": "Point", "coordinates": [ 133.776612, 33.647011 ] } },
{ "type": "Feature", "properties": { "ID": 3922395504370, "正式名称": "疋田内科", "機関区分": 2, "都道府県コード": 39, "市区町村コード": 211, "所在地": "高知県香南市野市町西野２６３６－６", "緯度": 33.560372, "経度": 133.701323, "url": "https://www.iryou.teikyouseido.mhlw.go.jp/znk-web/juminkanja/S2430/initialize?prefCd=39&kikanCd=2395504370&kikanKbn=2", "url2": "https://sites.google.com/hikitanaika.com/oshirase/%E3%83%9B%E3%83%BC%E3%83%A0", "内容": "疋田内科【2:診療所】【診療科目:内科_呼吸器内科_循環器内科_胃腸内科_小児科_精神科_心療内科_リハビリテーション科】高知県香南市野市町西野２６３６－６" }, "geometry": { "type": "Point", "coordinates": [ 133.701323, 33.560372 ] } },
{ "type": "Feature", "properties": { "ID": 3922395504400, "正式名称": "赤岡医院", "機関区分": 2, "都道府県コード": 39, "市区町村コード": 211, "所在地": "高知県香南市赤岡町５６９", "緯度": 33.541705, "経度": 133.723211, "url": "https://www.iryou.teikyouseido.mhlw.go.jp/znk-web/juminkanja/S2430/initialize?prefCd=39&kikanCd=2395504400&kikanKbn=2", "url2": null, "内容": "赤岡医院【2:診療所】【診療科目:内科_神経内科_小児科_リハビリテーション科】高知県香南市赤岡町５６９" }, "geometry": { "type": "Point", "coordinates": [ 133.723211, 33.541705 ] } },
{ "type": "Feature", "properties": { "ID": 3922395504790, "正式名称": "安岡クリニック", "機関区分": 2, "都道府県コード": 39, "市区町村コード": 212, "所在地": "高知県香美市土佐山田町楠目１６３", "緯度": 33.610862, "経度": 133.708211, "url": "https://www.iryou.teikyouseido.mhlw.go.jp/znk-web/juminkanja/S2430/initialize?prefCd=39&kikanCd=2395504790&kikanKbn=2", "url2": null, "内容": "安岡クリニック【2:診療所】【診療科目:内科_消化器内科】高知県香美市土佐山田町楠目１６３" }, "geometry": { "type": "Point", "coordinates": [ 133.708211, 33.610862 ] } },
{ "type": "Feature", "properties": { "ID": 3922395505410, "正式名称": "楠目循環器科内科・眼科", "機関区分": 2, "都道府県コード": 39, "市区町村コード": 212, "所在地": "高知県香美市土佐山田町百石町１丁目１１番２１号", "緯度": 33.607178, "経度": 133.693874, "url": "https://www.iryou.teikyouseido.mhlw.go.jp/znk-web/juminkanja/S2430/initialize?prefCd=39&kikanCd=2395505410&kikanKbn=2", "url2": "http://www.kuzume.or.jp/", "内容": "楠目循環器科内科・眼科【2:診療所】【診療科目:眼科】高知県香美市土佐山田町百石町１丁目１１番２１号" }, "geometry": { "type": "Point", "coordinates": [ 133.693874, 33.607178 ] } },
{ "type": "Feature", "properties": { "ID": 3922395505700, "正式名称": "香美市立大栃診療所", "機関区分": 2, "都道府県コード": 39, "市区町村コード": 212, "所在地": "高知県香美市物部町大栃８９８ー１", "緯度": 33.696879, "経度": 133.874174, "url": "https://www.iryou.teikyouseido.mhlw.go.jp/znk-web/juminkanja/S2430/initialize?prefCd=39&kikanCd=2395505700&kikanKbn=2", "url2": null, "内容": "香美市立大栃診療所【2:診療所】【診療科目:内科_外科_脳神経外科_整形外科_小児科】高知県香美市物部町大栃８９８ー１" }, "geometry": { "type": "Point", "coordinates": [ 133.874174, 33.696879 ] } },
{ "type": "Feature", "properties": { "ID": 3922395505830, "正式名称": "のいち耳鼻咽喉科医院", "機関区分": 2, "都道府県コード": 39, "市区町村コード": 211, "所在地": "高知県香南市野市町西野２３４３", "緯度": 33.556983, "経度": 133.699532, "url": "https://www.iryou.teikyouseido.mhlw.go.jp/znk-web/juminkanja/S2430/initialize?prefCd=39&kikanCd=2395505830&kikanKbn=2", "url2": null, "内容": "のいち耳鼻咽喉科医院【2:診療所】【診療科目:耳鼻いんこう科】高知県香南市野市町西野２３４３" }, "geometry": { "type": "Point", "coordinates": [ 133.699532, 33.556983 ] } },
{ "type": "Feature", "properties": { "ID": 3922395505960, "正式名称": "医療法人岩河会岩河整形外科", "機関区分": 2, "都道府県コード": 39, "市区町村コード": 212, "所在地": "高知県香美市土佐山田町百石町２丁目４番２０号", "緯度": 33.608928, "経度": 133.697376, "url": "https://www.iryou.teikyouseido.mhlw.go.jp/znk-web/juminkanja/S2430/initialize?prefCd=39&kikanCd=2395505960&kikanKbn=2", "url2": "https://www.iwagawakai.com", "内容": "医療法人岩河会岩河整形外科【2:診療所】【診療科目:外科_整形外科_リウマチ科_リハビリテーション科_麻酔科】高知県香美市土佐山田町百石町２丁目４番２０号" }, "geometry": { "type": "Point", "coordinates": [ 133.697376, 33.608928 ] } },
{ "type": "Feature", "properties": { "ID": 3922395506000, "正式名称": "医療法人速水会　たにむら産婦人科", "機関区分": 2, "都道府県コード": 39, "市区町村コード": 212, "所在地": "高知県香美市土佐山田町宝町１－３１－１", "緯度": 33.603642, "経度": 133.685712, "url": "https://www.iryou.teikyouseido.mhlw.go.jp/znk-web/juminkanja/S2430/initialize?prefCd=39&kikanCd=2395506000&kikanKbn=2", "url2": "http://www.kochikc.co.jp/tanimura-cl/", "内容": "医療法人速水会　たにむら産婦人科【2:診療所】【診療科目:内科_小児科_産婦人科】高知県香美市土佐山田町宝町１－３１－１" }, "geometry": { "type": "Point", "coordinates": [ 133.685712, 33.603642 ] } },
{ "type": "Feature", "properties": { "ID": 3922395506130, "正式名称": "医療法人健仁会小松内科", "機関区分": 2, "都道府県コード": 39, "市区町村コード": 212, "所在地": "高知県香美市土佐山田町百石町１－７－８", "緯度": 33.608181, "経度": 133.694319, "url": "https://www.iryou.teikyouseido.mhlw.go.jp/znk-web/juminkanja/S2430/initialize?prefCd=39&kikanCd=2395506130&kikanKbn=2", "url2": null, "内容": "医療法人健仁会小松内科【2:診療所】【診療科目:内科】高知県香美市土佐山田町百石町１－７－８" }, "geometry": { "type": "Point", "coordinates": [ 133.694319, 33.608181 ] } },
{ "type": "Feature", "properties": { "ID": 3922395506260, "正式名称": "藤川クリニック", "機関区分": 2, "都道府県コード": 39, "市区町村コード": 211, "所在地": "高知県香南市野市町西野２１９２－２", "緯度": 33.558577, "経度": 133.695328, "url": "https://www.iryou.teikyouseido.mhlw.go.jp/znk-web/juminkanja/S2430/initialize?prefCd=39&kikanCd=2395506260&kikanKbn=2", "url2": null, "内容": "藤川クリニック【2:診療所】【診療科目:内科_胃腸内科_外科_肛門外科_皮膚科_リハビリテーション科】高知県香南市野市町西野２１９２－２" }, "geometry": { "type": "Point", "coordinates": [ 133.695328, 33.558577 ] } },
{ "type": "Feature", "properties": { "ID": 3922395506420, "正式名称": "医療法人良弥会西山内科", "機関区分": 2, "都道府県コード": 39, "市区町村コード": 211, "所在地": "高知県香南市野市町西野５１－１", "緯度": 33.581604, "経度": 133.69743, "url": "https://www.iryou.teikyouseido.mhlw.go.jp/znk-web/juminkanja/S2430/initialize?prefCd=39&kikanCd=2395506420&kikanKbn=2", "url2": null, "内容": "医療法人良弥会西山内科【2:診療所】【診療科目:内科_小児科】高知県香南市野市町西野５１－１" }, "geometry": { "type": "Point", "coordinates": [ 133.69743, 33.581604 ] } },
{ "type": "Feature", "properties": { "ID": 3922395506550, "正式名称": "とさやまだクリニック", "機関区分": 2, "都道府県コード": 39, "市区町村コード": 212, "所在地": "高知県香美市土佐山田町５４８", "緯度": 33.608549, "経度": 133.675607, "url": "https://www.iryou.teikyouseido.mhlw.go.jp/znk-web/juminkanja/S2430/initialize?prefCd=39&kikanCd=2395506550&kikanKbn=2", "url2": null, "内容": "とさやまだクリニック【2:診療所】【診療科目:内科】高知県香美市土佐山田町５４８" }, "geometry": { "type": "Point", "coordinates": [ 133.675607, 33.608549 ] } },
{ "type": "Feature", "properties": { "ID": 3922395601240, "正式名称": "四万十町国民健康保険大正診療所", "機関区分": 2, "都道府県コード": 39, "市区町村コード": 412, "所在地": "高知県高岡郡四万十町大正　４５９ー１", "緯度": 33.193119, "経度": 132.973011, "url": "https://www.iryou.teikyouseido.mhlw.go.jp/znk-web/juminkanja/S2430/initialize?prefCd=39&kikanCd=2395601240&kikanKbn=2", "url2": null, "内容": "四万十町国民健康保険大正診療所【2:診療所】【診療科目:内科_リハビリテーション科】高知県高岡郡四万十町大正　４５９ー１" }, "geometry": { "type": "Point", "coordinates": [ 132.973011, 33.193119 ] } },
{ "type": "Feature", "properties": { "ID": 3922395601820, "正式名称": "四万十町国民健康保険十和診療所", "機関区分": 2, "都道府県コード": 39, "市区町村コード": 412, "所在地": "高知県高岡郡四万十町昭和４６８", "緯度": 33.218394, "経度": 132.89746, "url": "https://www.iryou.teikyouseido.mhlw.go.jp/znk-web/juminkanja/S2430/initialize?prefCd=39&kikanCd=2395601820&kikanKbn=2", "url2": null, "内容": "四万十町国民健康保険十和診療所【2:診療所】【診療科目:内科】高知県高岡郡四万十町昭和４６８" }, "geometry": { "type": "Point", "coordinates": [ 132.89746, 33.218394 ] } },
{ "type": "Feature", "properties": { "ID": 3922395602700, "正式名称": "高橋内科・呼吸器科・消化器科", "機関区分": 2, "都道府県コード": 39, "市区町村コード": 412, "所在地": "高知県高岡郡四万十町東大奈路４８７番地５", "緯度": 33.225341, "経度": 133.146323, "url": "https://www.iryou.teikyouseido.mhlw.go.jp/znk-web/juminkanja/S2430/initialize?prefCd=39&kikanCd=2395602700&kikanKbn=2", "url2": null, "内容": "高橋内科・呼吸器科・消化器科【2:診療所】【診療科目:内科_呼吸器内科_循環器内科_消化器内科】高知県高岡郡四万十町東大奈路４８７番地５" }, "geometry": { "type": "Point", "coordinates": [ 133.146323, 33.225341 ] } },
{ "type": "Feature", "properties": { "ID": 3922395603000, "正式名称": "医療法人和協会ファミリークリニック四万十", "機関区分": 2, "都道府県コード": 39, "市区町村コード": 412, "所在地": "高知県高岡郡四万十町北琴平町２－３７", "緯度": 33.21312, "経度": 133.136601, "url": "https://www.iryou.teikyouseido.mhlw.go.jp/znk-web/juminkanja/S2430/initialize?prefCd=39&kikanCd=2395603000&kikanKbn=2", "url2": null, "内容": "医療法人和協会ファミリークリニック四万十【2:診療所】【診療科目:内科_呼吸器内科_循環器内科_消化器内科_小児科_神経科】高知県高岡郡四万十町北琴平町２－３７" }, "geometry": { "type": "Point", "coordinates": [ 133.136601, 33.21312 ] } },
{ "type": "Feature", "properties": { "ID": 3922395603130, "正式名称": "大道へき地診療所", "機関区分": 2, "都道府県コード": 39, "市区町村コード": 412, "所在地": "高知県高岡郡四万十町奥大道１３５１番地９", "緯度": 33.277222, "経度": 132.889977, "url": "https://www.iryou.teikyouseido.mhlw.go.jp/znk-web/juminkanja/S2430/initialize?prefCd=39&kikanCd=2395603130&kikanKbn=2", "url2": null, "内容": "大道へき地診療所【2:診療所】【診療科目:内科】高知県高岡郡四万十町奥大道１３５１番地９" }, "geometry": { "type": "Point", "coordinates": [ 132.889977, 33.277222 ] } },
{ "type": "Feature", "properties": { "ID": 3922395700130, "正式名称": "酒井医院", "機関区分": 2, "都道府県コード": 39, "市区町村コード": 387, "所在地": "高知県吾川郡仁淀川町土居甲９４１", "緯度": 33.608628, "経度": 133.171594, "url": "https://www.iryou.teikyouseido.mhlw.go.jp/znk-web/juminkanja/S2430/initialize?prefCd=39&kikanCd=2395700130&kikanKbn=2", "url2": null, "内容": "酒井医院【2:診療所】【診療科目:内科】高知県吾川郡仁淀川町土居甲９４１" }, "geometry": { "type": "Point", "coordinates": [ 133.171594, 33.608628 ] } },
{ "type": "Feature", "properties": { "ID": 3922395700390, "正式名称": "仁淀川町国民健康保険大崎診療所", "機関区分": 2, "都道府県コード": 39, "市区町村コード": 387, "所在地": "高知県吾川郡仁淀川町大崎３００番地", "緯度": 33.573076, "経度": 133.171316, "url": "https://www.iryou.teikyouseido.mhlw.go.jp/znk-web/juminkanja/S2430/initialize?prefCd=39&kikanCd=2395700390&kikanKbn=2", "url2": null, "内容": "仁淀川町国民健康保険大崎診療所【2:診療所】【診療科目:内科_歯科】高知県吾川郡仁淀川町大崎３００番地" }, "geometry": { "type": "Point", "coordinates": [ 133.171316, 33.573076 ] } },
{ "type": "Feature", "properties": { "ID": 3922395700840, "正式名称": "西森医院", "機関区分": 2, "都道府県コード": 39, "市区町村コード": 402, "所在地": "高知県高岡郡佐川町中組４９－４", "緯度": 33.475487, "経度": 133.285257, "url": "https://www.iryou.teikyouseido.mhlw.go.jp/znk-web/juminkanja/S2430/initialize?prefCd=39&kikanCd=2395700840&kikanKbn=2", "url2": null, "内容": "西森医院【2:診療所】【診療科目:内科_消化器内科】高知県高岡郡佐川町中組４９－４" }, "geometry": { "type": "Point", "coordinates": [ 133.285257, 33.475487 ] } },
{ "type": "Feature", "properties": { "ID": 3922395701270, "正式名称": "医療法人のぞみ　岡本内科", "機関区分": 2, "都道府県コード": 39, "市区町村コード": 403, "所在地": "高知県高岡郡越知町越知甲１６７８", "緯度": 33.530585, "経度": 133.252696, "url": "https://www.iryou.teikyouseido.mhlw.go.jp/znk-web/juminkanja/S2430/initialize?prefCd=39&kikanCd=2395701270&kikanKbn=2", "url2": null, "内容": "医療法人のぞみ　岡本内科【2:診療所】【診療科目:内科_小児科_皮膚科_放射線科】高知県高岡郡越知町越知甲１６７８" }, "geometry": { "type": "Point", "coordinates": [ 133.252696, 33.530585 ] } },
{ "type": "Feature", "properties": { "ID": 3922395702280, "正式名称": "藤井医院", "機関区分": 2, "都道府県コード": 39, "市区町村コード": 402, "所在地": "高知県高岡郡佐川町乙１８６９", "緯度": 33.508922, "経度": 133.283805, "url": "https://www.iryou.teikyouseido.mhlw.go.jp/znk-web/juminkanja/S2430/initialize?prefCd=39&kikanCd=2395702280&kikanKbn=2", "url2": null, "内容": "藤井医院【2:診療所】【診療科目:内科】高知県高岡郡佐川町乙１８６９" }, "geometry": { "type": "Point", "coordinates": [ 133.283805, 33.508922 ] } },
{ "type": "Feature", "properties": { "ID": 3922395702860, "正式名称": "佐川町立高北国民健康保険病院附属黒岩診療所", "機関区分": 2, "都道府県コード": 39, "市区町村コード": 402, "所在地": "高知県高岡郡佐川町黒原３３５７", "緯度": 33.542732, "経度": 133.285336, "url": "https://www.iryou.teikyouseido.mhlw.go.jp/znk-web/juminkanja/S2430/initialize?prefCd=39&kikanCd=2395702860&kikanKbn=2", "url2": "http://www.town.sakawa.lg.jp/kouhoku_hospital/", "内容": "佐川町立高北国民健康保険病院附属黒岩診療所【2:診療所】【診療科目:内科】高知県高岡郡佐川町黒原３３５７" }, "geometry": { "type": "Point", "coordinates": [ 133.285336, 33.542732 ] } },
{ "type": "Feature", "properties": { "ID": 3922395703450, "正式名称": "わだ眼科皮膚科", "機関区分": 2, "都道府県コード": 39, "市区町村コード": 402, "所在地": "高知県高岡郡佐川町甲１３５１ー１", "緯度": 33.500483, "経度": 133.290607, "url": "https://www.iryou.teikyouseido.mhlw.go.jp/znk-web/juminkanja/S2430/initialize?prefCd=39&kikanCd=2395703450&kikanKbn=2", "url2": null, "内容": "わだ眼科皮膚科【2:診療所】【診療科目:眼科_皮膚科】高知県高岡郡佐川町甲１３５１ー１" }, "geometry": { "type": "Point", "coordinates": [ 133.290607, 33.500483 ] } },
{ "type": "Feature", "properties": { "ID": 3922395703580, "正式名称": "日高クリニック", "機関区分": 2, "都道府県コード": 39, "市区町村コード": 410, "所在地": "高知県高岡郡日高村本郷滝ノ前７", "緯度": 33.535587, "経度": 133.374631, "url": "https://www.iryou.teikyouseido.mhlw.go.jp/znk-web/juminkanja/S2430/initialize?prefCd=39&kikanCd=2395703580&kikanKbn=2", "url2": "https://hidakaclinic.jinseikai.kochi.jp/", "内容": "日高クリニック【2:診療所】【診療科目:内科_整形外科_小児科_リハビリテーション科】高知県高岡郡日高村本郷滝ノ前７" }, "geometry": { "type": "Point", "coordinates": [ 133.374631, 33.535587 ] } },
{ "type": "Feature", "properties": { "ID": 3922395703610, "正式名称": "くぼたこどもクリニック", "機関区分": 2, "都道府県コード": 39, "市区町村コード": 402, "所在地": "高知県高岡郡佐川町甲１０５０ー５", "緯度": 33.50045, "経度": 133.291948, "url": "https://www.iryou.teikyouseido.mhlw.go.jp/znk-web/juminkanja/S2430/initialize?prefCd=39&kikanCd=2395703610&kikanKbn=2", "url2": "https://www.kubota-childclinic.com", "内容": "くぼたこどもクリニック【2:診療所】【診療科目:小児科】高知県高岡郡佐川町甲１０５０ー５" }, "geometry": { "type": "Point", "coordinates": [ 133.291948, 33.50045 ] } },
{ "type": "Feature", "properties": { "ID": 3922395800450, "正式名称": "高橋医院", "機関区分": 2, "都道府県コード": 39, "市区町村コード": 344, "所在地": "高知県長岡郡大豊町大滝４９８", "緯度": 33.791949, "経度": 133.780146, "url": "https://www.iryou.teikyouseido.mhlw.go.jp/znk-web/juminkanja/S2430/initialize?prefCd=39&kikanCd=2395800450&kikanKbn=2", "url2": null, "内容": "高橋医院【2:診療所】【診療科目:内科_小児科_リハビリテーション科】高知県長岡郡大豊町大滝４９８" }, "geometry": { "type": "Point", "coordinates": [ 133.780146, 33.791949 ] } },
{ "type": "Feature", "properties": { "ID": 3922395800900, "正式名称": "医療法人　田井医院", "機関区分": 2, "都道府県コード": 39, "市区町村コード": 363, "所在地": "高知県土佐郡土佐町田井１４５７", "緯度": 33.74853, "経度": 133.555306, "url": "https://www.iryou.teikyouseido.mhlw.go.jp/znk-web/juminkanja/S2430/initialize?prefCd=39&kikanCd=2395800900&kikanKbn=2", "url2": null, "内容": "医療法人　田井医院【2:診療所】【診療科目:内科_循環器内科_外科_小児科_皮膚科】高知県土佐郡土佐町田井１４５７" }, "geometry": { "type": "Point", "coordinates": [ 133.555306, 33.74853 ] } },
{ "type": "Feature", "properties": { "ID": 3922395801460, "正式名称": "いの町立国民健康保険大橋出張診療所", "機関区分": 2, "都道府県コード": 39, "市区町村コード": 386, "所在地": "高知県吾川郡いの町脇ノ山２６４−５", "緯度": 33.773076, "経度": 133.34057, "url": "https://www.iryou.teikyouseido.mhlw.go.jp/znk-web/juminkanja/S2430/initialize?prefCd=39&kikanCd=2395801460&kikanKbn=2", "url2": null, "内容": "いの町立国民健康保険大橋出張診療所【2:診療所】【診療科目:内科】高知県吾川郡いの町脇ノ山２６４−５" }, "geometry": { "type": "Point", "coordinates": [ 133.34057, 33.773076 ] } },
{ "type": "Feature", "properties": { "ID": 3922395801750, "正式名称": "いの町立国民健康保険長沢診療所", "機関区分": 2, "都道府県コード": 39, "市区町村コード": 386, "所在地": "高知県吾川郡いの町長沢２５４ー３", "緯度": 33.725048, "経度": 133.307546, "url": "https://www.iryou.teikyouseido.mhlw.go.jp/znk-web/juminkanja/S2430/initialize?prefCd=39&kikanCd=2395801750&kikanKbn=2", "url2": null, "内容": "いの町立国民健康保険長沢診療所【2:診療所】【診療科目:内科】高知県吾川郡いの町長沢２５４ー３" }, "geometry": { "type": "Point", "coordinates": [ 133.307546, 33.725048 ] } },
{ "type": "Feature", "properties": { "ID": 3922395801880, "正式名称": "いの町立国民健康保険越裏門出張診療所", "機関区分": 2, "都道府県コード": 39, "市区町村コード": 386, "所在地": "高知県吾川郡いの町越裏門２４６−６", "緯度": 33.728929, "経度": 133.234957, "url": "https://www.iryou.teikyouseido.mhlw.go.jp/znk-web/juminkanja/S2430/initialize?prefCd=39&kikanCd=2395801880&kikanKbn=2", "url2": null, "内容": "いの町立国民健康保険越裏門出張診療所【2:診療所】【診療科目:内科】高知県吾川郡いの町越裏門２４６−６" }, "geometry": { "type": "Point", "coordinates": [ 133.234957, 33.728929 ] } },
{ "type": "Feature", "properties": { "ID": 3922395802050, "正式名称": "大川村国民健康保険小松診療所", "機関区分": 2, "都道府県コード": 39, "市区町村コード": 364, "所在地": "高知県土佐郡大川村小松", "緯度": 33.784546, "経度": 133.465541, "url": "https://www.iryou.teikyouseido.mhlw.go.jp/znk-web/juminkanja/S2430/initialize?prefCd=39&kikanCd=2395802050&kikanKbn=2", "url2": null, "内容": "大川村国民健康保険小松診療所【2:診療所】【診療科目:内科】高知県土佐郡大川村小松" }, "geometry": { "type": "Point", "coordinates": [ 133.465541, 33.784546 ] } },
{ "type": "Feature", "properties": { "ID": 3922395802210, "正式名称": "本山町立汗見川へき地診療所", "機関区分": 2, "都道府県コード": 39, "市区町村コード": 341, "所在地": "高知県長岡郡本山町沢ケ内５２４番地１", "緯度": 33.786109, "経度": 133.553638, "url": "https://www.iryou.teikyouseido.mhlw.go.jp/znk-web/juminkanja/S2430/initialize?prefCd=39&kikanCd=2395802210&kikanKbn=2", "url2": null, "内容": "本山町立汗見川へき地診療所【2:診療所】【診療科目:内科_外科_整形外科】高知県長岡郡本山町沢ケ内５２４番地１" }, "geometry": { "type": "Point", "coordinates": [ 133.553638, 33.786109 ] } },
{ "type": "Feature", "properties": { "ID": 3922395802470, "正式名称": "大田口医院", "機関区分": 2, "都道府県コード": 39, "市区町村コード": 344, "所在地": "高知県長岡郡大豊町船戸６０－２", "緯度": 33.787108, "経度": 133.723777, "url": "https://www.iryou.teikyouseido.mhlw.go.jp/znk-web/juminkanja/S2430/initialize?prefCd=39&kikanCd=2395802470&kikanKbn=2", "url2": null, "内容": "大田口医院【2:診療所】【診療科目:内科_小児科_リハビリテーション科】高知県長岡郡大豊町船戸６０－２" }, "geometry": { "type": "Point", "coordinates": [ 133.723777, 33.787108 ] } },
{ "type": "Feature", "properties": { "ID": 3922395901650, "正式名称": "寿美医院", "機関区分": 2, "都道府県コード": 39, "市区町村コード": 301, "所在地": "高知県安芸郡東洋町甲浦５４２", "緯度": 33.548066, "経度": 134.297111, "url": "https://www.iryou.teikyouseido.mhlw.go.jp/znk-web/juminkanja/S2430/initialize?prefCd=39&kikanCd=2395901650&kikanKbn=2", "url2": null, "内容": "寿美医院【2:診療所】【診療科目:内科_胃腸内科】高知県安芸郡東洋町甲浦５４２" }, "geometry": { "type": "Point", "coordinates": [ 134.297111, 33.548066 ] } },
{ "type": "Feature", "properties": { "ID": 3922395902240, "正式名称": "野根診療所", "機関区分": 2, "都道府県コード": 39, "市区町村コード": 301, "所在地": "高知県安芸郡東洋町野根丙", "緯度": 33.505567, "経度": 134.26578, "url": "https://www.iryou.teikyouseido.mhlw.go.jp/znk-web/juminkanja/S2430/initialize?prefCd=39&kikanCd=2395902240&kikanKbn=2", "url2": null, "内容": "野根診療所【2:診療所】【診療科目:内科】高知県安芸郡東洋町野根丙" }, "geometry": { "type": "Point", "coordinates": [ 134.26578, 33.505567 ] } },
{ "type": "Feature", "properties": { "ID": 3922395902530, "正式名称": "医療法人　裕香会　松本医院", "機関区分": 2, "都道府県コード": 39, "市区町村コード": 202, "所在地": "高知県室戸市吉良川町甲２２６３", "緯度": 33.330904, "経度": 134.098724, "url": "https://www.iryou.teikyouseido.mhlw.go.jp/znk-web/juminkanja/S2430/initialize?prefCd=39&kikanCd=2395902530&kikanKbn=2", "url2": null, "内容": "医療法人　裕香会　松本医院【2:診療所】【診療科目:内科_外科】高知県室戸市吉良川町甲２２６３" }, "geometry": { "type": "Point", "coordinates": [ 134.098724, 33.330904 ] } },
{ "type": "Feature", "properties": { "ID": 3922395902820, "正式名称": "むろとぴあ医院", "機関区分": 2, "都道府県コード": 39, "市区町村コード": 202, "所在地": "高知県室戸市浮津", "緯度": 33.291748, "経度": 134.153178, "url": "https://www.iryou.teikyouseido.mhlw.go.jp/znk-web/juminkanja/S2430/initialize?prefCd=39&kikanCd=2395902820&kikanKbn=2", "url2": null, "内容": "むろとぴあ医院【2:診療所】【診療科目:内科_消化器内科_外科_整形外科_小児科_リハビリテーション科】高知県室戸市浮津" }, "geometry": { "type": "Point", "coordinates": [ 134.153178, 33.291748 ] } },
{ "type": "Feature", "properties": { "ID": 3922396002990, "正式名称": "こうせいこどもクリニック", "機関区分": 2, "都道府県コード": 39, "市区町村コード": 201, "所在地": "高知県高知市葛島２－６－３０", "緯度": 33.557275, "経度": 133.573449, "url": "https://www.iryou.teikyouseido.mhlw.go.jp/znk-web/juminkanja/S2430/initialize?prefCd=39&kikanCd=2396002990&kikanKbn=2", "url2": "http://www.koseikodomoclinic.com", "内容": "こうせいこどもクリニック【2:診療所】【診療科目:小児科】高知県高知市葛島２－６－３０" }, "geometry": { "type": "Point", "coordinates": [ 133.573449, 33.557275 ] } },
{ "type": "Feature", "properties": { "ID": 3922396100160, "正式名称": "医療法人北川眼科　北川眼科", "機関区分": 2, "都道府県コード": 39, "市区町村コード": 206, "所在地": "高知県須崎市緑町", "緯度": 33.410322, "経度": 133.288249, "url": "https://www.iryou.teikyouseido.mhlw.go.jp/znk-web/juminkanja/S2430/initialize?prefCd=39&kikanCd=2396100160&kikanKbn=2", "url2": null, "内容": "医療法人北川眼科　北川眼科【2:診療所】【診療科目:眼科】高知県須崎市緑町" }, "geometry": { "type": "Point", "coordinates": [ 133.288249, 33.410322 ] } },
{ "type": "Feature", "properties": { "ID": 3922396100320, "正式名称": "医療法人仁栄会島津クリニック", "機関区分": 2, "都道府県コード": 39, "市区町村コード": 206, "所在地": "高知県須崎市西古市町３ー１５", "緯度": 33.38977, "経度": 133.285475, "url": "https://www.iryou.teikyouseido.mhlw.go.jp/znk-web/juminkanja/S2430/initialize?prefCd=39&kikanCd=2396100320&kikanKbn=2", "url2": "http://www7.ocn.ne.jp/~shimazhp/shmzcli-top.htm", "内容": "医療法人仁栄会島津クリニック【2:診療所】【診療科目:内科_人工透析内科_外科_泌尿器科】高知県須崎市西古市町３ー１５" }, "geometry": { "type": "Point", "coordinates": [ 133.285475, 33.38977 ] } },
{ "type": "Feature", "properties": { "ID": 3922396100610, "正式名称": "上ノ加江クリニック", "機関区分": 2, "都道府県コード": 39, "市区町村コード": 401, "所在地": "高知県高岡郡中土佐町上ノ加江２７７ー１０", "緯度": 33.274072, "経度": 133.246329, "url": "https://www.iryou.teikyouseido.mhlw.go.jp/znk-web/juminkanja/S2430/initialize?prefCd=39&kikanCd=2396100610&kikanKbn=2", "url2": "http://kadofukushikai.com/publics/index/23/", "内容": "上ノ加江クリニック【2:診療所】【診療科目:内科】高知県高岡郡中土佐町上ノ加江２７７ー１０" }, "geometry": { "type": "Point", "coordinates": [ 133.246329, 33.274072 ] } },
{ "type": "Feature", "properties": { "ID": 3922396100870, "正式名称": "須崎医療クリニック", "機関区分": 2, "都道府県コード": 39, "市区町村コード": 206, "所在地": "高知県須崎市多ノ郷甲５７４８－１", "緯度": 33.408775, "経度": 133.28444, "url": "https://www.iryou.teikyouseido.mhlw.go.jp/znk-web/juminkanja/S2430/initialize?prefCd=39&kikanCd=2396100870&kikanKbn=2", "url2": "http://www.susaki-medicalclinic.jp", "内容": "須崎医療クリニック【2:診療所】【診療科目:内科_呼吸器内科_循環器内科_消化器内科_外科_整形外科_皮膚科】高知県須崎市多ノ郷甲５７４８－１" }, "geometry": { "type": "Point", "coordinates": [ 133.28444, 33.408775 ] } },
{ "type": "Feature", "properties": { "ID": 3922396101200, "正式名称": "中土佐町立大野見診療所", "機関区分": 2, "都道府県コード": 39, "市区町村コード": 401, "所在地": "高知県高岡郡中土佐町大野見吉野", "緯度": 33.338055, "経度": 133.13988, "url": "https://www.iryou.teikyouseido.mhlw.go.jp/znk-web/juminkanja/S2430/initialize?prefCd=39&kikanCd=2396101200&kikanKbn=2", "url2": null, "内容": "中土佐町立大野見診療所【2:診療所】【診療科目:内科】高知県高岡郡中土佐町大野見吉野" }, "geometry": { "type": "Point", "coordinates": [ 133.13988, 33.338055 ] } },
{ "type": "Feature", "properties": { "ID": 3922396110130, "正式名称": "クリニック土佐久礼", "機関区分": 2, "都道府県コード": 39, "市区町村コード": 401, "所在地": "高知県高岡郡中土佐町久礼６７２８ー１", "緯度": 33.329697, "経度": 133.2283, "url": "https://www.iryou.teikyouseido.mhlw.go.jp/znk-web/juminkanja/S2430/initialize?prefCd=39&kikanCd=2396110130&kikanKbn=2", "url2": "https://www.clinictosakure.com/", "内容": "クリニック土佐久礼【2:診療所】【診療科目:内科_消化器内科】高知県高岡郡中土佐町久礼６７２８ー１" }, "geometry": { "type": "Point", "coordinates": [ 133.2283, 33.329697 ] } },
{ "type": "Feature", "properties": { "ID": 3922396200190, "正式名称": "医療法人香美会かがみ診療所", "機関区分": 2, "都道府県コード": 39, "市区町村コード": 211, "所在地": "高知県香南市香我美町岸本３２８ー１７４", "緯度": 33.539107, "経度": 133.732736, "url": "https://www.iryou.teikyouseido.mhlw.go.jp/znk-web/juminkanja/S2430/initialize?prefCd=39&kikanCd=2396200190&kikanKbn=2", "url2": "https://www.chisio-group.or.jp/ainosato/related_facilities.html", "内容": "医療法人香美会かがみ診療所【2:診療所】【診療科目:内科_呼吸器内科_循環器内科_消化器内科_胃腸内科】高知県香南市香我美町岸本３２８ー１７４" }, "geometry": { "type": "Point", "coordinates": [ 133.732736, 33.539107 ] } },
{ "type": "Feature", "properties": { "ID": 3922396200510, "正式名称": "たかはし内科小児科", "機関区分": 2, "都道府県コード": 39, "市区町村コード": 204, "所在地": "高知県南国市緑ケ丘２－１７１５", "緯度": 33.533538, "経度": 133.609949, "url": "https://www.iryou.teikyouseido.mhlw.go.jp/znk-web/juminkanja/S2430/initialize?prefCd=39&kikanCd=2396200510&kikanKbn=2", "url2": null, "内容": "たかはし内科小児科【2:診療所】【診療科目:内科_小児科】高知県南国市緑ケ丘２－１７１５" }, "geometry": { "type": "Point", "coordinates": [ 133.609949, 33.533538 ] } },
{ "type": "Feature", "properties": { "ID": 3922396200770, "正式名称": "医療法人岩河会びらふ診療所", "機関区分": 2, "都道府県コード": 39, "市区町村コード": 212, "所在地": "高知県香美市香北町美良布１３１７番地", "緯度": 33.648292, "経度": 133.779517, "url": "https://www.iryou.teikyouseido.mhlw.go.jp/znk-web/juminkanja/S2430/initialize?prefCd=39&kikanCd=2396200770&kikanKbn=2", "url2": null, "内容": "医療法人岩河会びらふ診療所【2:診療所】【診療科目:内科_外科_整形外科_リウマチ科_リハビリテーション科_麻酔科】高知県香美市香北町美良布１３１７番地" }, "geometry": { "type": "Point", "coordinates": [ 133.779517, 33.648292 ] } },
{ "type": "Feature", "properties": { "ID": 3922396200930, "正式名称": "医療法人　久武会　もえぎクリニツク", "機関区分": 2, "都道府県コード": 39, "市区町村コード": 211, "所在地": "高知県香南市赤岡町２０６６番地３", "緯度": 33.549634, "経度": 133.72047, "url": "https://www.iryou.teikyouseido.mhlw.go.jp/znk-web/juminkanja/S2430/initialize?prefCd=39&kikanCd=2396200930&kikanKbn=2", "url2": "http://www.hisatakekai.com", "内容": "医療法人　久武会　もえぎクリニツク【2:診療所】【診療科目:内科_糖尿病内科_内分泌内科_循環器内科_消化器内科_人工透析内科】高知県香南市赤岡町２０６６番地３" }, "geometry": { "type": "Point", "coordinates": [ 133.72047, 33.549634 ] } },
{ "type": "Feature", "properties": { "ID": 3922396201100, "正式名称": "医療法人あけぼの会　あけぼのクリニック", "機関区分": 2, "都道府県コード": 39, "市区町村コード": 204, "所在地": "高知県南国市田村乙１９９２－１", "緯度": 33.558648, "経度": 133.665436, "url": "https://www.iryou.teikyouseido.mhlw.go.jp/znk-web/juminkanja/S2430/initialize?prefCd=39&kikanCd=2396201100&kikanKbn=2", "url2": "https://akebono-cl.com/", "内容": "医療法人あけぼの会　あけぼのクリニック【2:診療所】【診療科目:内科_脳神経外科_脳外科_小児科_皮膚科_美容皮膚科_心療内科】高知県南国市田村乙１９９２－１" }, "geometry": { "type": "Point", "coordinates": [ 133.665436, 33.558648 ] } },
{ "type": "Feature", "properties": { "ID": 3922396201360, "正式名称": "さとう循環器消化器科", "機関区分": 2, "都道府県コード": 39, "市区町村コード": 211, "所在地": "高知県香南市野市町西野５８７－１５", "緯度": 33.56354, "経度": 133.698027, "url": "https://www.iryou.teikyouseido.mhlw.go.jp/znk-web/juminkanja/S2430/initialize?prefCd=39&kikanCd=2396201360&kikanKbn=2", "url2": null, "内容": "さとう循環器消化器科【2:診療所】【診療科目:循環器内科_消化器内科】高知県香南市野市町西野５８７－１５" }, "geometry": { "type": "Point", "coordinates": [ 133.698027, 33.56354 ] } },
{ "type": "Feature", "properties": { "ID": 3922396201650, "正式名称": "医療法人村上会　村上内科循環器科", "機関区分": 2, "都道府県コード": 39, "市区町村コード": 212, "所在地": "高知県香美市土佐山田町２２８９－６", "緯度": 33.599475, "経度": 133.671825, "url": "https://www.iryou.teikyouseido.mhlw.go.jp/znk-web/juminkanja/S2430/initialize?prefCd=39&kikanCd=2396201650&kikanKbn=2", "url2": null, "内容": "医療法人村上会　村上内科循環器科【2:診療所】【診療科目:内科_呼吸器内科_循環器内科_消化器内科】高知県香美市土佐山田町２２８９－６" }, "geometry": { "type": "Point", "coordinates": [ 133.671825, 33.599475 ] } },
{ "type": "Feature", "properties": { "ID": 3922396201780, "正式名称": "医療法人　泊和会　ごめん林眼科", "機関区分": 2, "都道府県コード": 39, "市区町村コード": 204, "所在地": "高知県南国市下野田", "緯度": 33.575113, "経度": 133.651275, "url": "https://www.iryou.teikyouseido.mhlw.go.jp/znk-web/juminkanja/S2430/initialize?prefCd=39&kikanCd=2396201780&kikanKbn=2", "url2": "http://www.gomenhayashi.jp/", "内容": "医療法人　泊和会　ごめん林眼科【2:診療所】【診療科目:眼科】高知県南国市下野田" }, "geometry": { "type": "Point", "coordinates": [ 133.651275, 33.575113 ] } },
{ "type": "Feature", "properties": { "ID": 3922396201810, "正式名称": "医療法人一丸会　のいち眼科", "機関区分": 2, "都道府県コード": 39, "市区町村コード": 211, "所在地": "高知県香南市野市町西野１９４５", "緯度": 33.560978, "経度": 133.69468, "url": "https://www.iryou.teikyouseido.mhlw.go.jp/znk-web/juminkanja/S2430/initialize?prefCd=39&kikanCd=2396201810&kikanKbn=2", "url2": "https://www.noichi-ganka.jp", "内容": "医療法人一丸会　のいち眼科【2:診療所】【診療科目:眼科】高知県香南市野市町西野１９４５" }, "geometry": { "type": "Point", "coordinates": [ 133.69468, 33.560978 ] } },
{ "type": "Feature", "properties": { "ID": 3922396202820, "正式名称": "きび診療所", "機関区分": 2, "都道府県コード": 39, "市区町村コード": 204, "所在地": "高知県南国市明見８００", "緯度": 33.567409, "経度": 133.629812, "url": "https://www.iryou.teikyouseido.mhlw.go.jp/znk-web/juminkanja/S2430/initialize?prefCd=39&kikanCd=2396202820&kikanKbn=2", "url2": "http://www.tosakibi.jp/", "内容": "きび診療所【2:診療所】【診療科目:内科_糖尿病内科_呼吸器内科_循環器内科_消化器内科_腎臓内科_アレルギー科_臨床検査科】高知県南国市明見８００" }, "geometry": { "type": "Point", "coordinates": [ 133.629812, 33.567409 ] } },
{ "type": "Feature", "properties": { "ID": 3922396204550, "正式名称": "医療法人相敬会　まほろば眼科", "機関区分": 2, "都道府県コード": 39, "市区町村コード": 204, "所在地": "高知県南国市篠原１５３ー１", "緯度": 33.571206, "経度": 133.634943, "url": "https://www.iryou.teikyouseido.mhlw.go.jp/znk-web/juminkanja/S2430/initialize?prefCd=39&kikanCd=2396204550&kikanKbn=2", "url2": "http://www.mahoroba-eye.com", "内容": "医療法人相敬会　まほろば眼科【2:診療所】【診療科目:眼科】高知県南国市篠原１５３ー１" }, "geometry": { "type": "Point", "coordinates": [ 133.634943, 33.571206 ] } },
{ "type": "Feature", "properties": { "ID": 3922396205300, "正式名称": "おひさま　こどもクリニック", "機関区分": 2, "都道府県コード": 39, "市区町村コード": 211, "所在地": "高知県香南市野市町西野６５１−１", "緯度": 33.566162, "経度": 133.696726, "url": "https://www.iryou.teikyouseido.mhlw.go.jp/znk-web/juminkanja/S2430/initialize?prefCd=39&kikanCd=2396205300&kikanKbn=2", "url2": "http://www.ohisama-kodomo-clinic.com/", "内容": "おひさま　こどもクリニック【2:診療所】【診療科目:小児科】高知県香南市野市町西野６５１−１" }, "geometry": { "type": "Point", "coordinates": [ 133.696726, 33.566162 ] } },
{ "type": "Feature", "properties": { "ID": 3922396205720, "正式名称": "しばた整形外科", "機関区分": 2, "都道府県コード": 39, "市区町村コード": 204, "所在地": "高知県南国市大そね甲２２５７番地４", "緯度": 33.573885, "経度": 133.643425, "url": "https://www.iryou.teikyouseido.mhlw.go.jp/znk-web/juminkanja/S2430/initialize?prefCd=39&kikanCd=2396205720&kikanKbn=2", "url2": null, "内容": "しばた整形外科【2:診療所】【診療科目:整形外科】高知県南国市大そね甲２２５７番地４" }, "geometry": { "type": "Point", "coordinates": [ 133.643425, 33.573885 ] } },
{ "type": "Feature", "properties": { "ID": 3922396206020, "正式名称": "野市整形外科医院", "機関区分": 2, "都道府県コード": 39, "市区町村コード": 211, "所在地": "高知県香南市野市町西野２２３５番地", "緯度": 33.567028, "経度": 133.695711, "url": "https://www.iryou.teikyouseido.mhlw.go.jp/znk-web/juminkanja/S2430/initialize?prefCd=39&kikanCd=2396206020&kikanKbn=2", "url2": null, "内容": "野市整形外科医院【2:診療所】【診療科目:内科_整形外科_リハビリテーション科】高知県香南市野市町西野２２３５番地" }, "geometry": { "type": "Point", "coordinates": [ 133.695711, 33.567028 ] } },
{ "type": "Feature", "properties": { "ID": 3922396206280, "正式名称": "南国いのうえクリニック", "機関区分": 2, "都道府県コード": 39, "市区町村コード": 204, "所在地": "高知県南国市篠原１８８７番地２", "緯度": 33.577074, "経度": 133.637609, "url": "https://www.iryou.teikyouseido.mhlw.go.jp/znk-web/juminkanja/S2430/initialize?prefCd=39&kikanCd=2396206280&kikanKbn=2", "url2": "http://nankoku-inoue-clinic.jp", "内容": "南国いのうえクリニック【2:診療所】【診療科目:内科_糖尿病内科_代謝・内分泌内科_腎臓内科】高知県南国市篠原１８８７番地２" }, "geometry": { "type": "Point", "coordinates": [ 133.637609, 33.577074 ] } },
{ "type": "Feature", "properties": { "ID": 3922396207160, "正式名称": "にしかわクリニック", "機関区分": 2, "都道府県コード": 39, "市区町村コード": 204, "所在地": "高知県南国市後免町１丁目８番１号", "緯度": 33.575744, "経度": 133.644766, "url": "https://www.iryou.teikyouseido.mhlw.go.jp/znk-web/juminkanja/S2430/initialize?prefCd=39&kikanCd=2396207160&kikanKbn=2", "url2": null, "内容": "にしかわクリニック【2:診療所】【診療科目:内科_腎臓内科_皮膚科_泌尿器科】高知県南国市後免町１丁目８番１号" }, "geometry": { "type": "Point", "coordinates": [ 133.644766, 33.575744 ] } },
{ "type": "Feature", "properties": { "ID": 3922396210740, "正式名称": "医療法人　信栄会　脳外科・内科　高知東クリニック", "機関区分": 2, "都道府県コード": 39, "市区町村コード": 204, "所在地": "高知県南国市篠原１６１－４", "緯度": 33.570461, "経度": 133.635271, "url": "https://www.iryou.teikyouseido.mhlw.go.jp/znk-web/juminkanja/S2430/initialize?prefCd=39&kikanCd=2396210740&kikanKbn=2", "url2": "http://www.kochieast.jp/", "内容": "医療法人　信栄会　脳外科・内科　高知東クリニック【2:診療所】【診療科目:内科_脳神経外科】高知県南国市篠原１６１－４" }, "geometry": { "type": "Point", "coordinates": [ 133.635271, 33.570461 ] } },
{ "type": "Feature", "properties": { "ID": 3922396211040, "正式名称": "医療法人　一羽のすずめ会　さくら香美クリニック", "機関区分": 2, "都道府県コード": 39, "市区町村コード": 212, "所在地": "高知県香美市土佐山田町１１７ー１３", "緯度": 33.609651, "経度": 133.690782, "url": "https://www.iryou.teikyouseido.mhlw.go.jp/znk-web/juminkanja/S2430/initialize?prefCd=39&kikanCd=2396211040&kikanKbn=2", "url2": null, "内容": "医療法人　一羽のすずめ会　さくら香美クリニック【2:診療所】【診療科目:内科】高知県香美市土佐山田町１１７ー１３" }, "geometry": { "type": "Point", "coordinates": [ 133.690782, 33.609651 ] } },
{ "type": "Feature", "properties": { "ID": 3922396211910, "正式名称": "医療法人清水会　領石蛍が丘クリニック", "機関区分": 2, "都道府県コード": 39, "市区町村コード": 204, "所在地": "高知県南国市領石１６－１", "緯度": 33.621855, "経度": 133.640157, "url": "https://www.iryou.teikyouseido.mhlw.go.jp/znk-web/juminkanja/S2430/initialize?prefCd=39&kikanCd=2396211910&kikanKbn=2", "url2": "https://www.ryosekihotarugaoka-clinic.info/", "内容": "医療法人清水会　領石蛍が丘クリニック【2:診療所】【診療科目:内科_循環器内科_消化器内科】高知県南国市領石１６－１" }, "geometry": { "type": "Point", "coordinates": [ 133.640157, 33.621855 ] } },
{ "type": "Feature", "properties": { "ID": 3922396220260, "正式名称": "三谷医院", "機関区分": 2, "都道府県コード": 39, "市区町村コード": 211, "所在地": "高知県香南市野市町西野５５５－２", "緯度": 33.562967, "経度": 133.700144, "url": "https://www.iryou.teikyouseido.mhlw.go.jp/znk-web/juminkanja/S2430/initialize?prefCd=39&kikanCd=2396220260&kikanKbn=2", "url2": null, "内容": "三谷医院【2:診療所】【診療科目:内科】高知県香南市野市町西野５５５－２" }, "geometry": { "type": "Point", "coordinates": [ 133.700144, 33.562967 ] } },
{ "type": "Feature", "properties": { "ID": 3922396225340, "正式名称": "かえるくりにっく", "機関区分": 2, "都道府県コード": 39, "市区町村コード": 204, "所在地": "高知県南国市岡豊町常通寺島３３５－３ケアハウスたんぽぽ", "緯度": 33.589871, "経度": 133.61777, "url": "https://www.iryou.teikyouseido.mhlw.go.jp/znk-web/juminkanja/S2430/initialize?prefCd=39&kikanCd=2396225340&kikanKbn=2", "url2": "https://kaeruclinic.jp/info.html", "内容": "かえるくりにっく【2:診療所】【診療科目:内科_リハビリテーション科】高知県南国市岡豊町常通寺島３３５－３ケアハウスたんぽぽ" }, "geometry": { "type": "Point", "coordinates": [ 133.61777, 33.589871 ] } },
{ "type": "Feature", "properties": { "ID": 392239622693, "正式名称": "医療法人社団緑風会　ＨＥＩＷＡ　ＭＥＤ　ＣＬＩＮＩＣ", "機関区分": 2, "都道府県コード": 39, "市区町村コード": 204, "所在地": "高知県南国市大埇甲１２０３－５", "緯度": 33.57452, "経度": 133.6474, "url": "https://www.iryou.teikyouseido.mhlw.go.jp/znk-web/juminkanja/S2430/initialize?prefCd=39&kikanCd=239622693&kikanKbn=2", "url2": null, "内容": "医療法人社団緑風会　ＨＥＩＷＡ　ＭＥＤ　ＣＬＩＮＩＣ【2:診療所】【診療科目:内科_皮膚科_精神科】高知県南国市大埇甲１２０３－５" }, "geometry": { "type": "Point", "coordinates": [ 133.6474, 33.57452 ] } },
{ "type": "Feature", "properties": { "ID": 3922396300020, "正式名称": "きたむら心臓血管外科内科", "機関区分": 2, "都道府県コード": 39, "市区町村コード": 201, "所在地": "高知県高知市薊野南町２８－４５", "緯度": 33.577189, "経度": 133.563288, "url": "https://www.iryou.teikyouseido.mhlw.go.jp/znk-web/juminkanja/S2430/initialize?prefCd=39&kikanCd=2396300020&kikanKbn=2", "url2": null, "内容": "きたむら心臓血管外科内科【2:診療所】【診療科目:内科_循環器内科_心臓血管外科】高知県高知市薊野南町２８－４５" }, "geometry": { "type": "Point", "coordinates": [ 133.563288, 33.577189 ] } },
{ "type": "Feature", "properties": { "ID": 3922396300050, "正式名称": "医療法人　高知くわな会　桑名皮フ科", "機関区分": 2, "都道府県コード": 39, "市区町村コード": 201, "所在地": "高知県高知市小津町９－１３", "緯度": 33.563644, "経度": 133.528505, "url": "https://www.iryou.teikyouseido.mhlw.go.jp/znk-web/juminkanja/S2430/initialize?prefCd=39&kikanCd=2396300050&kikanKbn=2", "url2": "http://www.kochi-web.com/hp1/kuwana/", "内容": "医療法人　高知くわな会　桑名皮フ科【2:診療所】【診療科目:皮膚科】高知県高知市小津町９－１３" }, "geometry": { "type": "Point", "coordinates": [ 133.528505, 33.563644 ] } },
{ "type": "Feature", "properties": { "ID": 3922396300090, "正式名称": "いなげ胃腸科内科", "機関区分": 2, "都道府県コード": 39, "市区町村コード": 208, "所在地": "高知県宿毛市高砂３３番地１７号", "緯度": 32.929364, "経度": 132.705497, "url": "https://www.iryou.teikyouseido.mhlw.go.jp/znk-web/juminkanja/S2430/initialize?prefCd=39&kikanCd=2396300090&kikanKbn=2", "url2": null, "内容": "いなげ胃腸科内科【2:診療所】【診療科目:内科_胃腸内科】高知県宿毛市高砂３３番地１７号" }, "geometry": { "type": "Point", "coordinates": [ 132.705497, 32.929364 ] } },
{ "type": "Feature", "properties": { "ID": 3922396300110, "正式名称": "いちごクリニック", "機関区分": 2, "都道府県コード": 39, "市区町村コード": 302, "所在地": "高知県安芸郡奈半利町乙１６２８番地１", "緯度": 33.424981, "経度": 134.019325, "url": "https://www.iryou.teikyouseido.mhlw.go.jp/znk-web/juminkanja/S2430/initialize?prefCd=39&kikanCd=2396300110&kikanKbn=2", "url2": null, "内容": "いちごクリニック【2:診療所】【診療科目:内科_外科_整形外科】高知県安芸郡奈半利町乙１６２８番地１" }, "geometry": { "type": "Point", "coordinates": [ 134.019325, 33.424981 ] } },
{ "type": "Feature", "properties": { "ID": 3922396300130, "正式名称": "石川へルスクリニック", "機関区分": 2, "都道府県コード": 39, "市区町村コード": 412, "所在地": "高知県高岡郡四万十町榊山町７ー２３", "緯度": 33.2109, "経度": 133.1402, "url": "https://www.iryou.teikyouseido.mhlw.go.jp/znk-web/juminkanja/S2430/initialize?prefCd=39&kikanCd=2396300130&kikanKbn=2", "url2": null, "内容": "石川へルスクリニック【2:診療所】【診療科目:内科_消化器内科_神経科_放射線科】高知県高岡郡四万十町榊山町７ー２３" }, "geometry": { "type": "Point", "coordinates": [ 133.1402, 33.2109 ] } },
{ "type": "Feature", "properties": { "ID": 3922396300540, "正式名称": "なかの内科・胃腸科", "機関区分": 2, "都道府県コード": 39, "市区町村コード": 205, "所在地": "高知県土佐市宇佐町宇佐４５６－３", "緯度": 33.445359, "経度": 133.436378, "url": "https://www.iryou.teikyouseido.mhlw.go.jp/znk-web/juminkanja/S2430/initialize?prefCd=39&kikanCd=2396300540&kikanKbn=2", "url2": null, "内容": "なかの内科・胃腸科【2:診療所】【診療科目:内科_呼吸器内科_循環器内科_消化器内科_胃腸内科】高知県土佐市宇佐町宇佐４５６－３" }, "geometry": { "type": "Point", "coordinates": [ 133.436378, 33.445359 ] } },
{ "type": "Feature", "properties": { "ID": 3922396301000, "正式名称": "医療法人如是之会　森耳鼻咽喉科", "機関区分": 2, "都道府県コード": 39, "市区町村コード": 402, "所在地": "高知県高岡郡佐川町甲１３６０番１", "緯度": 33.500461, "経度": 133.290201, "url": "https://www.iryou.teikyouseido.mhlw.go.jp/znk-web/juminkanja/S2430/initialize?prefCd=39&kikanCd=2396301000&kikanKbn=2", "url2": null, "内容": "医療法人如是之会　森耳鼻咽喉科【2:診療所】【診療科目:耳鼻いんこう科】高知県高岡郡佐川町甲１３６０番１" }, "geometry": { "type": "Point", "coordinates": [ 133.290201, 33.500461 ] } },
{ "type": "Feature", "properties": { "ID": 3922396301260, "正式名称": "やまおか眼科", "機関区分": 2, "都道府県コード": 39, "市区町村コード": 386, "所在地": "高知県吾川郡いの町新町２０ー１", "緯度": 33.547596, "経度": 133.429528, "url": "https://www.iryou.teikyouseido.mhlw.go.jp/znk-web/juminkanja/S2430/initialize?prefCd=39&kikanCd=2396301260&kikanKbn=2", "url2": null, "内容": "やまおか眼科【2:診療所】【診療科目:眼科】高知県吾川郡いの町新町２０ー１" }, "geometry": { "type": "Point", "coordinates": [ 133.429528, 33.547596 ] } },
{ "type": "Feature", "properties": { "ID": 3922396301390, "正式名称": "ひろせ整形外科リハビリテーションクリニック", "機関区分": 2, "都道府県コード": 39, "市区町村コード": 205, "所在地": "高知県土佐市蓮池１００４−１", "緯度": 33.495035, "経度": 133.416293, "url": "https://www.iryou.teikyouseido.mhlw.go.jp/znk-web/juminkanja/S2430/initialize?prefCd=39&kikanCd=2396301390&kikanKbn=2", "url2": "http://www.hirose-clinic.or.jp", "内容": "ひろせ整形外科リハビリテーションクリニック【2:診療所】【診療科目:整形外科_リウマチ科_リハビリテーション科】高知県土佐市蓮池１００４−１" }, "geometry": { "type": "Point", "coordinates": [ 133.416293, 33.495035 ] } },
{ "type": "Feature", "properties": { "ID": 3922396301840, "正式名称": "いの町立国民健康保険仁淀病院附属吾北診療所", "機関区分": 2, "都道府県コード": 39, "市区町村コード": 386, "所在地": "高知県吾川郡いの町上八川甲２０１０", "緯度": 33.645812, "経度": 133.341713, "url": "https://www.iryou.teikyouseido.mhlw.go.jp/znk-web/juminkanja/S2430/initialize?prefCd=39&kikanCd=2396301840&kikanKbn=2", "url2": "https://www.town.ino.kochi.jp/niyodo-hospital/gohoku.html", "内容": "いの町立国民健康保険仁淀病院附属吾北診療所【2:診療所】【診療科目:内科】高知県吾川郡いの町上八川甲２０１０" }, "geometry": { "type": "Point", "coordinates": [ 133.341713, 33.645812 ] } },
{ "type": "Feature", "properties": { "ID": 3922396301970, "正式名称": "伊与木クリニック", "機関区分": 2, "都道府県コード": 39, "市区町村コード": 205, "所在地": "高知県土佐市蓮池１２２７ー５", "緯度": 33.492595, "経度": 133.413317, "url": "https://www.iryou.teikyouseido.mhlw.go.jp/znk-web/juminkanja/S2430/initialize?prefCd=39&kikanCd=2396301970&kikanKbn=2", "url2": "http://www.iyokicl.com/", "内容": "伊与木クリニック【2:診療所】【診療科目:内科_外科_リハビリテーション科】高知県土佐市蓮池１２２７ー５" }, "geometry": { "type": "Point", "coordinates": [ 133.413317, 33.492595 ] } },
{ "type": "Feature", "properties": { "ID": 3922396302300, "正式名称": "とんぼクリニック", "機関区分": 2, "都道府県コード": 39, "市区町村コード": 386, "所在地": "高知県吾川郡いの町２０５　サニーアクシスいの２Ｆ", "緯度": 33.550667, "経度": 133.442549, "url": "https://www.iryou.teikyouseido.mhlw.go.jp/znk-web/juminkanja/S2430/initialize?prefCd=39&kikanCd=2396302300&kikanKbn=2", "url2": "http://wwb.jp/tonboclinic/", "内容": "とんぼクリニック【2:診療所】【診療科目:内科_呼吸器内科_循環器内科_消化器内科_心療内科】高知県吾川郡いの町２０５　サニーアクシスいの２Ｆ" }, "geometry": { "type": "Point", "coordinates": [ 133.442549, 33.550667 ] } },
{ "type": "Feature", "properties": { "ID": 3922396302980, "正式名称": "ＷＥＳＴほね関節クリニック", "機関区分": 2, "都道府県コード": 39, "市区町村コード": 386, "所在地": "高知県吾川郡いの町駅前町２２０番地３", "緯度": 33.548003, "経度": 133.430468, "url": "https://www.iryou.teikyouseido.mhlw.go.jp/znk-web/juminkanja/S2430/initialize?prefCd=39&kikanCd=2396302980&kikanKbn=2", "url2": "http://www.marine-hosp.jp/west/", "内容": "ＷＥＳＴほね関節クリニック【2:診療所】【診療科目:内科_整形外科_リウマチ科_リハビリテーション科】高知県吾川郡いの町駅前町２２０番地３" }, "geometry": { "type": "Point", "coordinates": [ 133.430468, 33.548003 ] } },
{ "type": "Feature", "properties": { "ID": 3922396303280, "正式名称": "土佐やまもと眼科", "機関区分": 2, "都道府県コード": 39, "市区町村コード": 205, "所在地": "高知県土佐市高岡町乙５１番２", "緯度": 33.496865, "経度": 133.418631, "url": "https://www.iryou.teikyouseido.mhlw.go.jp/znk-web/juminkanja/S2430/initialize?prefCd=39&kikanCd=2396303280&kikanKbn=2", "url2": "http://www.tosaganka.com/", "内容": "土佐やまもと眼科【2:診療所】【診療科目:眼科】高知県土佐市高岡町乙５１番２" }, "geometry": { "type": "Point", "coordinates": [ 133.418631, 33.496865 ] } },
{ "type": "Feature", "properties": { "ID": 3922396303990, "正式名称": "はなさく耳鼻咽喉科・いびき睡眠クリニック", "機関区分": 2, "都道府県コード": 39, "市区町村コード": 205, "所在地": "高知県土佐市高岡町甲２１５４ー１２", "緯度": 33.495663, "経度": 133.421639, "url": "https://www.iryou.teikyouseido.mhlw.go.jp/znk-web/juminkanja/S2430/initialize?prefCd=39&kikanCd=2396303990&kikanKbn=2", "url2": "http://8739jibika.web.fc2.com/", "内容": "はなさく耳鼻咽喉科・いびき睡眠クリニック【2:診療所】【診療科目:耳鼻いんこう科】高知県土佐市高岡町甲２１５４ー１２" }, "geometry": { "type": "Point", "coordinates": [ 133.421639, 33.495663 ] } },
{ "type": "Feature", "properties": { "ID": 3922396304030, "正式名称": "杏クリニック", "機関区分": 2, "都道府県コード": 39, "市区町村コード": 205, "所在地": "高知県土佐市高岡町丙６４番地１", "緯度": 33.497405, "経度": 133.43506, "url": "https://www.iryou.teikyouseido.mhlw.go.jp/znk-web/juminkanja/S2430/initialize?prefCd=39&kikanCd=2396304030&kikanKbn=2", "url2": "http://anzu-tosa.com/", "内容": "杏クリニック【2:診療所】【診療科目:内科_糖尿病・代謝内科_消化器内科_漢方内科】高知県土佐市高岡町丙６４番地１" }, "geometry": { "type": "Point", "coordinates": [ 133.43506, 33.497405 ] } },
{ "type": "Feature", "properties": { "ID": 3922396308940, "正式名称": "大国町内科クリニック", "機関区分": 2, "都道府県コード": 39, "市区町村コード": 386, "所在地": "高知県吾川郡いの町大国町１０１", "緯度": 33.54965, "経度": 133.42193, "url": "https://www.iryou.teikyouseido.mhlw.go.jp/znk-web/juminkanja/S2430/initialize?prefCd=39&kikanCd=2396308940&kikanKbn=2", "url2": null, "内容": "大国町内科クリニック【2:診療所】【診療科目:内科_呼吸器内科_アレルギー科】高知県吾川郡いの町大国町１０１" }, "geometry": { "type": "Point", "coordinates": [ 133.42193, 33.54965 ] } },
{ "type": "Feature", "properties": { "ID": 3922396309660, "正式名称": "仁淀川町国民健康保険仁淀診療所", "機関区分": 2, "都道府県コード": 39, "市区町村コード": 387, "所在地": "高知県吾川郡仁淀川町森２５７７番地３", "緯度": 33.535487, "経度": 133.129649, "url": "https://www.iryou.teikyouseido.mhlw.go.jp/znk-web/juminkanja/S2430/initialize?prefCd=39&kikanCd=2396309660&kikanKbn=2", "url2": null, "内容": "仁淀川町国民健康保険仁淀診療所【2:診療所】【診療科目:内科_整形外科_リハビリテーション科】高知県吾川郡仁淀川町森２５７７番地３" }, "geometry": { "type": "Point", "coordinates": [ 133.129649, 33.535487 ] } },
{ "type": "Feature", "properties": { "ID": 3922396400280, "正式名称": "医療法人緑風会ＥＡＳＴマリンクリニック", "機関区分": 2, "都道府県コード": 39, "市区町村コード": 203, "所在地": "高知県安芸市矢ノ丸３丁目１－２５", "緯度": 33.503283, "経度": 133.907808, "url": "https://www.iryou.teikyouseido.mhlw.go.jp/znk-web/juminkanja/S2430/initialize?prefCd=39&kikanCd=2396400280&kikanKbn=2", "url2": "https://www.marine-hosp.jp/east/", "内容": "医療法人緑風会ＥＡＳＴマリンクリニック【2:診療所】【診療科目:内科_整形外科_リウマチ科_リハビリテーション科】高知県安芸市矢ノ丸３丁目１－２５" }, "geometry": { "type": "Point", "coordinates": [ 133.907808, 33.503283 ] } },
{ "type": "Feature", "properties": { "ID": 3922396400440, "正式名称": "医療法人鷲頭会　安芸えきまえ耳鼻科", "機関区分": 2, "都道府県コード": 39, "市区町村コード": 203, "所在地": "高知県安芸市矢ノ丸４－２－１２", "緯度": 33.504157, "経度": 133.906425, "url": "https://www.iryou.teikyouseido.mhlw.go.jp/znk-web/juminkanja/S2430/initialize?prefCd=39&kikanCd=2396400440&kikanKbn=2", "url2": null, "内容": "医療法人鷲頭会　安芸えきまえ耳鼻科【2:診療所】【診療科目:耳鼻いんこう科】高知県安芸市矢ノ丸４－２－１２" }, "geometry": { "type": "Point", "coordinates": [ 133.906425, 33.504157 ] } },
{ "type": "Feature", "properties": { "ID": 3922396400600, "正式名称": "まつうら内科消化器科", "機関区分": 2, "都道府県コード": 39, "市区町村コード": 203, "所在地": "高知県安芸市土居１９４９番地１", "緯度": 33.507529, "経度": 133.912212, "url": "https://www.iryou.teikyouseido.mhlw.go.jp/znk-web/juminkanja/S2430/initialize?prefCd=39&kikanCd=2396400600&kikanKbn=2", "url2": null, "内容": "まつうら内科消化器科【2:診療所】【診療科目:内科_消化器内科】高知県安芸市土居１９４９番地１" }, "geometry": { "type": "Point", "coordinates": [ 133.912212, 33.507529 ] } },
{ "type": "Feature", "properties": { "ID": 3922396400860, "正式名称": "医療法人巧会　つつい脳神経外科", "機関区分": 2, "都道府県コード": 39, "市区町村コード": 203, "所在地": "高知県安芸市本町２丁目２番１号", "緯度": 33.499633, "経度": 133.905944, "url": "https://www.iryou.teikyouseido.mhlw.go.jp/znk-web/juminkanja/S2430/initialize?prefCd=39&kikanCd=2396400860&kikanKbn=2", "url2": null, "内容": "医療法人巧会　つつい脳神経外科【2:診療所】【診療科目:内科_神経内科_脳神経外科_整形外科_リハビリテーション科】高知県安芸市本町２丁目２番１号" }, "geometry": { "type": "Point", "coordinates": [ 133.905944, 33.499633 ] } },
{ "type": "Feature", "properties": { "ID": 3922396401290, "正式名称": "芸西オルソクリニック", "機関区分": 2, "都道府県コード": 39, "市区町村コード": 307, "所在地": "高知県安芸郡芸西村和食甲１４９５－１", "緯度": 33.522279, "経度": 133.809061, "url": "https://www.iryou.teikyouseido.mhlw.go.jp/znk-web/juminkanja/S2430/initialize?prefCd=39&kikanCd=2396401290&kikanKbn=2", "url2": null, "内容": "芸西オルソクリニック【2:診療所】【診療科目:内科_外科_整形外科_リハビリテーション科】高知県安芸郡芸西村和食甲１４９５－１" }, "geometry": { "type": "Point", "coordinates": [ 133.809061, 33.522279 ] } },
{ "type": "Feature", "properties": { "ID": 3922396402910, "正式名称": "室戸市立室戸岬診療所", "機関区分": 2, "都道府県コード": 39, "市区町村コード": 202, "所在地": "高知県室戸市室戸岬町５３６８番地３", "緯度": 33.269096, "経度": 134.163983, "url": "https://www.iryou.teikyouseido.mhlw.go.jp/znk-web/juminkanja/S2430/initialize?prefCd=39&kikanCd=2396402910&kikanKbn=2", "url2": null, "内容": "室戸市立室戸岬診療所【2:診療所】【診療科目:内科】高知県室戸市室戸岬町５３６８番地３" }, "geometry": { "type": "Point", "coordinates": [ 134.163983, 33.269096 ] } },
{ "type": "Feature", "properties": { "ID": 3922396407670, "正式名称": "室戸市立室戸診療所", "機関区分": 2, "都道府県コード": 39, "市区町村コード": 202, "所在地": "高知県室戸市領家８５番地", "緯度": 33.291554, "経度": 134.157875, "url": "https://www.iryou.teikyouseido.mhlw.go.jp/znk-web/juminkanja/S2430/initialize?prefCd=39&kikanCd=2396407670&kikanKbn=2", "url2": null, "内容": "室戸市立室戸診療所【2:診療所】【診療科目:内科_整形外科_眼科_リハビリテーション科】高知県室戸市領家８５番地" }, "geometry": { "type": "Point", "coordinates": [ 134.157875, 33.291554 ] } }
]
}
