{
"type": "FeatureCollection",
"name": "geo_39_5",
"crs": { "type": "name", "properties": { "name": "urn:ogc:def:crs:OGC:1.3:CRS84" } },
"features": [
{ "type": "Feature", "properties": { "ID": 3955395001070, "正式名称": "病院通薬局みさと店", "機関区分": 5, "都道府県コード": 39, "市区町村コード": 201, "所在地": "高知県高知市仁井田１６１７－１８", "緯度": 33.51372, "経度": 133.573413, "url": "https://www.iryou.teikyouseido.mhlw.go.jp/znk-web/juminkanja/S2430/initialize?prefCd=39&kikanCd=5395001070&kikanKbn=5", "url2": "http://www.kurisu-p.com", "内容": "病院通薬局みさと店【5:薬局】高知県高知市仁井田１６１７－１８" }, "geometry": { "type": "Point", "coordinates": [ 133.573413, 33.51372 ] } },
{ "type": "Feature", "properties": { "ID": 3955395001080, "正式名称": "アイン薬局　桟橋店", "機関区分": 5, "都道府県コード": 39, "市区町村コード": 201, "所在地": "高知県高知市桟橋通２丁目７ー７", "緯度": 33.548311, "経度": 133.548238, "url": "https://www.iryou.teikyouseido.mhlw.go.jp/znk-web/juminkanja/S2430/initialize?prefCd=39&kikanCd=5395001080&kikanKbn=5", "url2": "https://www.ainj.co.jp/", "内容": "アイン薬局　桟橋店【5:薬局】高知県高知市桟橋通２丁目７ー７" }, "geometry": { "type": "Point", "coordinates": [ 133.548238, 33.548311 ] } },
{ "type": "Feature", "properties": { "ID": 3955395001240, "正式名称": "サニーひこばえ薬局", "機関区分": 5, "都道府県コード": 39, "市区町村コード": 201, "所在地": "高知県高知市瀬戸西３丁目１３－１サニーマート瀬戸店内", "緯度": 33.510635, "経度": 133.54361, "url": "https://www.iryou.teikyouseido.mhlw.go.jp/znk-web/juminkanja/S2430/initialize?prefCd=39&kikanCd=5395001240&kikanKbn=5", "url2": null, "内容": "サニーひこばえ薬局【5:薬局】高知県高知市瀬戸西３丁目１３－１サニーマート瀬戸店内" }, "geometry": { "type": "Point", "coordinates": [ 133.54361, 33.510635 ] } },
{ "type": "Feature", "properties": { "ID": 3955395001310, "正式名称": "正木梅花堂薬局", "機関区分": 5, "都道府県コード": 39, "市区町村コード": 201, "所在地": "高知県高知市はりまや町２丁目１－１", "緯度": 33.561166, "経度": 133.542763, "url": "https://www.iryou.teikyouseido.mhlw.go.jp/znk-web/juminkanja/S2430/initialize?prefCd=39&kikanCd=5395001310&kikanKbn=5", "url2": null, "内容": "正木梅花堂薬局【5:薬局】高知県高知市はりまや町２丁目１－１" }, "geometry": { "type": "Point", "coordinates": [ 133.542763, 33.561166 ] } },
{ "type": "Feature", "properties": { "ID": 3955395001320, "正式名称": "ニュータウンなるおか薬局", "機関区分": 5, "都道府県コード": 39, "市区町村コード": 201, "所在地": "高知県高知市朝倉己８３４－１５", "緯度": 33.536008, "経度": 133.486783, "url": "https://www.iryou.teikyouseido.mhlw.go.jp/znk-web/juminkanja/S2430/initialize?prefCd=39&kikanCd=5395001320&kikanKbn=5", "url2": null, "内容": "ニュータウンなるおか薬局【5:薬局】高知県高知市朝倉己８３４－１５" }, "geometry": { "type": "Point", "coordinates": [ 133.486783, 33.536008 ] } },
{ "type": "Feature", "properties": { "ID": 3955395001360, "正式名称": "稲本薬局", "機関区分": 5, "都道府県コード": 39, "市区町村コード": 201, "所在地": "高知県高知市愛宕町２丁目１８－２２", "緯度": 33.567794, "経度": 133.536706, "url": "https://www.iryou.teikyouseido.mhlw.go.jp/znk-web/juminkanja/S2430/initialize?prefCd=39&kikanCd=5395001360&kikanKbn=5", "url2": null, "内容": "稲本薬局【5:薬局】高知県高知市愛宕町２丁目１８－２２" }, "geometry": { "type": "Point", "coordinates": [ 133.536706, 33.567794 ] } },
{ "type": "Feature", "properties": { "ID": 3955395001420, "正式名称": "テラオ薬局", "機関区分": 5, "都道府県コード": 39, "市区町村コード": 201, "所在地": "高知県高知市南はりまや町２－５－１９", "緯度": 33.557843, "経度": 133.544908, "url": "https://www.iryou.teikyouseido.mhlw.go.jp/znk-web/juminkanja/S2430/initialize?prefCd=39&kikanCd=5395001420&kikanKbn=5", "url2": "http://www.terao-kochi.co.jp/kanpou/", "内容": "テラオ薬局【5:薬局】高知県高知市南はりまや町２－５－１９" }, "geometry": { "type": "Point", "coordinates": [ 133.544908, 33.557843 ] } },
{ "type": "Feature", "properties": { "ID": 3955395001580, "正式名称": "ケンコー薬局", "機関区分": 5, "都道府県コード": 39, "市区町村コード": 201, "所在地": "高知県高知市百石町２－９－１５", "緯度": 33.548923, "経度": 133.545448, "url": "https://www.iryou.teikyouseido.mhlw.go.jp/znk-web/juminkanja/S2430/initialize?prefCd=39&kikanCd=5395001580&kikanKbn=5", "url2": null, "内容": "ケンコー薬局【5:薬局】高知県高知市百石町２－９－１５" }, "geometry": { "type": "Point", "coordinates": [ 133.545448, 33.548923 ] } },
{ "type": "Feature", "properties": { "ID": 3955395001610, "正式名称": "あっぷる・ふぁ～ましぃ", "機関区分": 5, "都道府県コード": 39, "市区町村コード": 201, "所在地": "高知県高知市葛島１丁目１０番７５号（ファミリープラザ内）", "緯度": 33.558539, "経度": 133.572518, "url": "https://www.iryou.teikyouseido.mhlw.go.jp/znk-web/juminkanja/S2430/initialize?prefCd=39&kikanCd=5395001610&kikanKbn=5", "url2": null, "内容": "あっぷる・ふぁ～ましぃ【5:薬局】高知県高知市葛島１丁目１０番７５号（ファミリープラザ内）" }, "geometry": { "type": "Point", "coordinates": [ 133.572518, 33.558539 ] } },
{ "type": "Feature", "properties": { "ID": 3955395001710, "正式名称": "白十字薬局　一ツ橋店", "機関区分": 5, "都道府県コード": 39, "市区町村コード": 201, "所在地": "高知県高知市一ツ橋町２丁目１７６番地", "緯度": 33.572252, "経度": 133.528783, "url": "https://www.iryou.teikyouseido.mhlw.go.jp/znk-web/juminkanja/S2430/initialize?prefCd=39&kikanCd=5395001710&kikanKbn=5", "url2": null, "内容": "白十字薬局　一ツ橋店【5:薬局】高知県高知市一ツ橋町２丁目１７６番地" }, "geometry": { "type": "Point", "coordinates": [ 133.528783, 33.572252 ] } },
{ "type": "Feature", "properties": { "ID": 3955395001790, "正式名称": "上町薬局", "機関区分": 5, "都道府県コード": 39, "市区町村コード": 201, "所在地": "高知県高知市上町２丁目２－１２", "緯度": 33.557607, "経度": 133.523812, "url": "https://www.iryou.teikyouseido.mhlw.go.jp/znk-web/juminkanja/S2430/initialize?prefCd=39&kikanCd=5395001790&kikanKbn=5", "url2": "https://kochi-chozai.co.jp/", "内容": "上町薬局【5:薬局】高知県高知市上町２丁目２－１２" }, "geometry": { "type": "Point", "coordinates": [ 133.523812, 33.557607 ] } },
{ "type": "Feature", "properties": { "ID": 3955395001850, "正式名称": "有限会社　ヨシダ　ニュータウン　ヨコハマ薬局", "機関区分": 5, "都道府県コード": 39, "市区町村コード": 201, "所在地": "高知県高知市横浜新町", "緯度": 33.516453, "経度": 133.53508, "url": "https://www.iryou.teikyouseido.mhlw.go.jp/znk-web/juminkanja/S2430/initialize?prefCd=39&kikanCd=5395001850&kikanKbn=5", "url2": null, "内容": "有限会社　ヨシダ　ニュータウン　ヨコハマ薬局【5:薬局】高知県高知市横浜新町" }, "geometry": { "type": "Point", "coordinates": [ 133.53508, 33.516453 ] } },
{ "type": "Feature", "properties": { "ID": 3955395001890, "正式名称": "有限会社ユーミン薬局", "機関区分": 5, "都道府県コード": 39, "市区町村コード": 201, "所在地": "高知県高知市上町１丁目４番２０号　渡辺ビル", "緯度": 33.557976, "経度": 133.525237, "url": "https://www.iryou.teikyouseido.mhlw.go.jp/znk-web/juminkanja/S2430/initialize?prefCd=39&kikanCd=5395001890&kikanKbn=5", "url2": null, "内容": "有限会社ユーミン薬局【5:薬局】高知県高知市上町１丁目４番２０号　渡辺ビル" }, "geometry": { "type": "Point", "coordinates": [ 133.525237, 33.557976 ] } },
{ "type": "Feature", "properties": { "ID": 3955395001920, "正式名称": "スプリング薬局", "機関区分": 5, "都道府県コード": 39, "市区町村コード": 201, "所在地": "高知県高知市石立町７５－１", "緯度": 33.553959, "経度": 133.516688, "url": "https://www.iryou.teikyouseido.mhlw.go.jp/znk-web/juminkanja/S2430/initialize?prefCd=39&kikanCd=5395001920&kikanKbn=5", "url2": null, "内容": "スプリング薬局【5:薬局】高知県高知市石立町７５－１" }, "geometry": { "type": "Point", "coordinates": [ 133.516688, 33.553959 ] } },
{ "type": "Feature", "properties": { "ID": 3955395001940, "正式名称": "相生薬局", "機関区分": 5, "都道府県コード": 39, "市区町村コード": 201, "所在地": "高知県高知市相生町３－３０", "緯度": 33.564227, "経度": 133.545004, "url": "https://www.iryou.teikyouseido.mhlw.go.jp/znk-web/juminkanja/S2430/initialize?prefCd=39&kikanCd=5395001940&kikanKbn=5", "url2": "https://kochi-chozai.co.jp/", "内容": "相生薬局【5:薬局】高知県高知市相生町３－３０" }, "geometry": { "type": "Point", "coordinates": [ 133.545004, 33.564227 ] } },
{ "type": "Feature", "properties": { "ID": 3955395001970, "正式名称": "ベル薬局", "機関区分": 5, "都道府県コード": 39, "市区町村コード": 201, "所在地": "高知県高知市北本町１－１－２", "緯度": 33.564626, "経度": 133.542055, "url": "https://www.iryou.teikyouseido.mhlw.go.jp/znk-web/juminkanja/S2430/initialize?prefCd=39&kikanCd=5395001970&kikanKbn=5", "url2": "http://www.belle-ph.com/", "内容": "ベル薬局【5:薬局】高知県高知市北本町１－１－２" }, "geometry": { "type": "Point", "coordinates": [ 133.542055, 33.564626 ] } },
{ "type": "Feature", "properties": { "ID": 3955395001990, "正式名称": "つちばし薬局　本店", "機関区分": 5, "都道府県コード": 39, "市区町村コード": 201, "所在地": "高知県高知市本町１－１－３", "緯度": 33.560026, "経度": 133.539555, "url": "https://www.iryou.teikyouseido.mhlw.go.jp/znk-web/juminkanja/S2430/initialize?prefCd=39&kikanCd=5395001990&kikanKbn=5", "url2": "https://www.tsuchibashi.co.jp/", "内容": "つちばし薬局　本店【5:薬局】高知県高知市本町１－１－３" }, "geometry": { "type": "Point", "coordinates": [ 133.539555, 33.560026 ] } },
{ "type": "Feature", "properties": { "ID": 3955395002040, "正式名称": "つちばし薬局　梅ノ辻店", "機関区分": 5, "都道府県コード": 39, "市区町村コード": 201, "所在地": "高知県高知市梅ノ辻８ー１１", "緯度": 33.553225, "経度": 133.543789, "url": "https://www.iryou.teikyouseido.mhlw.go.jp/znk-web/juminkanja/S2430/initialize?prefCd=39&kikanCd=5395002040&kikanKbn=5", "url2": "https://www.tsuchibashi.co.jp/", "内容": "つちばし薬局　梅ノ辻店【5:薬局】高知県高知市梅ノ辻８ー１１" }, "geometry": { "type": "Point", "coordinates": [ 133.543789, 33.553225 ] } },
{ "type": "Feature", "properties": { "ID": 3955395002050, "正式名称": "アイン薬局　塚ノ原店", "機関区分": 5, "都道府県コード": 39, "市区町村コード": 201, "所在地": "高知県高知市塚ノ原", "緯度": 33.560814, "経度": 133.495088, "url": "https://www.iryou.teikyouseido.mhlw.go.jp/znk-web/juminkanja/S2430/initialize?prefCd=39&kikanCd=5395002050&kikanKbn=5", "url2": "https://www.ainj.co.jp", "内容": "アイン薬局　塚ノ原店【5:薬局】高知県高知市塚ノ原" }, "geometry": { "type": "Point", "coordinates": [ 133.495088, 33.560814 ] } },
{ "type": "Feature", "properties": { "ID": 3955395002060, "正式名称": "しもじま薬局", "機関区分": 5, "都道府県コード": 39, "市区町村コード": 201, "所在地": "高知県高知市下島町１０番地", "緯度": 33.554477, "経度": 133.507952, "url": "https://www.iryou.teikyouseido.mhlw.go.jp/znk-web/juminkanja/S2430/initialize?prefCd=39&kikanCd=5395002060&kikanKbn=5", "url2": "https://kochi-chozai.co.jp/", "内容": "しもじま薬局【5:薬局】高知県高知市下島町１０番地" }, "geometry": { "type": "Point", "coordinates": [ 133.507952, 33.554477 ] } },
{ "type": "Feature", "properties": { "ID": 3955395002080, "正式名称": "株式会社　玄白堂", "機関区分": 5, "都道府県コード": 39, "市区町村コード": 201, "所在地": "高知県高知市上町１丁目４－２５", "緯度": 33.557976, "経度": 133.525915, "url": "https://www.iryou.teikyouseido.mhlw.go.jp/znk-web/juminkanja/S2430/initialize?prefCd=39&kikanCd=5395002080&kikanKbn=5", "url2": null, "内容": "株式会社　玄白堂【5:薬局】高知県高知市上町１丁目４－２５" }, "geometry": { "type": "Point", "coordinates": [ 133.525915, 33.557976 ] } },
{ "type": "Feature", "properties": { "ID": 3955395002090, "正式名称": "さくら薬局", "機関区分": 5, "都道府県コード": 39, "市区町村コード": 201, "所在地": "高知県高知市朝倉戊１４３８番地１１", "緯度": 33.537431, "経度": 133.486395, "url": "https://www.iryou.teikyouseido.mhlw.go.jp/znk-web/juminkanja/S2430/initialize?prefCd=39&kikanCd=5395002090&kikanKbn=5", "url2": "http://sakuramedico.jp/sakura/index.html", "内容": "さくら薬局【5:薬局】高知県高知市朝倉戊１４３８番地１１" }, "geometry": { "type": "Point", "coordinates": [ 133.486395, 33.537431 ] } },
{ "type": "Feature", "properties": { "ID": 3955395002100, "正式名称": "みさと薬局", "機関区分": 5, "都道府県コード": 39, "市区町村コード": 201, "所在地": "高知県高知市十津三丁目６番３１号", "緯度": 33.523826, "経度": 133.574142, "url": "https://www.iryou.teikyouseido.mhlw.go.jp/znk-web/juminkanja/S2430/initialize?prefCd=39&kikanCd=5395002100&kikanKbn=5", "url2": null, "内容": "みさと薬局【5:薬局】高知県高知市十津三丁目６番３１号" }, "geometry": { "type": "Point", "coordinates": [ 133.574142, 33.523826 ] } },
{ "type": "Feature", "properties": { "ID": 3955395002110, "正式名称": "アイン薬局大膳町店", "機関区分": 5, "都道府県コード": 39, "市区町村コード": 201, "所在地": "高知県高知市大膳町４０", "緯度": 33.559923, "経度": 133.522768, "url": "https://www.iryou.teikyouseido.mhlw.go.jp/znk-web/juminkanja/S2430/initialize?prefCd=39&kikanCd=5395002110&kikanKbn=5", "url2": "https://www.ainj.co.jp", "内容": "アイン薬局大膳町店【5:薬局】高知県高知市大膳町４０" }, "geometry": { "type": "Point", "coordinates": [ 133.522768, 33.559923 ] } },
{ "type": "Feature", "properties": { "ID": 3955395002260, "正式名称": "ブルークロス調剤薬局　大津店", "機関区分": 5, "都道府県コード": 39, "市区町村コード": 201, "所在地": "高知県高知市大津甲６０１", "緯度": 33.57717, "経度": 133.610278, "url": "https://www.iryou.teikyouseido.mhlw.go.jp/znk-web/juminkanja/S2430/initialize?prefCd=39&kikanCd=5395002260&kikanKbn=5", "url2": "http://bluecross.co.jp/", "内容": "ブルークロス調剤薬局　大津店【5:薬局】高知県高知市大津甲６０１" }, "geometry": { "type": "Point", "coordinates": [ 133.610278, 33.57717 ] } },
{ "type": "Feature", "properties": { "ID": 3955395002320, "正式名称": "岡本平和薬局", "機関区分": 5, "都道府県コード": 39, "市区町村コード": 201, "所在地": "高知県高知市長浜５８９", "緯度": 33.501345, "経度": 133.549009, "url": "https://www.iryou.teikyouseido.mhlw.go.jp/znk-web/juminkanja/S2430/initialize?prefCd=39&kikanCd=5395002320&kikanKbn=5", "url2": null, "内容": "岡本平和薬局【5:薬局】高知県高知市長浜５８９" }, "geometry": { "type": "Point", "coordinates": [ 133.549009, 33.501345 ] } },
{ "type": "Feature", "properties": { "ID": 3955395002330, "正式名称": "玄白堂薬局　神田店　厚生調剤薬局", "機関区分": 5, "都道府県コード": 39, "市区町村コード": 201, "所在地": "高知県高知市神田１９－５", "緯度": 33.540319, "経度": 133.50139, "url": "https://www.iryou.teikyouseido.mhlw.go.jp/znk-web/juminkanja/S2430/initialize?prefCd=39&kikanCd=5395002330&kikanKbn=5", "url2": null, "内容": "玄白堂薬局　神田店　厚生調剤薬局【5:薬局】高知県高知市神田１９－５" }, "geometry": { "type": "Point", "coordinates": [ 133.50139, 33.540319 ] } },
{ "type": "Feature", "properties": { "ID": 3955395002350, "正式名称": "長崎宝珠堂薬局", "機関区分": 5, "都道府県コード": 39, "市区町村コード": 201, "所在地": "高知県高知市上町３丁目５－１２", "緯度": 33.557818, "経度": 133.522599, "url": "https://www.iryou.teikyouseido.mhlw.go.jp/znk-web/juminkanja/S2430/initialize?prefCd=39&kikanCd=5395002350&kikanKbn=5", "url2": null, "内容": "長崎宝珠堂薬局【5:薬局】高知県高知市上町３丁目５－１２" }, "geometry": { "type": "Point", "coordinates": [ 133.522599, 33.557818 ] } },
{ "type": "Feature", "properties": { "ID": 3955395002360, "正式名称": "長崎宝珠堂薬局西店", "機関区分": 5, "都道府県コード": 39, "市区町村コード": 201, "所在地": "高知県高知市上町３丁目３－１", "緯度": 33.558143, "経度": 133.522257, "url": "https://www.iryou.teikyouseido.mhlw.go.jp/znk-web/juminkanja/S2430/initialize?prefCd=39&kikanCd=5395002360&kikanKbn=5", "url2": null, "内容": "長崎宝珠堂薬局西店【5:薬局】高知県高知市上町３丁目３－１" }, "geometry": { "type": "Point", "coordinates": [ 133.522257, 33.558143 ] } },
{ "type": "Feature", "properties": { "ID": 3955395002370, "正式名称": "よこうち薬局", "機関区分": 5, "都道府県コード": 39, "市区町村コード": 201, "所在地": "高知県高知市横内４５２", "緯度": 33.566258, "経度": 133.501365, "url": "https://www.iryou.teikyouseido.mhlw.go.jp/znk-web/juminkanja/S2430/initialize?prefCd=39&kikanCd=5395002370&kikanKbn=5", "url2": null, "内容": "よこうち薬局【5:薬局】高知県高知市横内４５２" }, "geometry": { "type": "Point", "coordinates": [ 133.501365, 33.566258 ] } },
{ "type": "Feature", "properties": { "ID": 3955395002400, "正式名称": "とまと薬局", "機関区分": 5, "都道府県コード": 39, "市区町村コード": 201, "所在地": "高知県高知市愛宕町１丁目４ー９", "緯度": 33.56578, "経度": 133.536997, "url": "https://www.iryou.teikyouseido.mhlw.go.jp/znk-web/juminkanja/S2430/initialize?prefCd=39&kikanCd=5395002400&kikanKbn=5", "url2": "https://medico-drugfarm.jp/", "内容": "とまと薬局【5:薬局】高知県高知市愛宕町１丁目４ー９" }, "geometry": { "type": "Point", "coordinates": [ 133.536997, 33.56578 ] } },
{ "type": "Feature", "properties": { "ID": 3955395002410, "正式名称": "あじさい薬局　杉井流店", "機関区分": 5, "都道府県コード": 39, "市区町村コード": 201, "所在地": "高知県高知市杉井流２－３", "緯度": 33.567854, "経度": 133.55522, "url": "https://www.iryou.teikyouseido.mhlw.go.jp/znk-web/juminkanja/S2430/initialize?prefCd=39&kikanCd=5395002410&kikanKbn=5", "url2": "http://www.drug-kuroshio.co.jp/index.htm", "内容": "あじさい薬局　杉井流店【5:薬局】高知県高知市杉井流２－３" }, "geometry": { "type": "Point", "coordinates": [ 133.55522, 33.567854 ] } },
{ "type": "Feature", "properties": { "ID": 3955395002440, "正式名称": "城西薬局", "機関区分": 5, "都道府県コード": 39, "市区町村コード": 201, "所在地": "高知県高知市上町１丁目７－２７", "緯度": 33.557148, "経度": 133.525271, "url": "https://www.iryou.teikyouseido.mhlw.go.jp/znk-web/juminkanja/S2430/initialize?prefCd=39&kikanCd=5395002440&kikanKbn=5", "url2": null, "内容": "城西薬局【5:薬局】高知県高知市上町１丁目７－２７" }, "geometry": { "type": "Point", "coordinates": [ 133.525271, 33.557148 ] } },
{ "type": "Feature", "properties": { "ID": 3955395002470, "正式名称": "ブルークロス　厚生薬局", "機関区分": 5, "都道府県コード": 39, "市区町村コード": 201, "所在地": "高知県高知市神田１９－１５", "緯度": 33.540319, "経度": 133.501307, "url": "https://www.iryou.teikyouseido.mhlw.go.jp/znk-web/juminkanja/S2430/initialize?prefCd=39&kikanCd=5395002470&kikanKbn=5", "url2": "http://bluecross.co.jp/", "内容": "ブルークロス　厚生薬局【5:薬局】高知県高知市神田１９－１５" }, "geometry": { "type": "Point", "coordinates": [ 133.501307, 33.540319 ] } },
{ "type": "Feature", "properties": { "ID": 3955395002480, "正式名称": "有限会社若草薬局", "機関区分": 5, "都道府県コード": 39, "市区町村コード": 201, "所在地": "高知県高知市鵜来巣", "緯度": 33.542635, "経度": 133.485741, "url": "https://www.iryou.teikyouseido.mhlw.go.jp/znk-web/juminkanja/S2430/initialize?prefCd=39&kikanCd=5395002480&kikanKbn=5", "url2": null, "内容": "有限会社若草薬局【5:薬局】高知県高知市鵜来巣" }, "geometry": { "type": "Point", "coordinates": [ 133.485741, 33.542635 ] } },
{ "type": "Feature", "properties": { "ID": 3955395002550, "正式名称": "つちばし薬局　一宮店", "機関区分": 5, "都道府県コード": 39, "市区町村コード": 201, "所在地": "高知県高知市一宮西町１－３－９", "緯度": 33.583099, "経度": 133.567588, "url": "https://www.iryou.teikyouseido.mhlw.go.jp/znk-web/juminkanja/S2430/initialize?prefCd=39&kikanCd=5395002550&kikanKbn=5", "url2": "https://www.tsuchibashi.co.jp/", "内容": "つちばし薬局　一宮店【5:薬局】高知県高知市一宮西町１－３－９" }, "geometry": { "type": "Point", "coordinates": [ 133.567588, 33.583099 ] } },
{ "type": "Feature", "properties": { "ID": 3955395002620, "正式名称": "病院通薬局あぞの店", "機関区分": 5, "都道府県コード": 39, "市区町村コード": 201, "所在地": "高知県高知市薊野北町２丁目１０番５１－１４号", "緯度": 33.579698, "経度": 133.555527, "url": "https://www.iryou.teikyouseido.mhlw.go.jp/znk-web/juminkanja/S2430/initialize?prefCd=39&kikanCd=5395002620&kikanKbn=5", "url2": "https://www.kurisu-p.com/", "内容": "病院通薬局あぞの店【5:薬局】高知県高知市薊野北町２丁目１０番５１－１４号" }, "geometry": { "type": "Point", "coordinates": [ 133.555527, 33.579698 ] } },
{ "type": "Feature", "properties": { "ID": 3955395002630, "正式名称": "ダイリン薬局", "機関区分": 5, "都道府県コード": 39, "市区町村コード": 201, "所在地": "高知県高知市薊野北町二丁目１０番１号", "緯度": 33.579609, "経度": 133.555236, "url": "https://www.iryou.teikyouseido.mhlw.go.jp/znk-web/juminkanja/S2430/initialize?prefCd=39&kikanCd=5395002630&kikanKbn=5", "url2": "http://www.kurisu-p.com", "内容": "ダイリン薬局【5:薬局】高知県高知市薊野北町二丁目１０番１号" }, "geometry": { "type": "Point", "coordinates": [ 133.555236, 33.579609 ] } },
{ "type": "Feature", "properties": { "ID": 3955395002650, "正式名称": "にしもり薬局", "機関区分": 5, "都道府県コード": 39, "市区町村コード": 201, "所在地": "高知県高知市新本町１ー１－１６", "緯度": 33.56844, "経度": 133.543259, "url": "https://www.iryou.teikyouseido.mhlw.go.jp/znk-web/juminkanja/S2430/initialize?prefCd=39&kikanCd=5395002650&kikanKbn=5", "url2": "https://www.kusurinomadoguchi.com/kochi/s1000000180", "内容": "にしもり薬局【5:薬局】高知県高知市新本町１ー１－１６" }, "geometry": { "type": "Point", "coordinates": [ 133.543259, 33.56844 ] } },
{ "type": "Feature", "properties": { "ID": 3955395002700, "正式名称": "有限会社　朝倉薬局", "機関区分": 5, "都道府県コード": 39, "市区町村コード": 201, "所在地": "高知県高知市若草町１６－２２", "緯度": 33.543135, "経度": 133.486383, "url": "https://www.iryou.teikyouseido.mhlw.go.jp/znk-web/juminkanja/S2430/initialize?prefCd=39&kikanCd=5395002700&kikanKbn=5", "url2": null, "内容": "有限会社　朝倉薬局【5:薬局】高知県高知市若草町１６－２２" }, "geometry": { "type": "Point", "coordinates": [ 133.486383, 33.543135 ] } },
{ "type": "Feature", "properties": { "ID": 3955395002760, "正式名称": "ながはま薬局", "機関区分": 5, "都道府県コード": 39, "市区町村コード": 201, "所在地": "高知県高知市長浜６７７－１０", "緯度": 33.501236, "経度": 133.545541, "url": "https://www.iryou.teikyouseido.mhlw.go.jp/znk-web/juminkanja/S2430/initialize?prefCd=39&kikanCd=5395002760&kikanKbn=5", "url2": null, "内容": "ながはま薬局【5:薬局】高知県高知市長浜６７７－１０" }, "geometry": { "type": "Point", "coordinates": [ 133.545541, 33.501236 ] } },
{ "type": "Feature", "properties": { "ID": 3955395002770, "正式名称": "ブルークロス　江ノ口薬局", "機関区分": 5, "都道府県コード": 39, "市区町村コード": 201, "所在地": "高知県高知市愛宕町２－２２－２", "緯度": 33.568947, "経度": 133.536874, "url": "https://www.iryou.teikyouseido.mhlw.go.jp/znk-web/juminkanja/S2430/initialize?prefCd=39&kikanCd=5395002770&kikanKbn=5", "url2": "http://bluecross.co.jp/", "内容": "ブルークロス　江ノ口薬局【5:薬局】高知県高知市愛宕町２－２２－２" }, "geometry": { "type": "Point", "coordinates": [ 133.536874, 33.568947 ] } },
{ "type": "Feature", "properties": { "ID": 3955395002810, "正式名称": "ブルークロス調剤薬局　本町店", "機関区分": 5, "都道府県コード": 39, "市区町村コード": 201, "所在地": "高知県高知市鷹匠町１－１－２３", "緯度": 33.556968, "経度": 133.536745, "url": "https://www.iryou.teikyouseido.mhlw.go.jp/znk-web/juminkanja/S2430/initialize?prefCd=39&kikanCd=5395002810&kikanKbn=5", "url2": "http://bluecross.co.jp/", "内容": "ブルークロス調剤薬局　本町店【5:薬局】高知県高知市鷹匠町１－１－２３" }, "geometry": { "type": "Point", "coordinates": [ 133.536745, 33.556968 ] } },
{ "type": "Feature", "properties": { "ID": 3955395002820, "正式名称": "有限会社かめや薬局", "機関区分": 5, "都道府県コード": 39, "市区町村コード": 201, "所在地": "高知県高知市福井東町３５－１１", "緯度": 33.563933, "経度": 133.512889, "url": "https://www.iryou.teikyouseido.mhlw.go.jp/znk-web/juminkanja/S2430/initialize?prefCd=39&kikanCd=5395002820&kikanKbn=5", "url2": "http://kameya8.com", "内容": "有限会社かめや薬局【5:薬局】高知県高知市福井東町３５－１１" }, "geometry": { "type": "Point", "coordinates": [ 133.512889, 33.563933 ] } },
{ "type": "Feature", "properties": { "ID": 3955395002870, "正式名称": "西村薬局", "機関区分": 5, "都道府県コード": 39, "市区町村コード": 201, "所在地": "高知県高知市桜井町２－４－１２", "緯度": 33.561447, "経度": 133.551996, "url": "https://www.iryou.teikyouseido.mhlw.go.jp/znk-web/juminkanja/S2430/initialize?prefCd=39&kikanCd=5395002870&kikanKbn=5", "url2": null, "内容": "西村薬局【5:薬局】高知県高知市桜井町２－４－１２" }, "geometry": { "type": "Point", "coordinates": [ 133.551996, 33.561447 ] } },
{ "type": "Feature", "properties": { "ID": 3955395002910, "正式名称": "アクア薬局", "機関区分": 5, "都道府県コード": 39, "市区町村コード": 201, "所在地": "高知県高知市旭町２丁目２３－３０", "緯度": 33.555865, "経度": 133.511006, "url": "https://www.iryou.teikyouseido.mhlw.go.jp/znk-web/juminkanja/S2430/initialize?prefCd=39&kikanCd=5395002910&kikanKbn=5", "url2": null, "内容": "アクア薬局【5:薬局】高知県高知市旭町２丁目２３－３０" }, "geometry": { "type": "Point", "coordinates": [ 133.511006, 33.555865 ] } },
{ "type": "Feature", "properties": { "ID": 3955395002980, "正式名称": "はまゆう薬局", "機関区分": 5, "都道府県コード": 39, "市区町村コード": 303, "所在地": "高知県安芸郡田野町１８１０－２", "緯度": 33.428819, "経度": 134.00879, "url": "https://www.iryou.teikyouseido.mhlw.go.jp/znk-web/juminkanja/S2430/initialize?prefCd=39&kikanCd=5395002980&kikanKbn=5", "url2": "https://kochi-chozai.co.jp/", "内容": "はまゆう薬局【5:薬局】高知県安芸郡田野町１８１０－２" }, "geometry": { "type": "Point", "coordinates": [ 134.00879, 33.428819 ] } },
{ "type": "Feature", "properties": { "ID": 3955395003000, "正式名称": "西田屋薬局", "機関区分": 5, "都道府県コード": 39, "市区町村コード": 203, "所在地": "高知県安芸市本町", "緯度": 33.499194, "経度": 133.907311, "url": "https://www.iryou.teikyouseido.mhlw.go.jp/znk-web/juminkanja/S2430/initialize?prefCd=39&kikanCd=5395003000&kikanKbn=5", "url2": null, "内容": "西田屋薬局【5:薬局】高知県安芸市本町" }, "geometry": { "type": "Point", "coordinates": [ 133.907311, 33.499194 ] } },
{ "type": "Feature", "properties": { "ID": 3955395003020, "正式名称": "らいおん堂薬局　甲浦店", "機関区分": 5, "都道府県コード": 39, "市区町村コード": 301, "所在地": "高知県安芸郡東洋町大字甲浦５４１", "緯度": 33.548108, "経度": 134.29715, "url": "https://www.iryou.teikyouseido.mhlw.go.jp/znk-web/juminkanja/S2430/initialize?prefCd=39&kikanCd=5395003020&kikanKbn=5", "url2": null, "内容": "らいおん堂薬局　甲浦店【5:薬局】高知県安芸郡東洋町大字甲浦５４１" }, "geometry": { "type": "Point", "coordinates": [ 134.29715, 33.548108 ] } },
{ "type": "Feature", "properties": { "ID": 3955395003050, "正式名称": "いちまる薬局", "機関区分": 5, "都道府県コード": 39, "市区町村コード": 304, "所在地": "高知県安芸郡安田町安田１６９０−２", "緯度": 33.436829, "経度": 133.979358, "url": "https://www.iryou.teikyouseido.mhlw.go.jp/znk-web/juminkanja/S2430/initialize?prefCd=39&kikanCd=5395003050&kikanKbn=5", "url2": "https://www.facebook.com/itimarukampo", "内容": "いちまる薬局【5:薬局】高知県安芸郡安田町安田１６９０−２" }, "geometry": { "type": "Point", "coordinates": [ 133.979358, 33.436829 ] } },
{ "type": "Feature", "properties": { "ID": 3955395003060, "正式名称": "芸西薬局", "機関区分": 5, "都道府県コード": 39, "市区町村コード": 307, "所在地": "高知県安芸郡芸西村和食甲１５１３－１", "緯度": 33.521697, "経度": 133.809023, "url": "https://www.iryou.teikyouseido.mhlw.go.jp/znk-web/juminkanja/S2430/initialize?prefCd=39&kikanCd=5395003060&kikanKbn=5", "url2": "http://sakuramedico.jp/geisei/index.html", "内容": "芸西薬局【5:薬局】高知県安芸郡芸西村和食甲１５１３－１" }, "geometry": { "type": "Point", "coordinates": [ 133.809023, 33.521697 ] } },
{ "type": "Feature", "properties": { "ID": 3955395003080, "正式名称": "くじら薬局", "機関区分": 5, "都道府県コード": 39, "市区町村コード": 203, "所在地": "高知県安芸市本町２－１０－１１", "緯度": 33.498649, "経度": 133.908105, "url": "https://www.iryou.teikyouseido.mhlw.go.jp/znk-web/juminkanja/S2430/initialize?prefCd=39&kikanCd=5395003080&kikanKbn=5", "url2": "https://medico-drugfarm.jp/company/", "内容": "くじら薬局【5:薬局】高知県安芸市本町２－１０－１１" }, "geometry": { "type": "Point", "coordinates": [ 133.908105, 33.498649 ] } },
{ "type": "Feature", "properties": { "ID": 3955395003090, "正式名称": "元氣堂調剤薬局　なはり店", "機関区分": 5, "都道府県コード": 39, "市区町村コード": 302, "所在地": "高知県安芸郡奈半利町乙３７１１－１２", "緯度": 33.43722, "経度": 134.028024, "url": "https://www.iryou.teikyouseido.mhlw.go.jp/znk-web/juminkanja/S2430/initialize?prefCd=39&kikanCd=5395003090&kikanKbn=5", "url2": null, "内容": "元氣堂調剤薬局　なはり店【5:薬局】高知県安芸郡奈半利町乙３７１１－１２" }, "geometry": { "type": "Point", "coordinates": [ 134.028024, 33.43722 ] } },
{ "type": "Feature", "properties": { "ID": 3955395003150, "正式名称": "タキ薬局", "機関区分": 5, "都道府県コード": 39, "市区町村コード": 202, "所在地": "高知県室戸市浮津二番町４４−１", "緯度": 33.291742, "経度": 134.145665, "url": "https://www.iryou.teikyouseido.mhlw.go.jp/znk-web/juminkanja/S2430/initialize?prefCd=39&kikanCd=5395003150&kikanKbn=5", "url2": null, "内容": "タキ薬局【5:薬局】高知県室戸市浮津二番町４４−１" }, "geometry": { "type": "Point", "coordinates": [ 134.145665, 33.291742 ] } },
{ "type": "Feature", "properties": { "ID": 3955395003160, "正式名称": "山川ライオン堂薬局", "機関区分": 5, "都道府県コード": 39, "市区町村コード": 202, "所在地": "高知県室戸市浮津３６４－１", "緯度": 33.290073, "経度": 134.148163, "url": "https://www.iryou.teikyouseido.mhlw.go.jp/znk-web/juminkanja/S2430/initialize?prefCd=39&kikanCd=5395003160&kikanKbn=5", "url2": null, "内容": "山川ライオン堂薬局【5:薬局】高知県室戸市浮津３６４－１" }, "geometry": { "type": "Point", "coordinates": [ 134.148163, 33.290073 ] } },
{ "type": "Feature", "properties": { "ID": 3955395003180, "正式名称": "らいおん堂薬局吉良川店", "機関区分": 5, "都道府県コード": 39, "市区町村コード": 202, "所在地": "高知県室戸市吉良川町甲３９４７", "緯度": 33.330977, "経度": 134.098813, "url": "https://www.iryou.teikyouseido.mhlw.go.jp/znk-web/juminkanja/S2430/initialize?prefCd=39&kikanCd=5395003180&kikanKbn=5", "url2": null, "内容": "らいおん堂薬局吉良川店【5:薬局】高知県室戸市吉良川町甲３９４７" }, "geometry": { "type": "Point", "coordinates": [ 134.098813, 33.330977 ] } },
{ "type": "Feature", "properties": { "ID": 3955395003190, "正式名称": "大町薬局", "機関区分": 5, "都道府県コード": 39, "市区町村コード": 212, "所在地": "高知県香美市土佐山田町東本町３－１－３８", "緯度": 33.606222, "経度": 133.68936, "url": "https://www.iryou.teikyouseido.mhlw.go.jp/znk-web/juminkanja/S2430/initialize?prefCd=39&kikanCd=5395003190&kikanKbn=5", "url2": null, "内容": "大町薬局【5:薬局】高知県香美市土佐山田町東本町３－１－３８" }, "geometry": { "type": "Point", "coordinates": [ 133.68936, 33.606222 ] } },
{ "type": "Feature", "properties": { "ID": 3955395003210, "正式名称": "神母ノ木薬局", "機関区分": 5, "都道府県コード": 39, "市区町村コード": 212, "所在地": "高知県香美市土佐山田町神母ノ木３３５－１", "緯度": 33.6162, "経度": 133.714622, "url": "https://www.iryou.teikyouseido.mhlw.go.jp/znk-web/juminkanja/S2430/initialize?prefCd=39&kikanCd=5395003210&kikanKbn=5", "url2": null, "内容": "神母ノ木薬局【5:薬局】高知県香美市土佐山田町神母ノ木３３５－１" }, "geometry": { "type": "Point", "coordinates": [ 133.714622, 33.6162 ] } },
{ "type": "Feature", "properties": { "ID": 3955395003280, "正式名称": "きしもと薬局　十市店", "機関区分": 5, "都道府県コード": 39, "市区町村コード": 204, "所在地": "高知県南国市十市２６８１番地", "緯度": 33.527089, "経度": 133.619902, "url": "https://www.iryou.teikyouseido.mhlw.go.jp/znk-web/juminkanja/S2430/initialize?prefCd=39&kikanCd=5395003280&kikanKbn=5", "url2": null, "内容": "きしもと薬局　十市店【5:薬局】高知県南国市十市２６８１番地" }, "geometry": { "type": "Point", "coordinates": [ 133.619902, 33.527089 ] } },
{ "type": "Feature", "properties": { "ID": 3955395003310, "正式名称": "有限会社　西田順天堂薬局", "機関区分": 5, "都道府県コード": 39, "市区町村コード": 204, "所在地": "高知県南国市大そね甲１７０５", "緯度": 33.575309, "経度": 133.641271, "url": "https://www.iryou.teikyouseido.mhlw.go.jp/znk-web/juminkanja/S2430/initialize?prefCd=39&kikanCd=5395003310&kikanKbn=5", "url2": "http://www.kochi-f.co.jp/nishida/", "内容": "有限会社　西田順天堂薬局【5:薬局】高知県南国市大そね甲１７０５" }, "geometry": { "type": "Point", "coordinates": [ 133.641271, 33.575309 ] } },
{ "type": "Feature", "properties": { "ID": 3955395003330, "正式名称": "西田調剤薬局", "機関区分": 5, "都道府県コード": 39, "市区町村コード": 204, "所在地": "高知県南国市大そね甲１７７２－１", "緯度": 33.572596, "経度": 133.64697, "url": "https://www.iryou.teikyouseido.mhlw.go.jp/znk-web/juminkanja/S2430/initialize?prefCd=39&kikanCd=5395003330&kikanKbn=5", "url2": null, "内容": "西田調剤薬局【5:薬局】高知県南国市大そね甲１７７２－１" }, "geometry": { "type": "Point", "coordinates": [ 133.64697, 33.572596 ] } },
{ "type": "Feature", "properties": { "ID": 3955395003350, "正式名称": "西田順天堂薬局中町店", "機関区分": 5, "都道府県コード": 39, "市区町村コード": 204, "所在地": "高知県南国市駅前町３ー１ー３９", "緯度": 33.578724, "経度": 133.64584, "url": "https://www.iryou.teikyouseido.mhlw.go.jp/znk-web/juminkanja/S2430/initialize?prefCd=39&kikanCd=5395003350&kikanKbn=5", "url2": "http://www.nishida-ph.net/", "内容": "西田順天堂薬局中町店【5:薬局】高知県南国市駅前町３ー１ー３９" }, "geometry": { "type": "Point", "coordinates": [ 133.64584, 33.578724 ] } },
{ "type": "Feature", "properties": { "ID": 3955395003410, "正式名称": "有限会社　ジィアイシー　やいろ薬局", "機関区分": 5, "都道府県コード": 39, "市区町村コード": 212, "所在地": "高知県香美市土佐山田町西本町５－３－１", "緯度": 33.604149, "経度": 133.680115, "url": "https://www.iryou.teikyouseido.mhlw.go.jp/znk-web/juminkanja/S2430/initialize?prefCd=39&kikanCd=5395003410&kikanKbn=5", "url2": null, "内容": "有限会社　ジィアイシー　やいろ薬局【5:薬局】高知県香美市土佐山田町西本町５－３－１" }, "geometry": { "type": "Point", "coordinates": [ 133.680115, 33.604149 ] } },
{ "type": "Feature", "properties": { "ID": 3955395003420, "正式名称": "西田順天堂薬局　オオソネ店", "機関区分": 5, "都道府県コード": 39, "市区町村コード": 204, "所在地": "高知県南国市大そね乙１２５８－１", "緯度": 33.566344, "経度": 133.64632, "url": "https://www.iryou.teikyouseido.mhlw.go.jp/znk-web/juminkanja/S2430/initialize?prefCd=39&kikanCd=5395003420&kikanKbn=5", "url2": "https://www.nishida-ph.net", "内容": "西田順天堂薬局　オオソネ店【5:薬局】高知県南国市大そね乙１２５８－１" }, "geometry": { "type": "Point", "coordinates": [ 133.64632, 33.566344 ] } },
{ "type": "Feature", "properties": { "ID": 3955395003440, "正式名称": "なんごく薬局", "機関区分": 5, "都道府県コード": 39, "市区町村コード": 204, "所在地": "高知県南国市西野田町１ー２３－６", "緯度": 33.575589, "経度": 133.648772, "url": "https://www.iryou.teikyouseido.mhlw.go.jp/znk-web/juminkanja/S2430/initialize?prefCd=39&kikanCd=5395003440&kikanKbn=5", "url2": "https://www.kochi-chozai.co.jp", "内容": "なんごく薬局【5:薬局】高知県南国市西野田町１ー２３－６" }, "geometry": { "type": "Point", "coordinates": [ 133.648772, 33.575589 ] } },
{ "type": "Feature", "properties": { "ID": 3955395003450, "正式名称": "いの薬局", "機関区分": 5, "都道府県コード": 39, "市区町村コード": 204, "所在地": "高知県南国市東崎１３４８番地２", "緯度": 33.575757, "経度": 133.642787, "url": "https://www.iryou.teikyouseido.mhlw.go.jp/znk-web/juminkanja/S2430/initialize?prefCd=39&kikanCd=5395003450&kikanKbn=5", "url2": null, "内容": "いの薬局【5:薬局】高知県南国市東崎１３４８番地２" }, "geometry": { "type": "Point", "coordinates": [ 133.642787, 33.575757 ] } },
{ "type": "Feature", "properties": { "ID": 3955395003460, "正式名称": "あい薬局", "機関区分": 5, "都道府県コード": 39, "市区町村コード": 212, "所在地": "高知県香美市土佐山田町百石町１丁目９番６号", "緯度": 33.607951, "経度": 133.696155, "url": "https://www.iryou.teikyouseido.mhlw.go.jp/znk-web/juminkanja/S2430/initialize?prefCd=39&kikanCd=5395003460&kikanKbn=5", "url2": null, "内容": "あい薬局【5:薬局】高知県香美市土佐山田町百石町１丁目９番６号" }, "geometry": { "type": "Point", "coordinates": [ 133.696155, 33.607951 ] } },
{ "type": "Feature", "properties": { "ID": 3955395003470, "正式名称": "株式会社ファムコやまもも薬局", "機関区分": 5, "都道府県コード": 39, "市区町村コード": 211, "所在地": "高知県香南市野市町西野１９００－５", "緯度": 33.558646, "経度": 133.694878, "url": "https://www.iryou.teikyouseido.mhlw.go.jp/znk-web/juminkanja/S2430/initialize?prefCd=39&kikanCd=5395003470&kikanKbn=5", "url2": null, "内容": "株式会社ファムコやまもも薬局【5:薬局】高知県香南市野市町西野１９００－５" }, "geometry": { "type": "Point", "coordinates": [ 133.694878, 33.558646 ] } },
{ "type": "Feature", "properties": { "ID": 3955395003480, "正式名称": "薬局清流", "機関区分": 5, "都道府県コード": 39, "市区町村コード": 212, "所在地": "高知県香美市土佐山田町楠目３９番地１", "緯度": 33.613944, "経度": 133.712755, "url": "https://www.iryou.teikyouseido.mhlw.go.jp/znk-web/juminkanja/S2430/initialize?prefCd=39&kikanCd=5395003480&kikanKbn=5", "url2": null, "内容": "薬局清流【5:薬局】高知県香美市土佐山田町楠目３９番地１" }, "geometry": { "type": "Point", "coordinates": [ 133.712755, 33.613944 ] } },
{ "type": "Feature", "properties": { "ID": 3955395003490, "正式名称": "くろしお薬局　十市店", "機関区分": 5, "都道府県コード": 39, "市区町村コード": 204, "所在地": "高知県南国市緑ケ丘２－１７１４", "緯度": 33.533449, "経度": 133.609994, "url": "https://www.iryou.teikyouseido.mhlw.go.jp/znk-web/juminkanja/S2430/initialize?prefCd=39&kikanCd=5395003490&kikanKbn=5", "url2": "https://www.drug-kuroshio.co.jp/", "内容": "くろしお薬局　十市店【5:薬局】高知県南国市緑ケ丘２－１７１４" }, "geometry": { "type": "Point", "coordinates": [ 133.609994, 33.533449 ] } },
{ "type": "Feature", "properties": { "ID": 3955395003520, "正式名称": "ベル薬局　山田店", "機関区分": 5, "都道府県コード": 39, "市区町村コード": 212, "所在地": "高知県香美市土佐山田町旭町５－３－１１", "緯度": 33.606881, "経度": 133.693652, "url": "https://www.iryou.teikyouseido.mhlw.go.jp/znk-web/juminkanja/S2430/initialize?prefCd=39&kikanCd=5395003520&kikanKbn=5", "url2": "http://www.belle-ph.com/", "内容": "ベル薬局　山田店【5:薬局】高知県香美市土佐山田町旭町５－３－１１" }, "geometry": { "type": "Point", "coordinates": [ 133.693652, 33.606881 ] } },
{ "type": "Feature", "properties": { "ID": 3955395003530, "正式名称": "ハート薬局　おおそね店", "機関区分": 5, "都道府県コード": 39, "市区町村コード": 204, "所在地": "高知県南国市大そね乙９９２－３", "緯度": 33.5664, "経度": 133.650233, "url": "https://www.iryou.teikyouseido.mhlw.go.jp/znk-web/juminkanja/S2430/initialize?prefCd=39&kikanCd=5395003530&kikanKbn=5", "url2": null, "内容": "ハート薬局　おおそね店【5:薬局】高知県南国市大そね乙９９２－３" }, "geometry": { "type": "Point", "coordinates": [ 133.650233, 33.5664 ] } },
{ "type": "Feature", "properties": { "ID": 3955395003550, "正式名称": "四国調剤あさひ薬局", "機関区分": 5, "都道府県コード": 39, "市区町村コード": 212, "所在地": "高知県香美市土佐山田町東本町４丁目１－３６", "緯度": 33.607087, "経度": 133.690983, "url": "https://www.iryou.teikyouseido.mhlw.go.jp/znk-web/juminkanja/S2430/initialize?prefCd=39&kikanCd=5395003550&kikanKbn=5", "url2": "http://www.shikoku-dsp.co.jp/", "内容": "四国調剤あさひ薬局【5:薬局】高知県香美市土佐山田町東本町４丁目１－３６" }, "geometry": { "type": "Point", "coordinates": [ 133.690983, 33.607087 ] } },
{ "type": "Feature", "properties": { "ID": 3955395003570, "正式名称": "のいち駅前薬局", "機関区分": 5, "都道府県コード": 39, "市区町村コード": 211, "所在地": "高知県香南市野市町西野５８７－２０", "緯度": 33.562814, "経度": 133.697657, "url": "https://www.iryou.teikyouseido.mhlw.go.jp/znk-web/juminkanja/S2430/initialize?prefCd=39&kikanCd=5395003570&kikanKbn=5", "url2": "http://bluecross.co.jp/", "内容": "のいち駅前薬局【5:薬局】高知県香南市野市町西野５８７－２０" }, "geometry": { "type": "Point", "coordinates": [ 133.697657, 33.562814 ] } },
{ "type": "Feature", "properties": { "ID": 3955395003600, "正式名称": "アイン薬局　ＪＡ高知病院前店", "機関区分": 5, "都道府県コード": 39, "市区町村コード": 204, "所在地": "高知県南国市明見５３８番地６", "緯度": 33.569567, "経度": 133.622396, "url": "https://www.iryou.teikyouseido.mhlw.go.jp/znk-web/juminkanja/S2430/initialize?prefCd=39&kikanCd=5395003600&kikanKbn=5", "url2": "http://www.ainj.co.jp/", "内容": "アイン薬局　ＪＡ高知病院前店【5:薬局】高知県南国市明見５３８番地６" }, "geometry": { "type": "Point", "coordinates": [ 133.622396, 33.569567 ] } },
{ "type": "Feature", "properties": { "ID": 3955395003610, "正式名称": "西田順天堂薬局　明見店", "機関区分": 5, "都道府県コード": 39, "市区町村コード": 204, "所在地": "高知県南国市明見堀井甲５６６－１", "緯度": 33.575588, "経度": 133.641273, "url": "https://www.iryou.teikyouseido.mhlw.go.jp/znk-web/juminkanja/S2430/initialize?prefCd=39&kikanCd=5395003610&kikanKbn=5", "url2": "https://www.nishida-ph.net", "内容": "西田順天堂薬局　明見店【5:薬局】高知県南国市明見堀井甲５６６－１" }, "geometry": { "type": "Point", "coordinates": [ 133.641273, 33.575588 ] } },
{ "type": "Feature", "properties": { "ID": 3955395003730, "正式名称": "藤田薬局", "機関区分": 5, "都道府県コード": 39, "市区町村コード": 205, "所在地": "高知県土佐市高岡町乙１５８－５", "緯度": 33.49708, "経度": 133.423414, "url": "https://www.iryou.teikyouseido.mhlw.go.jp/znk-web/juminkanja/S2430/initialize?prefCd=39&kikanCd=5395003730&kikanKbn=5", "url2": null, "内容": "藤田薬局【5:薬局】高知県土佐市高岡町乙１５８－５" }, "geometry": { "type": "Point", "coordinates": [ 133.423414, 33.49708 ] } },
{ "type": "Feature", "properties": { "ID": 3955395003750, "正式名称": "とさ薬局", "機関区分": 5, "都道府県コード": 39, "市区町村コード": 205, "所在地": "高知県土佐市高岡町甲１８９４ー２８", "緯度": 33.494334, "経度": 133.424269, "url": "https://www.iryou.teikyouseido.mhlw.go.jp/znk-web/juminkanja/S2430/initialize?prefCd=39&kikanCd=5395003750&kikanKbn=5", "url2": null, "内容": "とさ薬局【5:薬局】高知県土佐市高岡町甲１８９４ー２８" }, "geometry": { "type": "Point", "coordinates": [ 133.424269, 33.494334 ] } },
{ "type": "Feature", "properties": { "ID": 3955395003760, "正式名称": "たかおか薬局", "機関区分": 5, "都道府県コード": 39, "市区町村コード": 205, "所在地": "高知県土佐市高岡町甲２１９０－１", "緯度": 33.495591, "経度": 133.420145, "url": "https://www.iryou.teikyouseido.mhlw.go.jp/znk-web/juminkanja/S2430/initialize?prefCd=39&kikanCd=5395003760&kikanKbn=5", "url2": null, "内容": "たかおか薬局【5:薬局】高知県土佐市高岡町甲２１９０－１" }, "geometry": { "type": "Point", "coordinates": [ 133.420145, 33.495591 ] } },
{ "type": "Feature", "properties": { "ID": 3955395003770, "正式名称": "よこまち薬局", "機関区分": 5, "都道府県コード": 39, "市区町村コード": 205, "所在地": "高知県土佐市高岡町甲１８９４－１０", "緯度": 33.494242, "経度": 133.424272, "url": "https://www.iryou.teikyouseido.mhlw.go.jp/znk-web/juminkanja/S2430/initialize?prefCd=39&kikanCd=5395003770&kikanKbn=5", "url2": null, "内容": "よこまち薬局【5:薬局】高知県土佐市高岡町甲１８９４－１０" }, "geometry": { "type": "Point", "coordinates": [ 133.424272, 33.494242 ] } },
{ "type": "Feature", "properties": { "ID": 3955395003800, "正式名称": "蓮池薬局", "機関区分": 5, "都道府県コード": 39, "市区町村コード": 205, "所在地": "高知県土佐市蓮池１２０７―１", "緯度": 33.492587, "経度": 133.413634, "url": "https://www.iryou.teikyouseido.mhlw.go.jp/znk-web/juminkanja/S2430/initialize?prefCd=39&kikanCd=5395003800&kikanKbn=5", "url2": null, "内容": "蓮池薬局【5:薬局】高知県土佐市蓮池１２０７―１" }, "geometry": { "type": "Point", "coordinates": [ 133.413634, 33.492587 ] } },
{ "type": "Feature", "properties": { "ID": 3955395003810, "正式名称": "ブルークロスえだがわ薬局", "機関区分": 5, "都道府県コード": 39, "市区町村コード": 386, "所在地": "高知県吾川郡いの町２０５", "緯度": 33.550797, "経度": 133.442532, "url": "https://www.iryou.teikyouseido.mhlw.go.jp/znk-web/juminkanja/S2430/initialize?prefCd=39&kikanCd=5395003810&kikanKbn=5", "url2": "http://www.inforyoma.or.jp/bluecross/", "内容": "ブルークロスえだがわ薬局【5:薬局】高知県吾川郡いの町２０５" }, "geometry": { "type": "Point", "coordinates": [ 133.442532, 33.550797 ] } },
{ "type": "Feature", "properties": { "ID": 3955395003830, "正式名称": "かたおか薬局", "機関区分": 5, "都道府県コード": 39, "市区町村コード": 386, "所在地": "高知県吾川郡いの町枝川２２７２－１４", "緯度": 33.552131, "経度": 133.459734, "url": "https://www.iryou.teikyouseido.mhlw.go.jp/znk-web/juminkanja/S2430/initialize?prefCd=39&kikanCd=5395003830&kikanKbn=5", "url2": null, "内容": "かたおか薬局【5:薬局】高知県吾川郡いの町枝川２２７２－１４" }, "geometry": { "type": "Point", "coordinates": [ 133.459734, 33.552131 ] } },
{ "type": "Feature", "properties": { "ID": 3955395003840, "正式名称": "松田薬局", "機関区分": 5, "都道府県コード": 39, "市区町村コード": 386, "所在地": "高知県吾川郡いの町３８０６ーイ", "緯度": 33.54772, "経度": 133.426051, "url": "https://www.iryou.teikyouseido.mhlw.go.jp/znk-web/juminkanja/S2430/initialize?prefCd=39&kikanCd=5395003840&kikanKbn=5", "url2": "http://www.matsuda-ph.jp", "内容": "松田薬局【5:薬局】高知県吾川郡いの町３８０６ーイ" }, "geometry": { "type": "Point", "coordinates": [ 133.426051, 33.54772 ] } },
{ "type": "Feature", "properties": { "ID": 3955395003870, "正式名称": "ローズ薬局", "機関区分": 5, "都道府県コード": 39, "市区町村コード": 386, "所在地": "高知県吾川郡いの町新町３６", "緯度": 33.547819, "経度": 133.429025, "url": "https://www.iryou.teikyouseido.mhlw.go.jp/znk-web/juminkanja/S2430/initialize?prefCd=39&kikanCd=5395003870&kikanKbn=5", "url2": null, "内容": "ローズ薬局【5:薬局】高知県吾川郡いの町新町３６" }, "geometry": { "type": "Point", "coordinates": [ 133.429025, 33.547819 ] } },
{ "type": "Feature", "properties": { "ID": 3955395003880, "正式名称": "伊野ひこばえ薬局", "機関区分": 5, "都道府県コード": 39, "市区町村コード": 386, "所在地": "高知県吾川郡いの町１１８８　サニーマート伊野店内", "緯度": 33.548641, "経度": 133.427682, "url": "https://www.iryou.teikyouseido.mhlw.go.jp/znk-web/juminkanja/S2430/initialize?prefCd=39&kikanCd=5395003880&kikanKbn=5", "url2": null, "内容": "伊野ひこばえ薬局【5:薬局】高知県吾川郡いの町１１８８　サニーマート伊野店内" }, "geometry": { "type": "Point", "coordinates": [ 133.427682, 33.548641 ] } },
{ "type": "Feature", "properties": { "ID": 3955395003890, "正式名称": "ベル薬局　伊野店", "機関区分": 5, "都道府県コード": 39, "市区町村コード": 386, "所在地": "高知県吾川郡いの町１３２８－７", "緯度": 33.546903, "経度": 133.434191, "url": "https://www.iryou.teikyouseido.mhlw.go.jp/znk-web/juminkanja/S2430/initialize?prefCd=39&kikanCd=5395003890&kikanKbn=5", "url2": "http://www.belle-ph.com/", "内容": "ベル薬局　伊野店【5:薬局】高知県吾川郡いの町１３２８－７" }, "geometry": { "type": "Point", "coordinates": [ 133.434191, 33.546903 ] } },
{ "type": "Feature", "properties": { "ID": 3955395003900, "正式名称": "いの薬局", "機関区分": 5, "都道府県コード": 39, "市区町村コード": 386, "所在地": "高知県吾川郡いの町１３６８－１", "緯度": 33.547458, "経度": 133.434208, "url": "https://www.iryou.teikyouseido.mhlw.go.jp/znk-web/juminkanja/S2430/initialize?prefCd=39&kikanCd=5395003900&kikanKbn=5", "url2": "https://kigurakuraimu.jp", "内容": "いの薬局【5:薬局】高知県吾川郡いの町１３６８－１" }, "geometry": { "type": "Point", "coordinates": [ 133.434208, 33.547458 ] } },
{ "type": "Feature", "properties": { "ID": 3955395003910, "正式名称": "みなみ薬局", "機関区分": 5, "都道府県コード": 39, "市区町村コード": 386, "所在地": "高知県吾川郡いの町天王南１－５－４", "緯度": 33.528119, "経度": 133.44149, "url": "https://www.iryou.teikyouseido.mhlw.go.jp/znk-web/juminkanja/S2430/initialize?prefCd=39&kikanCd=5395003910&kikanKbn=5", "url2": "https://www.minami-fine.net", "内容": "みなみ薬局【5:薬局】高知県吾川郡いの町天王南１－５－４" }, "geometry": { "type": "Point", "coordinates": [ 133.44149, 33.528119 ] } },
{ "type": "Feature", "properties": { "ID": 3955395003920, "正式名称": "波川薬局", "機関区分": 5, "都道府県コード": 39, "市区町村コード": 386, "所在地": "高知県吾川郡いの町波川５６６－５", "緯度": 33.546161, "経度": 133.410652, "url": "https://www.iryou.teikyouseido.mhlw.go.jp/znk-web/juminkanja/S2430/initialize?prefCd=39&kikanCd=5395003920&kikanKbn=5", "url2": null, "内容": "波川薬局【5:薬局】高知県吾川郡いの町波川５６６－５" }, "geometry": { "type": "Point", "coordinates": [ 133.410652, 33.546161 ] } },
{ "type": "Feature", "properties": { "ID": 3955395003940, "正式名称": "たけうち調剤薬局", "機関区分": 5, "都道府県コード": 39, "市区町村コード": 402, "所在地": "高知県高岡郡佐川町甲１０５２－５", "緯度": 33.50043, "経度": 133.291509, "url": "https://www.iryou.teikyouseido.mhlw.go.jp/znk-web/juminkanja/S2430/initialize?prefCd=39&kikanCd=5395003940&kikanKbn=5", "url2": null, "内容": "たけうち調剤薬局【5:薬局】高知県高岡郡佐川町甲１０５２－５" }, "geometry": { "type": "Point", "coordinates": [ 133.291509, 33.50043 ] } },
{ "type": "Feature", "properties": { "ID": 3955395003960, "正式名称": "くろしお薬局　佐川店", "機関区分": 5, "都道府県コード": 39, "市区町村コード": 402, "所在地": "高知県高岡郡佐川町甲１３５６－３", "緯度": 33.500322, "経度": 133.290418, "url": "https://www.iryou.teikyouseido.mhlw.go.jp/znk-web/juminkanja/S2430/initialize?prefCd=39&kikanCd=5395003960&kikanKbn=5", "url2": "http://www.kuroshio-pharmacy.com/", "内容": "くろしお薬局　佐川店【5:薬局】高知県高岡郡佐川町甲１３５６－３" }, "geometry": { "type": "Point", "coordinates": [ 133.290418, 33.500322 ] } },
{ "type": "Feature", "properties": { "ID": 3955395003970, "正式名称": "高北薬局", "機関区分": 5, "都道府県コード": 39, "市区町村コード": 402, "所在地": "高知県高岡郡佐川町甲１６９１－５", "緯度": 33.503732, "経度": 133.286654, "url": "https://www.iryou.teikyouseido.mhlw.go.jp/znk-web/juminkanja/S2430/initialize?prefCd=39&kikanCd=5395003970&kikanKbn=5", "url2": "http://bluecross.co.jp/", "内容": "高北薬局【5:薬局】高知県高岡郡佐川町甲１６９１－５" }, "geometry": { "type": "Point", "coordinates": [ 133.286654, 33.503732 ] } },
{ "type": "Feature", "properties": { "ID": 3955395004000, "正式名称": "あおば薬局", "機関区分": 5, "都道府県コード": 39, "市区町村コード": 402, "所在地": "高知県高岡郡佐川町乙１７６６－１", "緯度": 33.50609, "経度": 133.280185, "url": "https://www.iryou.teikyouseido.mhlw.go.jp/znk-web/juminkanja/S2430/initialize?prefCd=39&kikanCd=5395004000&kikanKbn=5", "url2": "https://kigurakuraimu.jp", "内容": "あおば薬局【5:薬局】高知県高岡郡佐川町乙１７６６－１" }, "geometry": { "type": "Point", "coordinates": [ 133.280185, 33.50609 ] } },
{ "type": "Feature", "properties": { "ID": 3955395004010, "正式名称": "森下薬局", "機関区分": 5, "都道府県コード": 39, "市区町村コード": 403, "所在地": "高知県高岡郡越知町越知甲１７２０", "緯度": 33.531973, "経度": 133.251863, "url": "https://www.iryou.teikyouseido.mhlw.go.jp/znk-web/juminkanja/S2430/initialize?prefCd=39&kikanCd=5395004010&kikanKbn=5", "url2": null, "内容": "森下薬局【5:薬局】高知県高岡郡越知町越知甲１７２０" }, "geometry": { "type": "Point", "coordinates": [ 133.251863, 33.531973 ] } },
{ "type": "Feature", "properties": { "ID": 3955395004020, "正式名称": "セーフティカプセルネットキグラ薬局", "機関区分": 5, "都道府県コード": 39, "市区町村コード": 403, "所在地": "高知県高岡郡越知町越知甲１９５４－７", "緯度": 33.532542, "経度": 133.251334, "url": "https://www.iryou.teikyouseido.mhlw.go.jp/znk-web/juminkanja/S2430/initialize?prefCd=39&kikanCd=5395004020&kikanKbn=5", "url2": "https://kigurakuraimu.jp", "内容": "セーフティカプセルネットキグラ薬局【5:薬局】高知県高岡郡越知町越知甲１９５４－７" }, "geometry": { "type": "Point", "coordinates": [ 133.251334, 33.532542 ] } },
{ "type": "Feature", "properties": { "ID": 3955395004030, "正式名称": "セーフティカプセルネットサン薬局", "機関区分": 5, "都道府県コード": 39, "市区町村コード": 403, "所在地": "高知県高岡郡越知町越知甲２１３０", "緯度": 33.530306, "経度": 133.249641, "url": "https://www.iryou.teikyouseido.mhlw.go.jp/znk-web/juminkanja/S2430/initialize?prefCd=39&kikanCd=5395004030&kikanKbn=5", "url2": "https://kigurakuraimu.jp", "内容": "セーフティカプセルネットサン薬局【5:薬局】高知県高岡郡越知町越知甲２１３０" }, "geometry": { "type": "Point", "coordinates": [ 133.249641, 33.530306 ] } },
{ "type": "Feature", "properties": { "ID": 3955395004040, "正式名称": "浜田薬局　バイパス店", "機関区分": 5, "都道府県コード": 39, "市区町村コード": 403, "所在地": "高知県高岡郡越知町越知甲１６８２－５", "緯度": 33.530428, "経度": 133.252843, "url": "https://www.iryou.teikyouseido.mhlw.go.jp/znk-web/juminkanja/S2430/initialize?prefCd=39&kikanCd=5395004040&kikanKbn=5", "url2": null, "内容": "浜田薬局　バイパス店【5:薬局】高知県高岡郡越知町越知甲１６８２－５" }, "geometry": { "type": "Point", "coordinates": [ 133.252843, 33.530428 ] } },
{ "type": "Feature", "properties": { "ID": 3955395004070, "正式名称": "有限会社薬研　ほりおか薬局東店", "機関区分": 5, "都道府県コード": 39, "市区町村コード": 410, "所在地": "高知県高岡郡日高村本郷２４－１", "緯度": 33.535692, "経度": 133.374891, "url": "https://www.iryou.teikyouseido.mhlw.go.jp/znk-web/juminkanja/S2430/initialize?prefCd=39&kikanCd=5395004070&kikanKbn=5", "url2": null, "内容": "有限会社薬研　ほりおか薬局東店【5:薬局】高知県高岡郡日高村本郷２４－１" }, "geometry": { "type": "Point", "coordinates": [ 133.374891, 33.535692 ] } },
{ "type": "Feature", "properties": { "ID": 3955395004150, "正式名称": "ヨシムラ薬局バイパス店", "機関区分": 5, "都道府県コード": 39, "市区町村コード": 341, "所在地": "高知県長岡郡本山町本山５７９－１", "緯度": 33.759232, "経度": 133.588542, "url": "https://www.iryou.teikyouseido.mhlw.go.jp/znk-web/juminkanja/S2430/initialize?prefCd=39&kikanCd=5395004150&kikanKbn=5", "url2": null, "内容": "ヨシムラ薬局バイパス店【5:薬局】高知県長岡郡本山町本山５７９－１" }, "geometry": { "type": "Point", "coordinates": [ 133.588542, 33.759232 ] } },
{ "type": "Feature", "properties": { "ID": 3955395004200, "正式名称": "高知調剤薬局　田井店", "機関区分": 5, "都道府県コード": 39, "市区町村コード": 363, "所在地": "高知県土佐郡土佐町田井１４８９－１", "緯度": 33.748632, "経度": 133.554942, "url": "https://www.iryou.teikyouseido.mhlw.go.jp/znk-web/juminkanja/S2430/initialize?prefCd=39&kikanCd=5395004200&kikanKbn=5", "url2": "https://kochi-chozai.co.jp/", "内容": "高知調剤薬局　田井店【5:薬局】高知県土佐郡土佐町田井１４８９－１" }, "geometry": { "type": "Point", "coordinates": [ 133.554942, 33.748632 ] } },
{ "type": "Feature", "properties": { "ID": 3955395004210, "正式名称": "有限会社メディファ　長山薬局", "機関区分": 5, "都道府県コード": 39, "市区町村コード": 206, "所在地": "高知県須崎市大間東町１－８", "緯度": 33.407064, "経度": 133.287652, "url": "https://www.iryou.teikyouseido.mhlw.go.jp/znk-web/juminkanja/S2430/initialize?prefCd=39&kikanCd=5395004210&kikanKbn=5", "url2": null, "内容": "有限会社メディファ　長山薬局【5:薬局】高知県須崎市大間東町１－８" }, "geometry": { "type": "Point", "coordinates": [ 133.287652, 33.407064 ] } },
{ "type": "Feature", "properties": { "ID": 3955395004230, "正式名称": "カナザワ薬局", "機関区分": 5, "都道府県コード": 39, "市区町村コード": 206, "所在地": "高知県須崎市東古市町３ー２", "緯度": 33.389693, "経度": 133.288042, "url": "https://www.iryou.teikyouseido.mhlw.go.jp/znk-web/juminkanja/S2430/initialize?prefCd=39&kikanCd=5395004230&kikanKbn=5", "url2": null, "内容": "カナザワ薬局【5:薬局】高知県須崎市東古市町３ー２" }, "geometry": { "type": "Point", "coordinates": [ 133.288042, 33.389693 ] } },
{ "type": "Feature", "properties": { "ID": 3955395004250, "正式名称": "モリタ薬局", "機関区分": 5, "都道府県コード": 39, "市区町村コード": 206, "所在地": "高知県須崎市緑町４－３１", "緯度": 33.411711, "経度": 133.289917, "url": "https://www.iryou.teikyouseido.mhlw.go.jp/znk-web/juminkanja/S2430/initialize?prefCd=39&kikanCd=5395004250&kikanKbn=5", "url2": null, "内容": "モリタ薬局【5:薬局】高知県須崎市緑町４－３１" }, "geometry": { "type": "Point", "coordinates": [ 133.289917, 33.411711 ] } },
{ "type": "Feature", "properties": { "ID": 3955395004260, "正式名称": "有限会社メディファ長山薬局グリーンロード店", "機関区分": 5, "都道府県コード": 39, "市区町村コード": 206, "所在地": "高知県須崎市緑町５－３", "緯度": 33.412255, "経度": 133.28981, "url": "https://www.iryou.teikyouseido.mhlw.go.jp/znk-web/juminkanja/S2430/initialize?prefCd=39&kikanCd=5395004260&kikanKbn=5", "url2": null, "内容": "有限会社メディファ長山薬局グリーンロード店【5:薬局】高知県須崎市緑町５－３" }, "geometry": { "type": "Point", "coordinates": [ 133.28981, 33.412255 ] } },
{ "type": "Feature", "properties": { "ID": 3955395004280, "正式名称": "カナザワ薬局緑町店", "機関区分": 5, "都道府県コード": 39, "市区町村コード": 206, "所在地": "高知県須崎市緑町４－２７", "緯度": 33.411663, "経度": 133.289136, "url": "https://www.iryou.teikyouseido.mhlw.go.jp/znk-web/juminkanja/S2430/initialize?prefCd=39&kikanCd=5395004280&kikanKbn=5", "url2": null, "内容": "カナザワ薬局緑町店【5:薬局】高知県須崎市緑町４－２７" }, "geometry": { "type": "Point", "coordinates": [ 133.289136, 33.411663 ] } },
{ "type": "Feature", "properties": { "ID": 3955395004320, "正式名称": "金澤薬局", "機関区分": 5, "都道府県コード": 39, "市区町村コード": 401, "所在地": "高知県高岡郡中土佐町久礼６４４４－４", "緯度": 33.329636, "経度": 133.230532, "url": "https://www.iryou.teikyouseido.mhlw.go.jp/znk-web/juminkanja/S2430/initialize?prefCd=39&kikanCd=5395004320&kikanKbn=5", "url2": null, "内容": "金澤薬局【5:薬局】高知県高岡郡中土佐町久礼６４４４－４" }, "geometry": { "type": "Point", "coordinates": [ 133.230532, 33.329636 ] } },
{ "type": "Feature", "properties": { "ID": 3955395004370, "正式名称": "あい薬局", "機関区分": 5, "都道府県コード": 39, "市区町村コード": 405, "所在地": "高知県高岡郡檮原町川西路２３０７－２", "緯度": 33.395036, "経度": 132.921901, "url": "https://www.iryou.teikyouseido.mhlw.go.jp/znk-web/juminkanja/S2430/initialize?prefCd=39&kikanCd=5395004370&kikanKbn=5", "url2": null, "内容": "あい薬局【5:薬局】高知県高岡郡檮原町川西路２３０７－２" }, "geometry": { "type": "Point", "coordinates": [ 132.921901, 33.395036 ] } },
{ "type": "Feature", "properties": { "ID": 3955395004390, "正式名称": "武政薬局", "機関区分": 5, "都道府県コード": 39, "市区町村コード": 206, "所在地": "高知県須崎市西古市町５－３６", "緯度": 33.389691, "経度": 133.285922, "url": "https://www.iryou.teikyouseido.mhlw.go.jp/znk-web/juminkanja/S2430/initialize?prefCd=39&kikanCd=5395004390&kikanKbn=5", "url2": null, "内容": "武政薬局【5:薬局】高知県須崎市西古市町５－３６" }, "geometry": { "type": "Point", "coordinates": [ 133.285922, 33.389691 ] } },
{ "type": "Feature", "properties": { "ID": 3955395004430, "正式名称": "調剤薬局技術センター", "機関区分": 5, "都道府県コード": 39, "市区町村コード": 412, "所在地": "高知県高岡郡四万十町見付９２５－５", "緯度": 33.205899, "経度": 133.147712, "url": "https://www.iryou.teikyouseido.mhlw.go.jp/znk-web/juminkanja/S2430/initialize?prefCd=39&kikanCd=5395004430&kikanKbn=5", "url2": "https://www.facebook.com/tyouzaisenta/", "内容": "調剤薬局技術センター【5:薬局】高知県高岡郡四万十町見付９２５－５" }, "geometry": { "type": "Point", "coordinates": [ 133.147712, 33.205899 ] } },
{ "type": "Feature", "properties": { "ID": 3955395004440, "正式名称": "みかど薬局", "機関区分": 5, "都道府県コード": 39, "市区町村コード": 412, "所在地": "高知県高岡郡四万十町古市町６３番１号", "緯度": 33.207566, "経度": 133.140768, "url": "https://www.iryou.teikyouseido.mhlw.go.jp/znk-web/juminkanja/S2430/initialize?prefCd=39&kikanCd=5395004440&kikanKbn=5", "url2": null, "内容": "みかど薬局【5:薬局】高知県高岡郡四万十町古市町６３番１号" }, "geometry": { "type": "Point", "coordinates": [ 133.140768, 33.207566 ] } },
{ "type": "Feature", "properties": { "ID": 3955395004480, "正式名称": "なかむら薬局", "機関区分": 5, "都道府県コード": 39, "市区町村コード": 210, "所在地": "高知県四万十市中村一条通３ー２ー２３", "緯度": 32.992296, "経度": 132.937054, "url": "https://www.iryou.teikyouseido.mhlw.go.jp/znk-web/juminkanja/S2430/initialize?prefCd=39&kikanCd=5395004480&kikanKbn=5", "url2": null, "内容": "なかむら薬局【5:薬局】高知県四万十市中村一条通３ー２ー２３" }, "geometry": { "type": "Point", "coordinates": [ 132.937054, 32.992296 ] } },
{ "type": "Feature", "properties": { "ID": 3955395004490, "正式名称": "しみず薬局", "機関区分": 5, "都道府県コード": 39, "市区町村コード": 209, "所在地": "高知県土佐清水市越前町５ー１", "緯度": 32.780908, "経度": 132.951455, "url": "https://www.iryou.teikyouseido.mhlw.go.jp/znk-web/juminkanja/S2430/initialize?prefCd=39&kikanCd=5395004490&kikanKbn=5", "url2": null, "内容": "しみず薬局【5:薬局】高知県土佐清水市越前町５ー１" }, "geometry": { "type": "Point", "coordinates": [ 132.951455, 32.780908 ] } },
{ "type": "Feature", "properties": { "ID": 3955395004500, "正式名称": "中西一貫堂薬局", "機関区分": 5, "都道府県コード": 39, "市区町村コード": 210, "所在地": "高知県四万十市中村本町３丁目４０", "緯度": 32.996197, "経度": 132.934263, "url": "https://www.iryou.teikyouseido.mhlw.go.jp/znk-web/juminkanja/S2430/initialize?prefCd=39&kikanCd=5395004500&kikanKbn=5", "url2": null, "内容": "中西一貫堂薬局【5:薬局】高知県四万十市中村本町３丁目４０" }, "geometry": { "type": "Point", "coordinates": [ 132.934263, 32.996197 ] } },
{ "type": "Feature", "properties": { "ID": 3955395004510, "正式名称": "松本薬局", "機関区分": 5, "都道府県コード": 39, "市区町村コード": 210, "所在地": "高知県四万十市中村一条通３－１－１８", "緯度": 32.992634, "経度": 132.937771, "url": "https://www.iryou.teikyouseido.mhlw.go.jp/znk-web/juminkanja/S2430/initialize?prefCd=39&kikanCd=5395004510&kikanKbn=5", "url2": null, "内容": "松本薬局【5:薬局】高知県四万十市中村一条通３－１－１８" }, "geometry": { "type": "Point", "coordinates": [ 132.937771, 32.992634 ] } },
{ "type": "Feature", "properties": { "ID": 3955395004530, "正式名称": "さつき薬局", "機関区分": 5, "都道府県コード": 39, "市区町村コード": 210, "所在地": "高知県四万十市駅前町１０ー２３", "緯度": 32.982713, "経度": 132.942621, "url": "https://www.iryou.teikyouseido.mhlw.go.jp/znk-web/juminkanja/S2430/initialize?prefCd=39&kikanCd=5395004530&kikanKbn=5", "url2": null, "内容": "さつき薬局【5:薬局】高知県四万十市駅前町１０ー２３" }, "geometry": { "type": "Point", "coordinates": [ 132.942621, 32.982713 ] } },
{ "type": "Feature", "properties": { "ID": 3955395004550, "正式名称": "すみれ薬局", "機関区分": 5, "都道府県コード": 39, "市区町村コード": 210, "所在地": "高知県四万十市中村東町１－７９", "緯度": 32.993696, "経度": 132.938852, "url": "https://www.iryou.teikyouseido.mhlw.go.jp/znk-web/juminkanja/S2430/initialize?prefCd=39&kikanCd=5395004550&kikanKbn=5", "url2": "https://sumire-pharmacy.com/stores/", "内容": "すみれ薬局【5:薬局】高知県四万十市中村東町１－７９" }, "geometry": { "type": "Point", "coordinates": [ 132.938852, 32.993696 ] } },
{ "type": "Feature", "properties": { "ID": 3955395004560, "正式名称": "とんぼ薬局", "機関区分": 5, "都道府県コード": 39, "市区町村コード": 210, "所在地": "高知県四万十市中村大橋通５丁目５１－２", "緯度": 32.991557, "経度": 132.936629, "url": "https://www.iryou.teikyouseido.mhlw.go.jp/znk-web/juminkanja/S2430/initialize?prefCd=39&kikanCd=5395004560&kikanKbn=5", "url2": null, "内容": "とんぼ薬局【5:薬局】高知県四万十市中村大橋通５丁目５１－２" }, "geometry": { "type": "Point", "coordinates": [ 132.936629, 32.991557 ] } },
{ "type": "Feature", "properties": { "ID": 3955395004570, "正式名称": "すみれ薬局　宿毛店", "機関区分": 5, "都道府県コード": 39, "市区町村コード": 208, "所在地": "高知県宿毛市駅前町２－７０４", "緯度": 32.93132, "経度": 132.713251, "url": "https://www.iryou.teikyouseido.mhlw.go.jp/znk-web/juminkanja/S2430/initialize?prefCd=39&kikanCd=5395004570&kikanKbn=5", "url2": "https://sumire-pharmacy.com/stores/", "内容": "すみれ薬局　宿毛店【5:薬局】高知県宿毛市駅前町２－７０４" }, "geometry": { "type": "Point", "coordinates": [ 132.713251, 32.93132 ] } },
{ "type": "Feature", "properties": { "ID": 3955395004600, "正式名称": "いちご薬局", "機関区分": 5, "都道府県コード": 39, "市区町村コード": 210, "所在地": "高知県四万十市中村小姓町７６番地", "緯度": 32.994385, "経度": 132.932899, "url": "https://www.iryou.teikyouseido.mhlw.go.jp/znk-web/juminkanja/S2430/initialize?prefCd=39&kikanCd=5395004600&kikanKbn=5", "url2": "https://sumire-pharmacy.com", "内容": "いちご薬局【5:薬局】高知県四万十市中村小姓町７６番地" }, "geometry": { "type": "Point", "coordinates": [ 132.932899, 32.994385 ] } },
{ "type": "Feature", "properties": { "ID": 3955395004620, "正式名称": "たにがわ薬局", "機関区分": 5, "都道府県コード": 39, "市区町村コード": 209, "所在地": "高知県土佐清水市幸町４－２４", "緯度": 32.780469, "経度": 132.95358, "url": "https://www.iryou.teikyouseido.mhlw.go.jp/znk-web/juminkanja/S2430/initialize?prefCd=39&kikanCd=5395004620&kikanKbn=5", "url2": null, "内容": "たにがわ薬局【5:薬局】高知県土佐清水市幸町４－２４" }, "geometry": { "type": "Point", "coordinates": [ 132.95358, 32.780469 ] } },
{ "type": "Feature", "properties": { "ID": 3955395004670, "正式名称": "エムズ合同会社　まつむら薬局", "機関区分": 5, "都道府県コード": 39, "市区町村コード": 208, "所在地": "高知県宿毛市宿毛１３１５－６", "緯度": 32.93067, "経度": 132.716533, "url": "https://www.iryou.teikyouseido.mhlw.go.jp/znk-web/juminkanja/S2430/initialize?prefCd=39&kikanCd=5395004670&kikanKbn=5", "url2": null, "内容": "エムズ合同会社　まつむら薬局【5:薬局】高知県宿毛市宿毛１３１５－６" }, "geometry": { "type": "Point", "coordinates": [ 132.716533, 32.93067 ] } },
{ "type": "Feature", "properties": { "ID": 3955395004700, "正式名称": "なおみ薬局", "機関区分": 5, "都道府県コード": 39, "市区町村コード": 208, "所在地": "高知県宿毛市中央３－６－１７", "緯度": 32.936709, "経度": 132.731982, "url": "https://www.iryou.teikyouseido.mhlw.go.jp/znk-web/juminkanja/S2430/initialize?prefCd=39&kikanCd=5395004700&kikanKbn=5", "url2": null, "内容": "なおみ薬局【5:薬局】高知県宿毛市中央３－６－１７" }, "geometry": { "type": "Point", "coordinates": [ 132.731982, 32.936709 ] } },
{ "type": "Feature", "properties": { "ID": 3955395004730, "正式名称": "吉村調剤薬局", "機関区分": 5, "都道府県コード": 39, "市区町村コード": 208, "所在地": "高知県宿毛市中央３丁目８番２５号", "緯度": 32.935687, "経度": 132.730191, "url": "https://www.iryou.teikyouseido.mhlw.go.jp/znk-web/juminkanja/S2430/initialize?prefCd=39&kikanCd=5395004730&kikanKbn=5", "url2": null, "内容": "吉村調剤薬局【5:薬局】高知県宿毛市中央３丁目８番２５号" }, "geometry": { "type": "Point", "coordinates": [ 132.730191, 32.935687 ] } },
{ "type": "Feature", "properties": { "ID": 3955395004740, "正式名称": "有限会社　木下薬局", "機関区分": 5, "都道府県コード": 39, "市区町村コード": 208, "所在地": "高知県宿毛市幸町４－３６", "緯度": 32.934836, "経度": 132.719789, "url": "https://www.iryou.teikyouseido.mhlw.go.jp/znk-web/juminkanja/S2430/initialize?prefCd=39&kikanCd=5395004740&kikanKbn=5", "url2": null, "内容": "有限会社　木下薬局【5:薬局】高知県宿毛市幸町４－３６" }, "geometry": { "type": "Point", "coordinates": [ 132.719789, 32.934836 ] } },
{ "type": "Feature", "properties": { "ID": 3955395004750, "正式名称": "あおぞら薬局", "機関区分": 5, "都道府県コード": 39, "市区町村コード": 208, "所在地": "高知県宿毛市平田町戸内１８９８－１", "緯度": 32.959351, "経度": 132.797245, "url": "https://www.iryou.teikyouseido.mhlw.go.jp/znk-web/juminkanja/S2430/initialize?prefCd=39&kikanCd=5395004750&kikanKbn=5", "url2": null, "内容": "あおぞら薬局【5:薬局】高知県宿毛市平田町戸内１８９８－１" }, "geometry": { "type": "Point", "coordinates": [ 132.797245, 32.959351 ] } },
{ "type": "Feature", "properties": { "ID": 3955395004760, "正式名称": "下元調剤薬局清水店", "機関区分": 5, "都道府県コード": 39, "市区町村コード": 209, "所在地": "高知県土佐清水市幸町４－１ニューヴァレーマンション１Ｆ", "緯度": 32.780239, "経度": 132.953528, "url": "https://www.iryou.teikyouseido.mhlw.go.jp/znk-web/juminkanja/S2430/initialize?prefCd=39&kikanCd=5395004760&kikanKbn=5", "url2": null, "内容": "下元調剤薬局清水店【5:薬局】高知県土佐清水市幸町４－１ニューヴァレーマンション１Ｆ" }, "geometry": { "type": "Point", "coordinates": [ 132.953528, 32.780239 ] } },
{ "type": "Feature", "properties": { "ID": 3955395004800, "正式名称": "すくも薬局", "機関区分": 5, "都道府県コード": 39, "市区町村コード": 208, "所在地": "高知県宿毛市平田町戸内１２５５－２", "緯度": 32.956128, "経度": 132.791674, "url": "https://www.iryou.teikyouseido.mhlw.go.jp/znk-web/juminkanja/S2430/initialize?prefCd=39&kikanCd=5395004800&kikanKbn=5", "url2": null, "内容": "すくも薬局【5:薬局】高知県宿毛市平田町戸内１２５５－２" }, "geometry": { "type": "Point", "coordinates": [ 132.791674, 32.956128 ] } },
{ "type": "Feature", "properties": { "ID": 3955395005240, "正式名称": "たいしょう薬局", "機関区分": 5, "都道府県コード": 39, "市区町村コード": 412, "所在地": "高知県高岡郡四万十町大正４７０番地１", "緯度": 33.198349, "経度": 132.973784, "url": "https://www.iryou.teikyouseido.mhlw.go.jp/znk-web/juminkanja/S2430/initialize?prefCd=39&kikanCd=5395005240&kikanKbn=5", "url2": null, "内容": "たいしょう薬局【5:薬局】高知県高岡郡四万十町大正４７０番地１" }, "geometry": { "type": "Point", "coordinates": [ 132.973784, 33.198349 ] } },
{ "type": "Feature", "properties": { "ID": 3955395005460, "正式名称": "ときわ薬局", "機関区分": 5, "都道府県コード": 39, "市区町村コード": 210, "所在地": "高知県四万十市駅前町８－１２", "緯度": 32.983646, "経度": 132.943985, "url": "https://www.iryou.teikyouseido.mhlw.go.jp/znk-web/juminkanja/S2430/initialize?prefCd=39&kikanCd=5395005460&kikanKbn=5", "url2": null, "内容": "ときわ薬局【5:薬局】高知県四万十市駅前町８－１２" }, "geometry": { "type": "Point", "coordinates": [ 132.943985, 32.983646 ] } },
{ "type": "Feature", "properties": { "ID": 3955395005490, "正式名称": "四国調剤あさひ薬局２号店", "機関区分": 5, "都道府県コード": 39, "市区町村コード": 212, "所在地": "高知県香美市土佐山田町東本町２－２－４１", "緯度": 33.606806, "経度": 133.687675, "url": "https://www.iryou.teikyouseido.mhlw.go.jp/znk-web/juminkanja/S2430/initialize?prefCd=39&kikanCd=5395005490&kikanKbn=5", "url2": "http://www.shikoku-dsp.co.jp/", "内容": "四国調剤あさひ薬局２号店【5:薬局】高知県香美市土佐山田町東本町２－２－４１" }, "geometry": { "type": "Point", "coordinates": [ 133.687675, 33.606806 ] } },
{ "type": "Feature", "properties": { "ID": 3955395005550, "正式名称": "マツオカ薬局", "機関区分": 5, "都道府県コード": 39, "市区町村コード": 205, "所在地": "高知県土佐市宇佐町宇佐１１４３－２", "緯度": 33.448376, "経度": 133.438792, "url": "https://www.iryou.teikyouseido.mhlw.go.jp/znk-web/juminkanja/S2430/initialize?prefCd=39&kikanCd=5395005550&kikanKbn=5", "url2": null, "内容": "マツオカ薬局【5:薬局】高知県土佐市宇佐町宇佐１１４３－２" }, "geometry": { "type": "Point", "coordinates": [ 133.438792, 33.448376 ] } },
{ "type": "Feature", "properties": { "ID": 3955395005580, "正式名称": "佐川高知薬局", "機関区分": 5, "都道府県コード": 39, "市区町村コード": 402, "所在地": "高知県高岡郡佐川町乙１８７０－１", "緯度": 33.509271, "経度": 133.28398, "url": "https://www.iryou.teikyouseido.mhlw.go.jp/znk-web/juminkanja/S2430/initialize?prefCd=39&kikanCd=5395005580&kikanKbn=5", "url2": null, "内容": "佐川高知薬局【5:薬局】高知県高岡郡佐川町乙１８７０－１" }, "geometry": { "type": "Point", "coordinates": [ 133.28398, 33.509271 ] } },
{ "type": "Feature", "properties": { "ID": 3955395005590, "正式名称": "ブルークロス　天神薬局", "機関区分": 5, "都道府県コード": 39, "市区町村コード": 386, "所在地": "高知県吾川郡いの町藤町２０", "緯度": 33.547018, "経度": 133.426775, "url": "https://www.iryou.teikyouseido.mhlw.go.jp/znk-web/juminkanja/S2430/initialize?prefCd=39&kikanCd=5395005590&kikanKbn=5", "url2": "http://bluecross.co.jp/", "内容": "ブルークロス　天神薬局【5:薬局】高知県吾川郡いの町藤町２０" }, "geometry": { "type": "Point", "coordinates": [ 133.426775, 33.547018 ] } },
{ "type": "Feature", "properties": { "ID": 3955395005610, "正式名称": "とさ薬局西店", "機関区分": 5, "都道府県コード": 39, "市区町村コード": 205, "所在地": "高知県土佐市蓮池１０４１－１", "緯度": 33.495183, "経度": 133.416731, "url": "https://www.iryou.teikyouseido.mhlw.go.jp/znk-web/juminkanja/S2430/initialize?prefCd=39&kikanCd=5395005610&kikanKbn=5", "url2": null, "内容": "とさ薬局西店【5:薬局】高知県土佐市蓮池１０４１－１" }, "geometry": { "type": "Point", "coordinates": [ 133.416731, 33.495183 ] } },
{ "type": "Feature", "properties": { "ID": 3955395005660, "正式名称": "ファーマシー石建", "機関区分": 5, "都道府県コード": 39, "市区町村コード": 203, "所在地": "高知県安芸市矢ノ丸２丁目６－１４", "緯度": 33.502978, "経度": 133.903377, "url": "https://www.iryou.teikyouseido.mhlw.go.jp/znk-web/juminkanja/S2430/initialize?prefCd=39&kikanCd=5395005660&kikanKbn=5", "url2": null, "内容": "ファーマシー石建【5:薬局】高知県安芸市矢ノ丸２丁目６－１４" }, "geometry": { "type": "Point", "coordinates": [ 133.903377, 33.502978 ] } },
{ "type": "Feature", "properties": { "ID": 3955395005690, "正式名称": "病院通薬局あき店", "機関区分": 5, "都道府県コード": 39, "市区町村コード": 203, "所在地": "高知県安芸市矢ノ丸３－１－２４", "緯度": 33.503053, "経度": 133.907958, "url": "https://www.iryou.teikyouseido.mhlw.go.jp/znk-web/juminkanja/S2430/initialize?prefCd=39&kikanCd=5395005690&kikanKbn=5", "url2": "http://www.kurisu-p.com/top.htm", "内容": "病院通薬局あき店【5:薬局】高知県安芸市矢ノ丸３－１－２４" }, "geometry": { "type": "Point", "coordinates": [ 133.907958, 33.503053 ] } },
{ "type": "Feature", "properties": { "ID": 3955395005760, "正式名称": "さわ薬局", "機関区分": 5, "都道府県コード": 39, "市区町村コード": 212, "所在地": "高知県香美市土佐山田町栄町２２２バリューノア", "緯度": 33.599657, "経度": 133.672715, "url": "https://www.iryou.teikyouseido.mhlw.go.jp/znk-web/juminkanja/S2430/initialize?prefCd=39&kikanCd=5395005760&kikanKbn=5", "url2": null, "内容": "さわ薬局【5:薬局】高知県香美市土佐山田町栄町２２２バリューノア" }, "geometry": { "type": "Point", "coordinates": [ 133.672715, 33.599657 ] } },
{ "type": "Feature", "properties": { "ID": 3955395005810, "正式名称": "アイン薬局　野市店", "機関区分": 5, "都道府県コード": 39, "市区町村コード": 211, "所在地": "高知県香南市野市町東野３５４－１６", "緯度": 33.561408, "経度": 133.717317, "url": "https://www.iryou.teikyouseido.mhlw.go.jp/znk-web/juminkanja/S2430/initialize?prefCd=39&kikanCd=5395005810&kikanKbn=5", "url2": "https://www.ainj.co.jp/network/detail.html?pdid=1486", "内容": "アイン薬局　野市店【5:薬局】高知県香南市野市町東野３５４－１６" }, "geometry": { "type": "Point", "coordinates": [ 133.717317, 33.561408 ] } },
{ "type": "Feature", "properties": { "ID": 3955395005860, "正式名称": "あい薬局びらふ", "機関区分": 5, "都道府県コード": 39, "市区町村コード": 212, "所在地": "高知県香美市香北町美良布１５３４番３", "緯度": 33.651971, "経度": 133.77959, "url": "https://www.iryou.teikyouseido.mhlw.go.jp/znk-web/juminkanja/S2430/initialize?prefCd=39&kikanCd=5395005860&kikanKbn=5", "url2": null, "内容": "あい薬局びらふ【5:薬局】高知県香美市香北町美良布１５３４番３" }, "geometry": { "type": "Point", "coordinates": [ 133.77959, 33.651971 ] } },
{ "type": "Feature", "properties": { "ID": 3955395005880, "正式名称": "十市薬局", "機関区分": 5, "都道府県コード": 39, "市区町村コード": 204, "所在地": "高知県南国市十市１９６５", "緯度": 33.526739, "経度": 133.621004, "url": "https://www.iryou.teikyouseido.mhlw.go.jp/znk-web/juminkanja/S2430/initialize?prefCd=39&kikanCd=5395005880&kikanKbn=5", "url2": null, "内容": "十市薬局【5:薬局】高知県南国市十市１９６５" }, "geometry": { "type": "Point", "coordinates": [ 133.621004, 33.526739 ] } },
{ "type": "Feature", "properties": { "ID": 3955395005890, "正式名称": "アイン薬局　明見店", "機関区分": 5, "都道府県コード": 39, "市区町村コード": 204, "所在地": "高知県南国市明見８００－２", "緯度": 33.567409, "経度": 133.629812, "url": "https://www.iryou.teikyouseido.mhlw.go.jp/znk-web/juminkanja/S2430/initialize?prefCd=39&kikanCd=5395005890&kikanKbn=5", "url2": "http://www.ainj.co.jp/", "内容": "アイン薬局　明見店【5:薬局】高知県南国市明見８００－２" }, "geometry": { "type": "Point", "coordinates": [ 133.629812, 33.567409 ] } },
{ "type": "Feature", "properties": { "ID": 3955395005910, "正式名称": "堅田薬局", "機関区分": 5, "都道府県コード": 39, "市区町村コード": 206, "所在地": "高知県須崎市西崎町８－５２－１", "緯度": 33.411247, "経度": 133.294057, "url": "https://www.iryou.teikyouseido.mhlw.go.jp/znk-web/juminkanja/S2430/initialize?prefCd=39&kikanCd=5395005910&kikanKbn=5", "url2": null, "内容": "堅田薬局【5:薬局】高知県須崎市西崎町８－５２－１" }, "geometry": { "type": "Point", "coordinates": [ 133.294057, 33.411247 ] } },
{ "type": "Feature", "properties": { "ID": 3955395006110, "正式名称": "クローバー薬局", "機関区分": 5, "都道府県コード": 39, "市区町村コード": 201, "所在地": "高知県高知市潮新町２丁目７番３", "緯度": 33.549786, "経度": 133.549685, "url": "https://www.iryou.teikyouseido.mhlw.go.jp/znk-web/juminkanja/S2430/initialize?prefCd=39&kikanCd=5395006110&kikanKbn=5", "url2": null, "内容": "クローバー薬局【5:薬局】高知県高知市潮新町２丁目７番３" }, "geometry": { "type": "Point", "coordinates": [ 133.549685, 33.549786 ] } },
{ "type": "Feature", "properties": { "ID": 3955395006130, "正式名称": "ドレミ薬局", "機関区分": 5, "都道府県コード": 39, "市区町村コード": 201, "所在地": "高知県高知市一宮東町５丁目１４－６", "緯度": 33.58937, "経度": 133.578476, "url": "https://www.iryou.teikyouseido.mhlw.go.jp/znk-web/juminkanja/S2430/initialize?prefCd=39&kikanCd=5395006130&kikanKbn=5", "url2": "https://doremi-yakkyoku.jp/", "内容": "ドレミ薬局【5:薬局】高知県高知市一宮東町５丁目１４－６" }, "geometry": { "type": "Point", "coordinates": [ 133.578476, 33.58937 ] } },
{ "type": "Feature", "properties": { "ID": 3955395006180, "正式名称": "あじさい薬局介良店", "機関区分": 5, "都道府県コード": 39, "市区町村コード": 201, "所在地": "高知県高知市介良乙１０４９", "緯度": 33.561738, "経度": 133.596528, "url": "https://www.iryou.teikyouseido.mhlw.go.jp/znk-web/juminkanja/S2430/initialize?prefCd=39&kikanCd=5395006180&kikanKbn=5", "url2": "http://www.drug-kuroshio.co.jp/", "内容": "あじさい薬局介良店【5:薬局】高知県高知市介良乙１０４９" }, "geometry": { "type": "Point", "coordinates": [ 133.596528, 33.561738 ] } },
{ "type": "Feature", "properties": { "ID": 3955395006200, "正式名称": "つちばし薬局　あたご店", "機関区分": 5, "都道府県コード": 39, "市区町村コード": 201, "所在地": "高知県高知市愛宕町３－１２－５", "緯度": 33.571097, "経度": 133.536856, "url": "https://www.iryou.teikyouseido.mhlw.go.jp/znk-web/juminkanja/S2430/initialize?prefCd=39&kikanCd=5395006200&kikanKbn=5", "url2": "http://www.tsuchibashi.co.jp/", "内容": "つちばし薬局　あたご店【5:薬局】高知県高知市愛宕町３－１２－５" }, "geometry": { "type": "Point", "coordinates": [ 133.536856, 33.571097 ] } },
{ "type": "Feature", "properties": { "ID": 3955395006210, "正式名称": "ベル薬局　池店", "機関区分": 5, "都道府県コード": 39, "市区町村コード": 201, "所在地": "高知県高知市池", "緯度": 33.53042, "経度": 133.586447, "url": "https://www.iryou.teikyouseido.mhlw.go.jp/znk-web/juminkanja/S2430/initialize?prefCd=39&kikanCd=5395006210&kikanKbn=5", "url2": "http://www.belle-ph.com/", "内容": "ベル薬局　池店【5:薬局】高知県高知市池" }, "geometry": { "type": "Point", "coordinates": [ 133.586447, 33.53042 ] } },
{ "type": "Feature", "properties": { "ID": 3955395006220, "正式名称": "あおい薬局", "機関区分": 5, "都道府県コード": 39, "市区町村コード": 201, "所在地": "高知県高知市池２８４１－１", "緯度": 33.530359, "経度": 133.58591, "url": "https://www.iryou.teikyouseido.mhlw.go.jp/znk-web/juminkanja/S2430/initialize?prefCd=39&kikanCd=5395006220&kikanKbn=5", "url2": "http://bluecross.co.jp/", "内容": "あおい薬局【5:薬局】高知県高知市池２８４１－１" }, "geometry": { "type": "Point", "coordinates": [ 133.58591, 33.530359 ] } },
{ "type": "Feature", "properties": { "ID": 3955395006280, "正式名称": "桂浜通ひこばえ薬局", "機関区分": 5, "都道府県コード": 39, "市区町村コード": 201, "所在地": "高知県高知市瀬戸南町１丁目２ー１", "緯度": 33.509999, "経度": 133.544071, "url": "https://www.iryou.teikyouseido.mhlw.go.jp/znk-web/juminkanja/S2430/initialize?prefCd=39&kikanCd=5395006280&kikanKbn=5", "url2": null, "内容": "桂浜通ひこばえ薬局【5:薬局】高知県高知市瀬戸南町１丁目２ー１" }, "geometry": { "type": "Point", "coordinates": [ 133.544071, 33.509999 ] } },
{ "type": "Feature", "properties": { "ID": 3955395006310, "正式名称": "ますがた薬局", "機関区分": 5, "都道府県コード": 39, "市区町村コード": 201, "所在地": "高知県高知市升形８－１", "緯度": 33.556879, "経度": 133.52934, "url": "https://www.iryou.teikyouseido.mhlw.go.jp/znk-web/juminkanja/S2430/initialize?prefCd=39&kikanCd=5395006310&kikanKbn=5", "url2": "http://www.kochi-chozai.co.jp/", "内容": "ますがた薬局【5:薬局】高知県高知市升形８－１" }, "geometry": { "type": "Point", "coordinates": [ 133.52934, 33.556879 ] } },
{ "type": "Feature", "properties": { "ID": 3955395006360, "正式名称": "土佐道路薬局", "機関区分": 5, "都道府県コード": 39, "市区町村コード": 201, "所在地": "高知県高知市槙山町１番２号", "緯度": 33.538986, "経度": 133.487772, "url": "https://www.iryou.teikyouseido.mhlw.go.jp/znk-web/juminkanja/S2430/initialize?prefCd=39&kikanCd=5395006360&kikanKbn=5", "url2": "https://kochi-chozai.co.jp/", "内容": "土佐道路薬局【5:薬局】高知県高知市槙山町１番２号" }, "geometry": { "type": "Point", "coordinates": [ 133.487772, 33.538986 ] } },
{ "type": "Feature", "properties": { "ID": 3955395006440, "正式名称": "具同調剤薬局", "機関区分": 5, "都道府県コード": 39, "市区町村コード": 210, "所在地": "高知県四万十市具同田黒２－１４９", "緯度": 32.984135, "経度": 132.920859, "url": "https://www.iryou.teikyouseido.mhlw.go.jp/znk-web/juminkanja/S2430/initialize?prefCd=39&kikanCd=5395006440&kikanKbn=5", "url2": null, "内容": "具同調剤薬局【5:薬局】高知県四万十市具同田黒２－１４９" }, "geometry": { "type": "Point", "coordinates": [ 132.920859, 32.984135 ] } },
{ "type": "Feature", "properties": { "ID": 3955395006450, "正式名称": "プラム　調剤薬局", "機関区分": 5, "都道府県コード": 39, "市区町村コード": 210, "所在地": "高知県四万十市具同６７７４－１５", "緯度": 32.981104, "経度": 132.903819, "url": "https://www.iryou.teikyouseido.mhlw.go.jp/znk-web/juminkanja/S2430/initialize?prefCd=39&kikanCd=5395006450&kikanKbn=5", "url2": null, "内容": "プラム　調剤薬局【5:薬局】高知県四万十市具同６７７４－１５" }, "geometry": { "type": "Point", "coordinates": [ 132.903819, 32.981104 ] } },
{ "type": "Feature", "properties": { "ID": 3955395006460, "正式名称": "セイショー堂薬局", "機関区分": 5, "都道府県コード": 39, "市区町村コード": 210, "所在地": "高知県四万十市古津賀４丁目６２番地", "緯度": 32.982027, "経度": 132.953998, "url": "https://www.iryou.teikyouseido.mhlw.go.jp/znk-web/juminkanja/S2430/initialize?prefCd=39&kikanCd=5395006460&kikanKbn=5", "url2": null, "内容": "セイショー堂薬局【5:薬局】高知県四万十市古津賀４丁目６２番地" }, "geometry": { "type": "Point", "coordinates": [ 132.953998, 32.982027 ] } },
{ "type": "Feature", "properties": { "ID": 3955395006480, "正式名称": "アイ薬局", "機関区分": 5, "都道府県コード": 39, "市区町村コード": 208, "所在地": "高知県宿毛市宿毛５４９２－２", "緯度": 32.932124, "経度": 132.711231, "url": "https://www.iryou.teikyouseido.mhlw.go.jp/znk-web/juminkanja/S2430/initialize?prefCd=39&kikanCd=5395006480&kikanKbn=5", "url2": null, "内容": "アイ薬局【5:薬局】高知県宿毛市宿毛５４９２－２" }, "geometry": { "type": "Point", "coordinates": [ 132.711231, 32.932124 ] } },
{ "type": "Feature", "properties": { "ID": 3955395006490, "正式名称": "おおつき薬局", "機関区分": 5, "都道府県コード": 39, "市区町村コード": 424, "所在地": "高知県幡多郡大月町鉾土３５－１", "緯度": 32.822595, "経度": 132.70777, "url": "https://www.iryou.teikyouseido.mhlw.go.jp/znk-web/juminkanja/S2430/initialize?prefCd=39&kikanCd=5395006490&kikanKbn=5", "url2": "http://myskochi.com", "内容": "おおつき薬局【5:薬局】高知県幡多郡大月町鉾土３５－１" }, "geometry": { "type": "Point", "coordinates": [ 132.70777, 32.822595 ] } },
{ "type": "Feature", "properties": { "ID": 3955395006520, "正式名称": "株式会社エムドラッグ　変電所通薬局", "機関区分": 5, "都道府県コード": 39, "市区町村コード": 205, "所在地": "高知県土佐市高岡町甲９１９－５", "緯度": 33.496149, "経度": 133.431848, "url": "https://www.iryou.teikyouseido.mhlw.go.jp/znk-web/juminkanja/S2430/initialize?prefCd=39&kikanCd=5395006520&kikanKbn=5", "url2": null, "内容": "株式会社エムドラッグ　変電所通薬局【5:薬局】高知県土佐市高岡町甲９１９－５" }, "geometry": { "type": "Point", "coordinates": [ 133.431848, 33.496149 ] } },
{ "type": "Feature", "properties": { "ID": 3955395006540, "正式名称": "株式会社くろしお薬局朝倉西店", "機関区分": 5, "都道府県コード": 39, "市区町村コード": 201, "所在地": "高知県高知市鵜来巣１１番３７－２号", "緯度": 33.540599, "経度": 133.483348, "url": "https://www.iryou.teikyouseido.mhlw.go.jp/znk-web/juminkanja/S2430/initialize?prefCd=39&kikanCd=5395006540&kikanKbn=5", "url2": "http://www.drug-kuroshio.co.jp/", "内容": "株式会社くろしお薬局朝倉西店【5:薬局】高知県高知市鵜来巣１１番３７－２号" }, "geometry": { "type": "Point", "coordinates": [ 133.483348, 33.540599 ] } },
{ "type": "Feature", "properties": { "ID": 3955395006550, "正式名称": "イオン薬局高知店", "機関区分": 5, "都道府県コード": 39, "市区町村コード": 201, "所在地": "高知県高知市秦南町１－４－８", "緯度": 33.577236, "経度": 133.542677, "url": "https://www.iryou.teikyouseido.mhlw.go.jp/znk-web/juminkanja/S2430/initialize?prefCd=39&kikanCd=5395006550&kikanKbn=5", "url2": null, "内容": "イオン薬局高知店【5:薬局】高知県高知市秦南町１－４－８" }, "geometry": { "type": "Point", "coordinates": [ 133.542677, 33.577236 ] } },
{ "type": "Feature", "properties": { "ID": 3955395006560, "正式名称": "すずらん薬局", "機関区分": 5, "都道府県コード": 39, "市区町村コード": 201, "所在地": "高知県高知市南万々", "緯度": 33.567625, "経度": 133.520558, "url": "https://www.iryou.teikyouseido.mhlw.go.jp/znk-web/juminkanja/S2430/initialize?prefCd=39&kikanCd=5395006560&kikanKbn=5", "url2": "http://www.drug-kuroshio.co.jp/", "内容": "すずらん薬局【5:薬局】高知県高知市南万々" }, "geometry": { "type": "Point", "coordinates": [ 133.520558, 33.567625 ] } },
{ "type": "Feature", "properties": { "ID": 3955395006581, "正式名称": "岡本平和薬局西分店", "機関区分": 5, "都道府県コード": 39, "市区町村コード": 201, "所在地": "高知県高知市春野町西分２０２８－３", "緯度": 33.499194, "経度": 133.495342, "url": "https://www.iryou.teikyouseido.mhlw.go.jp/znk-web/juminkanja/S2430/initialize?prefCd=39&kikanCd=5395006581&kikanKbn=5", "url2": null, "内容": "岡本平和薬局西分店【5:薬局】高知県高知市春野町西分２０２８－３" }, "geometry": { "type": "Point", "coordinates": [ 133.495342, 33.499194 ] } },
{ "type": "Feature", "properties": { "ID": 3955395006590, "正式名称": "元氣堂調剤薬局　あき店", "機関区分": 5, "都道府県コード": 39, "市区町村コード": 203, "所在地": "高知県安芸市本町２丁目２ー３", "緯度": 33.499536, "経度": 133.906086, "url": "https://www.iryou.teikyouseido.mhlw.go.jp/znk-web/juminkanja/S2430/initialize?prefCd=39&kikanCd=5395006590&kikanKbn=5", "url2": null, "内容": "元氣堂調剤薬局　あき店【5:薬局】高知県安芸市本町２丁目２ー３" }, "geometry": { "type": "Point", "coordinates": [ 133.906086, 33.499536 ] } },
{ "type": "Feature", "properties": { "ID": 3955395006620, "正式名称": "きらら薬局", "機関区分": 5, "都道府県コード": 39, "市区町村コード": 201, "所在地": "高知県高知市福井扇町１１８０－２", "緯度": 33.568352, "経度": 133.508528, "url": "https://www.iryou.teikyouseido.mhlw.go.jp/znk-web/juminkanja/S2430/initialize?prefCd=39&kikanCd=5395006620&kikanKbn=5", "url2": null, "内容": "きらら薬局【5:薬局】高知県高知市福井扇町１１８０－２" }, "geometry": { "type": "Point", "coordinates": [ 133.508528, 33.568352 ] } },
{ "type": "Feature", "properties": { "ID": 3955395006630, "正式名称": "高知県薬剤師会会営薬局", "機関区分": 5, "都道府県コード": 39, "市区町村コード": 201, "所在地": "高知県高知市丸ノ内１－７－４５　総合あんしんセンター１階", "緯度": 33.559974, "経度": 133.52816, "url": "https://www.iryou.teikyouseido.mhlw.go.jp/znk-web/juminkanja/S2430/initialize?prefCd=39&kikanCd=5395006630&kikanKbn=5", "url2": null, "内容": "高知県薬剤師会会営薬局【5:薬局】高知県高知市丸ノ内１－７－４５　総合あんしんセンター１階" }, "geometry": { "type": "Point", "coordinates": [ 133.52816, 33.559974 ] } },
{ "type": "Feature", "properties": { "ID": 3955395006650, "正式名称": "病院通薬局みなみ店", "機関区分": 5, "都道府県コード": 39, "市区町村コード": 201, "所在地": "高知県高知市役知町１５－６", "緯度": 33.554539, "経度": 133.548045, "url": "https://www.iryou.teikyouseido.mhlw.go.jp/znk-web/juminkanja/S2430/initialize?prefCd=39&kikanCd=5395006650&kikanKbn=5", "url2": "http://www.kurisu-p.com", "内容": "病院通薬局みなみ店【5:薬局】高知県高知市役知町１５－６" }, "geometry": { "type": "Point", "coordinates": [ 133.548045, 33.554539 ] } },
{ "type": "Feature", "properties": { "ID": 3955395006700, "正式名称": "病院通薬局いの店", "機関区分": 5, "都道府県コード": 39, "市区町村コード": 386, "所在地": "高知県吾川郡いの町新町２６番地サミットビル１Ｆ", "緯度": 33.547894, "経度": 133.429839, "url": "https://www.iryou.teikyouseido.mhlw.go.jp/znk-web/juminkanja/S2430/initialize?prefCd=39&kikanCd=5395006700&kikanKbn=5", "url2": "http://www.kurisu-p.com", "内容": "病院通薬局いの店【5:薬局】高知県吾川郡いの町新町２６番地サミットビル１Ｆ" }, "geometry": { "type": "Point", "coordinates": [ 133.429839, 33.547894 ] } },
{ "type": "Feature", "properties": { "ID": 3955395006710, "正式名称": "遠江堂　武田薬局", "機関区分": 5, "都道府県コード": 39, "市区町村コード": 412, "所在地": "高知県高岡郡四万十町古市町１１３－４", "緯度": 33.209543, "経度": 133.140091, "url": "https://www.iryou.teikyouseido.mhlw.go.jp/znk-web/juminkanja/S2430/initialize?prefCd=39&kikanCd=5395006710&kikanKbn=5", "url2": null, "内容": "遠江堂　武田薬局【5:薬局】高知県高岡郡四万十町古市町１１３－４" }, "geometry": { "type": "Point", "coordinates": [ 133.140091, 33.209543 ] } },
{ "type": "Feature", "properties": { "ID": 3955395006740, "正式名称": "らいおん堂薬局室戸店", "機関区分": 5, "都道府県コード": 39, "市区町村コード": 202, "所在地": "高知県室戸市浮津４８－４", "緯度": 33.291597, "経度": 134.15372, "url": "https://www.iryou.teikyouseido.mhlw.go.jp/znk-web/juminkanja/S2430/initialize?prefCd=39&kikanCd=5395006740&kikanKbn=5", "url2": null, "内容": "らいおん堂薬局室戸店【5:薬局】高知県室戸市浮津４８－４" }, "geometry": { "type": "Point", "coordinates": [ 134.15372, 33.291597 ] } },
{ "type": "Feature", "properties": { "ID": 3955395006770, "正式名称": "にしもり薬局　神田店", "機関区分": 5, "都道府県コード": 39, "市区町村コード": 201, "所在地": "高知県高知市神田１０３９－１", "緯度": 33.542204, "経度": 133.510261, "url": "https://www.iryou.teikyouseido.mhlw.go.jp/znk-web/juminkanja/S2430/initialize?prefCd=39&kikanCd=5395006770&kikanKbn=5", "url2": null, "内容": "にしもり薬局　神田店【5:薬局】高知県高知市神田１０３９－１" }, "geometry": { "type": "Point", "coordinates": [ 133.510261, 33.542204 ] } },
{ "type": "Feature", "properties": { "ID": 3955395006800, "正式名称": "ミモザ薬局", "機関区分": 5, "都道府県コード": 39, "市区町村コード": 201, "所在地": "高知県高知市萩町１丁目６－４７", "緯度": 33.546286, "経度": 133.553119, "url": "https://www.iryou.teikyouseido.mhlw.go.jp/znk-web/juminkanja/S2430/initialize?prefCd=39&kikanCd=5395006800&kikanKbn=5", "url2": null, "内容": "ミモザ薬局【5:薬局】高知県高知市萩町１丁目６－４７" }, "geometry": { "type": "Point", "coordinates": [ 133.553119, 33.546286 ] } },
{ "type": "Feature", "properties": { "ID": 3955395006810, "正式名称": "たきぐち薬局", "機関区分": 5, "都道府県コード": 39, "市区町村コード": 206, "所在地": "高知県須崎市多ノ郷甲５７５６番地", "緯度": 33.408989, "経度": 133.284219, "url": "https://www.iryou.teikyouseido.mhlw.go.jp/znk-web/juminkanja/S2430/initialize?prefCd=39&kikanCd=5395006810&kikanKbn=5", "url2": "http://inf-pha.com", "内容": "たきぐち薬局【5:薬局】高知県須崎市多ノ郷甲５７５６番地" }, "geometry": { "type": "Point", "coordinates": [ 133.284219, 33.408989 ] } },
{ "type": "Feature", "properties": { "ID": 3955395006860, "正式名称": "すみれ薬局　けんみん前店", "機関区分": 5, "都道府県コード": 39, "市区町村コード": 208, "所在地": "高知県宿毛市平田町戸内２０８５ー４", "緯度": 32.96481, "経度": 132.806318, "url": "https://www.iryou.teikyouseido.mhlw.go.jp/znk-web/juminkanja/S2430/initialize?prefCd=39&kikanCd=5395006860&kikanKbn=5", "url2": "http://sumireyakkyoku.co.jp/", "内容": "すみれ薬局　けんみん前店【5:薬局】高知県宿毛市平田町戸内２０８５ー４" }, "geometry": { "type": "Point", "coordinates": [ 132.806318, 32.96481 ] } },
{ "type": "Feature", "properties": { "ID": 3955395006880, "正式名称": "けんみん薬局", "機関区分": 5, "都道府県コード": 39, "市区町村コード": 208, "所在地": "高知県宿毛市山奈町芳奈３－１８", "緯度": 32.964468, "経度": 132.805996, "url": "https://www.iryou.teikyouseido.mhlw.go.jp/znk-web/juminkanja/S2430/initialize?prefCd=39&kikanCd=5395006880&kikanKbn=5", "url2": null, "内容": "けんみん薬局【5:薬局】高知県宿毛市山奈町芳奈３－１８" }, "geometry": { "type": "Point", "coordinates": [ 132.805996, 32.964468 ] } },
{ "type": "Feature", "properties": { "ID": 3955395006910, "正式名称": "うしおえ薬局", "機関区分": 5, "都道府県コード": 39, "市区町村コード": 201, "所在地": "高知県高知市竹島町１３－１うしおえメディカルビル・イーア１Ｆ", "緯度": 33.542832, "経度": 133.542547, "url": "https://www.iryou.teikyouseido.mhlw.go.jp/znk-web/juminkanja/S2430/initialize?prefCd=39&kikanCd=5395006910&kikanKbn=5", "url2": "https://holistic-ph.com/ph/store/ushioe.html", "内容": "うしおえ薬局【5:薬局】高知県高知市竹島町１３－１うしおえメディカルビル・イーア１Ｆ" }, "geometry": { "type": "Point", "coordinates": [ 133.542547, 33.542832 ] } },
{ "type": "Feature", "properties": { "ID": 3955395006930, "正式名称": "うぐるす薬局", "機関区分": 5, "都道府県コード": 39, "市区町村コード": 201, "所在地": "高知県高知市鵜来巣１１－３８－８－１０１", "緯度": 33.540904, "経度": 133.483859, "url": "https://www.iryou.teikyouseido.mhlw.go.jp/znk-web/juminkanja/S2430/initialize?prefCd=39&kikanCd=5395006930&kikanKbn=5", "url2": "https://holistic-ph.com/ph/store/ugurusu.html", "内容": "うぐるす薬局【5:薬局】高知県高知市鵜来巣１１－３８－８－１０１" }, "geometry": { "type": "Point", "coordinates": [ 133.483859, 33.540904 ] } },
{ "type": "Feature", "properties": { "ID": 3955395006940, "正式名称": "カイセイ薬局", "機関区分": 5, "都道府県コード": 39, "市区町村コード": 201, "所在地": "高知県高知市大川筋１－３－５０", "緯度": 33.564198, "経度": 133.541172, "url": "https://www.iryou.teikyouseido.mhlw.go.jp/znk-web/juminkanja/S2430/initialize?prefCd=39&kikanCd=5395006940&kikanKbn=5", "url2": "https://ikuseikai.org/", "内容": "カイセイ薬局【5:薬局】高知県高知市大川筋１－３－５０" }, "geometry": { "type": "Point", "coordinates": [ 133.541172, 33.564198 ] } },
{ "type": "Feature", "properties": { "ID": 3955395006980, "正式名称": "しまんと薬局", "機関区分": 5, "都道府県コード": 39, "市区町村コード": 210, "所在地": "高知県四万十市中村大橋通６丁目３－７", "緯度": 32.989984, "経度": 132.937025, "url": "https://www.iryou.teikyouseido.mhlw.go.jp/znk-web/juminkanja/S2430/initialize?prefCd=39&kikanCd=5395006980&kikanKbn=5", "url2": null, "内容": "しまんと薬局【5:薬局】高知県四万十市中村大橋通６丁目３－７" }, "geometry": { "type": "Point", "coordinates": [ 132.937025, 32.989984 ] } },
{ "type": "Feature", "properties": { "ID": 3955395007000, "正式名称": "白十字薬局　小津店", "機関区分": 5, "都道府県コード": 39, "市区町村コード": 201, "所在地": "高知県高知市小津町３９番地３", "緯度": 33.563753, "経度": 133.530311, "url": "https://www.iryou.teikyouseido.mhlw.go.jp/znk-web/juminkanja/S2430/initialize?prefCd=39&kikanCd=5395007000&kikanKbn=5", "url2": null, "内容": "白十字薬局　小津店【5:薬局】高知県高知市小津町３９番地３" }, "geometry": { "type": "Point", "coordinates": [ 133.530311, 33.563753 ] } },
{ "type": "Feature", "properties": { "ID": 3955395007010, "正式名称": "あじさい薬局　北本町店", "機関区分": 5, "都道府県コード": 39, "市区町村コード": 201, "所在地": "高知県高知市北本町４丁目３番４号", "緯度": 33.565376, "経度": 133.551551, "url": "https://www.iryou.teikyouseido.mhlw.go.jp/znk-web/juminkanja/S2430/initialize?prefCd=39&kikanCd=5395007010&kikanKbn=5", "url2": "http://www.drug-kuroshio.co.jp/", "内容": "あじさい薬局　北本町店【5:薬局】高知県高知市北本町４丁目３番４号" }, "geometry": { "type": "Point", "coordinates": [ 133.551551, 33.565376 ] } },
{ "type": "Feature", "properties": { "ID": 3955395007030, "正式名称": "クオール薬局杉ノ川店", "機関区分": 5, "都道府県コード": 39, "市区町村コード": 411, "所在地": "高知県高岡郡津野町杉ノ川甲３８－３", "緯度": 33.43917, "経度": 133.158851, "url": "https://www.iryou.teikyouseido.mhlw.go.jp/znk-web/juminkanja/S2430/initialize?prefCd=39&kikanCd=5395007030&kikanKbn=5", "url2": "https://www.qol-net.co.jp/", "内容": "クオール薬局杉ノ川店【5:薬局】高知県高岡郡津野町杉ノ川甲３８－３" }, "geometry": { "type": "Point", "coordinates": [ 133.158851, 33.43917 ] } },
{ "type": "Feature", "properties": { "ID": 3955395007070, "正式名称": "ふくい薬局", "機関区分": 5, "都道府県コード": 39, "市区町村コード": 201, "所在地": "高知県高知市福井町８１１－１", "緯度": 33.566304, "経度": 133.510945, "url": "https://www.iryou.teikyouseido.mhlw.go.jp/znk-web/juminkanja/S2430/initialize?prefCd=39&kikanCd=5395007070&kikanKbn=5", "url2": "https://holistic-ph.com/ph/store/fukui.html", "内容": "ふくい薬局【5:薬局】高知県高知市福井町８１１－１" }, "geometry": { "type": "Point", "coordinates": [ 133.510945, 33.566304 ] } },
{ "type": "Feature", "properties": { "ID": 3955395007110, "正式名称": "ワンツー薬局", "機関区分": 5, "都道府県コード": 39, "市区町村コード": 201, "所在地": "高知県高知市神田８４０－１", "緯度": 33.54508, "経度": 133.511509, "url": "https://www.iryou.teikyouseido.mhlw.go.jp/znk-web/juminkanja/S2430/initialize?prefCd=39&kikanCd=5395007110&kikanKbn=5", "url2": "http://www.drug-kuroshio.co.jp/", "内容": "ワンツー薬局【5:薬局】高知県高知市神田８４０－１" }, "geometry": { "type": "Point", "coordinates": [ 133.511509, 33.54508 ] } },
{ "type": "Feature", "properties": { "ID": 3955395007120, "正式名称": "きらら薬局北新田店", "機関区分": 5, "都道府県コード": 39, "市区町村コード": 201, "所在地": "高知県高知市北新田町９－１５", "緯度": 33.553019, "経度": 133.551607, "url": "https://www.iryou.teikyouseido.mhlw.go.jp/znk-web/juminkanja/S2430/initialize?prefCd=39&kikanCd=5395007120&kikanKbn=5", "url2": null, "内容": "きらら薬局北新田店【5:薬局】高知県高知市北新田町９－１５" }, "geometry": { "type": "Point", "coordinates": [ 133.551607, 33.553019 ] } },
{ "type": "Feature", "properties": { "ID": 3955395007150, "正式名称": "クオール薬局姫野々店", "機関区分": 5, "都道府県コード": 39, "市区町村コード": 411, "所在地": "高知県高岡郡津野町姫野々４７３－１", "緯度": 33.440896, "経度": 133.212947, "url": "https://www.iryou.teikyouseido.mhlw.go.jp/znk-web/juminkanja/S2430/initialize?prefCd=39&kikanCd=5395007150&kikanKbn=5", "url2": "http://www.qol-net.co.jp/", "内容": "クオール薬局姫野々店【5:薬局】高知県高岡郡津野町姫野々４７３－１" }, "geometry": { "type": "Point", "coordinates": [ 133.212947, 33.440896 ] } },
{ "type": "Feature", "properties": { "ID": 3955395007160, "正式名称": "エール薬局　さめうら店", "機関区分": 5, "都道府県コード": 39, "市区町村コード": 363, "所在地": "高知県土佐郡土佐町田井１３７２－５", "緯度": 33.747091, "経度": 133.558012, "url": "https://www.iryou.teikyouseido.mhlw.go.jp/znk-web/juminkanja/S2430/initialize?prefCd=39&kikanCd=5395007160&kikanKbn=5", "url2": "http://www.yell-group.net", "内容": "エール薬局　さめうら店【5:薬局】高知県土佐郡土佐町田井１３７２－５" }, "geometry": { "type": "Point", "coordinates": [ 133.558012, 33.747091 ] } },
{ "type": "Feature", "properties": { "ID": 3955395007170, "正式名称": "株式会社愛宕調剤　あおぞら薬局", "機関区分": 5, "都道府県コード": 39, "市区町村コード": 201, "所在地": "高知県高知市愛宕町１丁目４番７号", "緯度": 33.565857, "経度": 133.537016, "url": "https://www.iryou.teikyouseido.mhlw.go.jp/znk-web/juminkanja/S2430/initialize?prefCd=39&kikanCd=5395007170&kikanKbn=5", "url2": null, "内容": "株式会社愛宕調剤　あおぞら薬局【5:薬局】高知県高知市愛宕町１丁目４番７号" }, "geometry": { "type": "Point", "coordinates": [ 133.537016, 33.565857 ] } },
{ "type": "Feature", "properties": { "ID": 3955395007180, "正式名称": "ライオン薬局安芸店", "機関区分": 5, "都道府県コード": 39, "市区町村コード": 203, "所在地": "高知県安芸市宝永町７－１３", "緯度": 33.506075, "経度": 133.898078, "url": "https://www.iryou.teikyouseido.mhlw.go.jp/znk-web/juminkanja/S2430/initialize?prefCd=39&kikanCd=5395007180&kikanKbn=5", "url2": null, "内容": "ライオン薬局安芸店【5:薬局】高知県安芸市宝永町７－１３" }, "geometry": { "type": "Point", "coordinates": [ 133.898078, 33.506075 ] } },
{ "type": "Feature", "properties": { "ID": 3955395007200, "正式名称": "旭サテライト薬局", "機関区分": 5, "都道府県コード": 39, "市区町村コード": 201, "所在地": "高知県高知市旭上町３０ー２３", "緯度": 33.555987, "経度": 133.503284, "url": "https://www.iryou.teikyouseido.mhlw.go.jp/znk-web/juminkanja/S2430/initialize?prefCd=39&kikanCd=5395007200&kikanKbn=5", "url2": null, "内容": "旭サテライト薬局【5:薬局】高知県高知市旭上町３０ー２３" }, "geometry": { "type": "Point", "coordinates": [ 133.503284, 33.555987 ] } },
{ "type": "Feature", "properties": { "ID": 3955395007220, "正式名称": "プラス薬局", "機関区分": 5, "都道府県コード": 39, "市区町村コード": 205, "所在地": "高知県土佐市高岡町甲２１５４－３７", "緯度": 33.495651, "経度": 133.421735, "url": "https://www.iryou.teikyouseido.mhlw.go.jp/znk-web/juminkanja/S2430/initialize?prefCd=39&kikanCd=5395007220&kikanKbn=5", "url2": null, "内容": "プラス薬局【5:薬局】高知県土佐市高岡町甲２１５４－３７" }, "geometry": { "type": "Point", "coordinates": [ 133.421735, 33.495651 ] } },
{ "type": "Feature", "properties": { "ID": 3955395007230, "正式名称": "神田月光薬局", "機関区分": 5, "都道府県コード": 39, "市区町村コード": 201, "所在地": "高知県高知市神田４０８－６", "緯度": 33.54235, "経度": 133.508339, "url": "https://www.iryou.teikyouseido.mhlw.go.jp/znk-web/juminkanja/S2430/initialize?prefCd=39&kikanCd=5395007230&kikanKbn=5", "url2": "http://www.drug-kuroshio.co.jp/", "内容": "神田月光薬局【5:薬局】高知県高知市神田４０８－６" }, "geometry": { "type": "Point", "coordinates": [ 133.508339, 33.54235 ] } },
{ "type": "Feature", "properties": { "ID": 3955395007240, "正式名称": "あらた薬局", "機関区分": 5, "都道府県コード": 39, "市区町村コード": 201, "所在地": "高知県高知市愛宕町２丁目１９－４", "緯度": 33.56851, "経度": 133.536547, "url": "https://www.iryou.teikyouseido.mhlw.go.jp/znk-web/juminkanja/S2430/initialize?prefCd=39&kikanCd=5395007240&kikanKbn=5", "url2": "http://www.shikoku-dsp.co.jp/", "内容": "あらた薬局【5:薬局】高知県高知市愛宕町２丁目１９－４" }, "geometry": { "type": "Point", "coordinates": [ 133.536547, 33.56851 ] } },
{ "type": "Feature", "properties": { "ID": 3955395007250, "正式名称": "病院通薬局さくら店", "機関区分": 5, "都道府県コード": 39, "市区町村コード": 201, "所在地": "高知県高知市九反田３－９", "緯度": 33.557883, "経度": 133.547863, "url": "https://www.iryou.teikyouseido.mhlw.go.jp/znk-web/juminkanja/S2430/initialize?prefCd=39&kikanCd=5395007250&kikanKbn=5", "url2": "http://www.kurisu-p.com", "内容": "病院通薬局さくら店【5:薬局】高知県高知市九反田３－９" }, "geometry": { "type": "Point", "coordinates": [ 133.547863, 33.557883 ] } },
{ "type": "Feature", "properties": { "ID": 3955395007270, "正式名称": "オリーブ薬局", "機関区分": 5, "都道府県コード": 39, "市区町村コード": 201, "所在地": "高知県高知市桟橋通１丁目１３－４", "緯度": 33.551772, "経度": 133.544825, "url": "https://www.iryou.teikyouseido.mhlw.go.jp/znk-web/juminkanja/S2430/initialize?prefCd=39&kikanCd=5395007270&kikanKbn=5", "url2": null, "内容": "オリーブ薬局【5:薬局】高知県高知市桟橋通１丁目１３－４" }, "geometry": { "type": "Point", "coordinates": [ 133.544825, 33.551772 ] } },
{ "type": "Feature", "properties": { "ID": 3955395007280, "正式名称": "有限会社サンファーマシーなごみ薬局", "機関区分": 5, "都道府県コード": 39, "市区町村コード": 206, "所在地": "高知県須崎市赤崎町７―２１", "緯度": 33.412466, "経度": 133.286881, "url": "https://www.iryou.teikyouseido.mhlw.go.jp/znk-web/juminkanja/S2430/initialize?prefCd=39&kikanCd=5395007280&kikanKbn=5", "url2": "http://sunp-1998.co.jp/publics/index/82/", "内容": "有限会社サンファーマシーなごみ薬局【5:薬局】高知県須崎市赤崎町７―２１" }, "geometry": { "type": "Point", "coordinates": [ 133.286881, 33.412466 ] } },
{ "type": "Feature", "properties": { "ID": 3955395007290, "正式名称": "ウエルシア薬局安芸東浜店", "機関区分": 5, "都道府県コード": 39, "市区町村コード": 203, "所在地": "高知県安芸市東浜１５９ー１", "緯度": 33.507656, "経度": 133.90966, "url": "https://www.iryou.teikyouseido.mhlw.go.jp/znk-web/juminkanja/S2430/initialize?prefCd=39&kikanCd=5395007290&kikanKbn=5", "url2": "https://stores.welcia.co.jp/8414D", "内容": "ウエルシア薬局安芸東浜店【5:薬局】高知県安芸市東浜１５９ー１" }, "geometry": { "type": "Point", "coordinates": [ 133.90966, 33.507656 ] } },
{ "type": "Feature", "properties": { "ID": 3955395007300, "正式名称": "調剤薬局ツルハドラッグ朝倉店", "機関区分": 5, "都道府県コード": 39, "市区町村コード": 201, "所在地": "高知県高知市若草町１６－４０", "緯度": 33.543877, "経度": 133.485838, "url": "https://www.iryou.teikyouseido.mhlw.go.jp/znk-web/juminkanja/S2430/initialize?prefCd=39&kikanCd=5395007300&kikanKbn=5", "url2": "http://www.tsuruha.co.jp/", "内容": "調剤薬局ツルハドラッグ朝倉店【5:薬局】高知県高知市若草町１６－４０" }, "geometry": { "type": "Point", "coordinates": [ 133.485838, 33.543877 ] } },
{ "type": "Feature", "properties": { "ID": 3955395007310, "正式名称": "エール薬局　医大前店", "機関区分": 5, "都道府県コード": 39, "市区町村コード": 204, "所在地": "高知県南国市岡豊町小蓮１１７４ー５", "緯度": 33.593584, "経度": 133.615626, "url": "https://www.iryou.teikyouseido.mhlw.go.jp/znk-web/juminkanja/S2430/initialize?prefCd=39&kikanCd=5395007310&kikanKbn=5", "url2": "http://www.yell-group.net/", "内容": "エール薬局　医大前店【5:薬局】高知県南国市岡豊町小蓮１１７４ー５" }, "geometry": { "type": "Point", "coordinates": [ 133.615626, 33.593584 ] } },
{ "type": "Feature", "properties": { "ID": 3955395007350, "正式名称": "あとむ薬局　旭店", "機関区分": 5, "都道府県コード": 39, "市区町村コード": 201, "所在地": "高知県高知市南元町２６番１", "緯度": 33.556672, "経度": 133.507472, "url": "https://www.iryou.teikyouseido.mhlw.go.jp/znk-web/juminkanja/S2430/initialize?prefCd=39&kikanCd=5395007350&kikanKbn=5", "url2": "http://www.shikoku-dsp.co.jp/", "内容": "あとむ薬局　旭店【5:薬局】高知県高知市南元町２６番１" }, "geometry": { "type": "Point", "coordinates": [ 133.507472, 33.556672 ] } },
{ "type": "Feature", "properties": { "ID": 3955395007360, "正式名称": "つちばし薬局　はりまや店", "機関区分": 5, "都道府県コード": 39, "市区町村コード": 201, "所在地": "高知県高知市南はりまや町１－１７－２７　１Ｆ", "緯度": 33.559102, "経度": 133.543875, "url": "https://www.iryou.teikyouseido.mhlw.go.jp/znk-web/juminkanja/S2430/initialize?prefCd=39&kikanCd=5395007360&kikanKbn=5", "url2": "http://www.tsuchibashi.co.jp/", "内容": "つちばし薬局　はりまや店【5:薬局】高知県高知市南はりまや町１－１７－２７　１Ｆ" }, "geometry": { "type": "Point", "coordinates": [ 133.543875, 33.559102 ] } },
{ "type": "Feature", "properties": { "ID": 3955395007370, "正式名称": "フルール薬局", "機関区分": 5, "都道府県コード": 39, "市区町村コード": 201, "所在地": "高知県高知市南元町", "緯度": 33.556453, "経度": 133.507066, "url": "https://www.iryou.teikyouseido.mhlw.go.jp/znk-web/juminkanja/S2430/initialize?prefCd=39&kikanCd=5395007370&kikanKbn=5", "url2": "http://www.belle-ph.com/", "内容": "フルール薬局【5:薬局】高知県高知市南元町" }, "geometry": { "type": "Point", "coordinates": [ 133.507066, 33.556453 ] } },
{ "type": "Feature", "properties": { "ID": 3955395007390, "正式名称": "のぞみ薬局", "機関区分": 5, "都道府県コード": 39, "市区町村コード": 386, "所在地": "高知県吾川郡いの町新町８８ー１", "緯度": 33.547596, "経度": 133.42882, "url": "https://www.iryou.teikyouseido.mhlw.go.jp/znk-web/juminkanja/S2430/initialize?prefCd=39&kikanCd=5395007390&kikanKbn=5", "url2": null, "内容": "のぞみ薬局【5:薬局】高知県吾川郡いの町新町８８ー１" }, "geometry": { "type": "Point", "coordinates": [ 133.42882, 33.547596 ] } },
{ "type": "Feature", "properties": { "ID": 3955395007400, "正式名称": "東山薬局", "機関区分": 5, "都道府県コード": 39, "市区町村コード": 302, "所在地": "高知県安芸郡奈半利町乙１２８１番地２", "緯度": 33.423589, "経度": 134.021233, "url": "https://www.iryou.teikyouseido.mhlw.go.jp/znk-web/juminkanja/S2430/initialize?prefCd=39&kikanCd=5395007400&kikanKbn=5", "url2": null, "内容": "東山薬局【5:薬局】高知県安芸郡奈半利町乙１２８１番地２" }, "geometry": { "type": "Point", "coordinates": [ 134.021233, 33.423589 ] } },
{ "type": "Feature", "properties": { "ID": 3955395007410, "正式名称": "東山薬局　西店", "機関区分": 5, "都道府県コード": 39, "市区町村コード": 302, "所在地": "高知県安芸郡奈半利町乙１６２７番地１", "緯度": 33.425153, "経度": 134.019364, "url": "https://www.iryou.teikyouseido.mhlw.go.jp/znk-web/juminkanja/S2430/initialize?prefCd=39&kikanCd=5395007410&kikanKbn=5", "url2": null, "内容": "東山薬局　西店【5:薬局】高知県安芸郡奈半利町乙１６２７番地１" }, "geometry": { "type": "Point", "coordinates": [ 134.019364, 33.425153 ] } },
{ "type": "Feature", "properties": { "ID": 3955395007420, "正式名称": "ゆり薬局", "機関区分": 5, "都道府県コード": 39, "市区町村コード": 203, "所在地": "高知県安芸市庄之芝町９－３６", "緯度": 33.503367, "経度": 133.898911, "url": "https://www.iryou.teikyouseido.mhlw.go.jp/znk-web/juminkanja/S2430/initialize?prefCd=39&kikanCd=5395007420&kikanKbn=5", "url2": null, "内容": "ゆり薬局【5:薬局】高知県安芸市庄之芝町９－３６" }, "geometry": { "type": "Point", "coordinates": [ 133.898911, 33.503367 ] } },
{ "type": "Feature", "properties": { "ID": 3955395007430, "正式名称": "なでしこ薬局", "機関区分": 5, "都道府県コード": 39, "市区町村コード": 201, "所在地": "高知県高知市仁井田４３５０―５", "緯度": 33.517068, "経度": 133.571949, "url": "https://www.iryou.teikyouseido.mhlw.go.jp/znk-web/juminkanja/S2430/initialize?prefCd=39&kikanCd=5395007430&kikanKbn=5", "url2": null, "内容": "なでしこ薬局【5:薬局】高知県高知市仁井田４３５０―５" }, "geometry": { "type": "Point", "coordinates": [ 133.571949, 33.517068 ] } },
{ "type": "Feature", "properties": { "ID": 3955395007440, "正式名称": "あとむ薬局みその店", "機関区分": 5, "都道府県コード": 39, "市区町村コード": 201, "所在地": "高知県高知市三園町２３４", "緯度": 33.574147, "経度": 133.533058, "url": "https://www.iryou.teikyouseido.mhlw.go.jp/znk-web/juminkanja/S2430/initialize?prefCd=39&kikanCd=5395007440&kikanKbn=5", "url2": "http://www.shikoku-dsp.co.jp/", "内容": "あとむ薬局みその店【5:薬局】高知県高知市三園町２３４" }, "geometry": { "type": "Point", "coordinates": [ 133.533058, 33.574147 ] } },
{ "type": "Feature", "properties": { "ID": 3955395007460, "正式名称": "新田町うさぎ薬局", "機関区分": 5, "都道府県コード": 39, "市区町村コード": 201, "所在地": "高知県高知市新田町１４－２６", "緯度": 33.551218, "経度": 133.554071, "url": "https://www.iryou.teikyouseido.mhlw.go.jp/znk-web/juminkanja/S2430/initialize?prefCd=39&kikanCd=5395007460&kikanKbn=5", "url2": null, "内容": "新田町うさぎ薬局【5:薬局】高知県高知市新田町１４－２６" }, "geometry": { "type": "Point", "coordinates": [ 133.554071, 33.551218 ] } },
{ "type": "Feature", "properties": { "ID": 3955395007470, "正式名称": "日本調剤　宝永薬局", "機関区分": 5, "都道府県コード": 39, "市区町村コード": 203, "所在地": "高知県安芸市宝永町７番１４号", "緯度": 33.506119, "経度": 133.898621, "url": "https://www.iryou.teikyouseido.mhlw.go.jp/znk-web/juminkanja/S2430/initialize?prefCd=39&kikanCd=5395007470&kikanKbn=5", "url2": "https://www.nicho.co.jp/tenpo/houei/", "内容": "日本調剤　宝永薬局【5:薬局】高知県安芸市宝永町７番１４号" }, "geometry": { "type": "Point", "coordinates": [ 133.898621, 33.506119 ] } },
{ "type": "Feature", "properties": { "ID": 3955395007480, "正式名称": "ひまわり薬局", "機関区分": 5, "都道府県コード": 39, "市区町村コード": 201, "所在地": "高知県高知市西町", "緯度": 33.559653, "経度": 133.522146, "url": "https://www.iryou.teikyouseido.mhlw.go.jp/znk-web/juminkanja/S2430/initialize?prefCd=39&kikanCd=5395007480&kikanKbn=5", "url2": null, "内容": "ひまわり薬局【5:薬局】高知県高知市西町" }, "geometry": { "type": "Point", "coordinates": [ 133.522146, 33.559653 ] } },
{ "type": "Feature", "properties": { "ID": 3955395007490, "正式名称": "もも薬局", "機関区分": 5, "都道府県コード": 39, "市区町村コード": 304, "所在地": "高知県安芸郡安田町安田１７５１", "緯度": 33.436885, "経度": 133.981533, "url": "https://www.iryou.teikyouseido.mhlw.go.jp/znk-web/juminkanja/S2430/initialize?prefCd=39&kikanCd=5395007490&kikanKbn=5", "url2": null, "内容": "もも薬局【5:薬局】高知県安芸郡安田町安田１７５１" }, "geometry": { "type": "Point", "coordinates": [ 133.981533, 33.436885 ] } },
{ "type": "Feature", "properties": { "ID": 3955395007500, "正式名称": "たけい薬局", "機関区分": 5, "都道府県コード": 39, "市区町村コード": 201, "所在地": "高知県高知市伊勢崎町１３－９", "緯度": 33.570293, "経度": 133.528865, "url": "https://www.iryou.teikyouseido.mhlw.go.jp/znk-web/juminkanja/S2430/initialize?prefCd=39&kikanCd=5395007500&kikanKbn=5", "url2": null, "内容": "たけい薬局【5:薬局】高知県高知市伊勢崎町１３－９" }, "geometry": { "type": "Point", "coordinates": [ 133.528865, 33.570293 ] } },
{ "type": "Feature", "properties": { "ID": 3955395007570, "正式名称": "高知センター薬局", "機関区分": 5, "都道府県コード": 39, "市区町村コード": 201, "所在地": "高知県高知市比島町３－１－１６", "緯度": 33.569457, "経度": 133.54854, "url": "https://www.iryou.teikyouseido.mhlw.go.jp/znk-web/juminkanja/S2430/initialize?prefCd=39&kikanCd=5395007570&kikanKbn=5", "url2": "http://www.minayakkyoku.co.jp/", "内容": "高知センター薬局【5:薬局】高知県高知市比島町３－１－１６" }, "geometry": { "type": "Point", "coordinates": [ 133.54854, 33.569457 ] } },
{ "type": "Feature", "properties": { "ID": 3955395007580, "正式名称": "フォレスト調剤薬局知寄町店", "機関区分": 5, "都道府県コード": 39, "市区町村コード": 201, "所在地": "高知県高知市二葉町１番４号", "緯度": 33.55788, "経度": 133.555248, "url": "https://www.iryou.teikyouseido.mhlw.go.jp/znk-web/juminkanja/S2430/initialize?prefCd=39&kikanCd=5395007580&kikanKbn=5", "url2": null, "内容": "フォレスト調剤薬局知寄町店【5:薬局】高知県高知市二葉町１番４号" }, "geometry": { "type": "Point", "coordinates": [ 133.555248, 33.55788 ] } },
{ "type": "Feature", "properties": { "ID": 3955395007610, "正式名称": "あじさい薬局鴨部店", "機関区分": 5, "都道府県コード": 39, "市区町村コード": 201, "所在地": "高知県高知市鴨部２－２－７", "緯度": 33.54941, "経度": 133.505534, "url": "https://www.iryou.teikyouseido.mhlw.go.jp/znk-web/juminkanja/S2430/initialize?prefCd=39&kikanCd=5395007610&kikanKbn=5", "url2": "http://www.drug-kuroshio.co.jp/", "内容": "あじさい薬局鴨部店【5:薬局】高知県高知市鴨部２－２－７" }, "geometry": { "type": "Point", "coordinates": [ 133.505534, 33.54941 ] } },
{ "type": "Feature", "properties": { "ID": 3955395007650, "正式名称": "こなつ薬局", "機関区分": 5, "都道府県コード": 39, "市区町村コード": 201, "所在地": "高知県高知市桟橋通１丁目１０ー６アステールＫ１０５号", "緯度": 33.550911, "経度": 133.546594, "url": "https://www.iryou.teikyouseido.mhlw.go.jp/znk-web/juminkanja/S2430/initialize?prefCd=39&kikanCd=5395007650&kikanKbn=5", "url2": null, "内容": "こなつ薬局【5:薬局】高知県高知市桟橋通１丁目１０ー６アステールＫ１０５号" }, "geometry": { "type": "Point", "coordinates": [ 133.546594, 33.550911 ] } },
{ "type": "Feature", "properties": { "ID": 3955395007660, "正式名称": "そうごう薬局後免町店", "機関区分": 5, "都道府県コード": 39, "市区町村コード": 204, "所在地": "高知県南国市後免町１丁目８の３５　アグライア１０３", "緯度": 33.575994, "経度": 133.644841, "url": "https://www.iryou.teikyouseido.mhlw.go.jp/znk-web/juminkanja/S2430/initialize?prefCd=39&kikanCd=5395007660&kikanKbn=5", "url2": "http://www.sogo-medical.co.jp/sogopharmacy/shop/view/465", "内容": "そうごう薬局後免町店【5:薬局】高知県南国市後免町１丁目８の３５　アグライア１０３" }, "geometry": { "type": "Point", "coordinates": [ 133.644841, 33.575994 ] } },
{ "type": "Feature", "properties": { "ID": 3955395007690, "正式名称": "くろしお薬局　インター店", "機関区分": 5, "都道府県コード": 39, "市区町村コード": 201, "所在地": "高知県高知市杉井流６番２８号", "緯度": 33.569551, "経度": 133.554741, "url": "https://www.iryou.teikyouseido.mhlw.go.jp/znk-web/juminkanja/S2430/initialize?prefCd=39&kikanCd=5395007690&kikanKbn=5", "url2": "http://www.drug-kuroshio.co.jp/", "内容": "くろしお薬局　インター店【5:薬局】高知県高知市杉井流６番２８号" }, "geometry": { "type": "Point", "coordinates": [ 133.554741, 33.569551 ] } },
{ "type": "Feature", "properties": { "ID": 3955395007720, "正式名称": "あけぼの薬局", "機関区分": 5, "都道府県コード": 39, "市区町村コード": 201, "所在地": "高知県高知市鴨部高町１４－２１", "緯度": 33.551793, "経度": 133.495005, "url": "https://www.iryou.teikyouseido.mhlw.go.jp/znk-web/juminkanja/S2430/initialize?prefCd=39&kikanCd=5395007720&kikanKbn=5", "url2": null, "内容": "あけぼの薬局【5:薬局】高知県高知市鴨部高町１４－２１" }, "geometry": { "type": "Point", "coordinates": [ 133.495005, 33.551793 ] } },
{ "type": "Feature", "properties": { "ID": 3955395007730, "正式名称": "蛍橋薬局", "機関区分": 5, "都道府県コード": 39, "市区町村コード": 201, "所在地": "高知県高知市旭町３丁目７５", "緯度": 33.555331, "経度": 133.504053, "url": "https://www.iryou.teikyouseido.mhlw.go.jp/znk-web/juminkanja/S2430/initialize?prefCd=39&kikanCd=5395007730&kikanKbn=5", "url2": null, "内容": "蛍橋薬局【5:薬局】高知県高知市旭町３丁目７５" }, "geometry": { "type": "Point", "coordinates": [ 133.504053, 33.555331 ] } },
{ "type": "Feature", "properties": { "ID": 3955395007770, "正式名称": "イルカ薬局", "機関区分": 5, "都道府県コード": 39, "市区町村コード": 201, "所在地": "高知県高知市本町５丁目２ー９　グランドハイツ細川", "緯度": 33.557478, "経度": 133.531316, "url": "https://www.iryou.teikyouseido.mhlw.go.jp/znk-web/juminkanja/S2430/initialize?prefCd=39&kikanCd=5395007770&kikanKbn=5", "url2": null, "内容": "イルカ薬局【5:薬局】高知県高知市本町５丁目２ー９　グランドハイツ細川" }, "geometry": { "type": "Point", "coordinates": [ 133.531316, 33.557478 ] } },
{ "type": "Feature", "properties": { "ID": 3955395007780, "正式名称": "らいむ薬局", "機関区分": 5, "都道府県コード": 39, "市区町村コード": 204, "所在地": "高知県南国市篠原１６２ー４", "緯度": 33.570272, "経度": 133.635524, "url": "https://www.iryou.teikyouseido.mhlw.go.jp/znk-web/juminkanja/S2430/initialize?prefCd=39&kikanCd=5395007780&kikanKbn=5", "url2": "https://medico-drugfarm.jp", "内容": "らいむ薬局【5:薬局】高知県南国市篠原１６２ー４" }, "geometry": { "type": "Point", "coordinates": [ 133.635524, 33.570272 ] } },
{ "type": "Feature", "properties": { "ID": 3955395007790, "正式名称": "ライオン薬局　わじき店", "機関区分": 5, "都道府県コード": 39, "市区町村コード": 307, "所在地": "高知県安芸郡芸西村和食甲４６８３", "緯度": 33.522193, "経度": 133.820774, "url": "https://www.iryou.teikyouseido.mhlw.go.jp/znk-web/juminkanja/S2430/initialize?prefCd=39&kikanCd=5395007790&kikanKbn=5", "url2": null, "内容": "ライオン薬局　わじき店【5:薬局】高知県安芸郡芸西村和食甲４６８３" }, "geometry": { "type": "Point", "coordinates": [ 133.820774, 33.522193 ] } },
{ "type": "Feature", "properties": { "ID": 3955395007800, "正式名称": "花りん薬局", "機関区分": 5, "都道府県コード": 39, "市区町村コード": 386, "所在地": "高知県吾川郡いの町天王北３－２－１", "緯度": 33.531968, "経度": 133.449287, "url": "https://www.iryou.teikyouseido.mhlw.go.jp/znk-web/juminkanja/S2430/initialize?prefCd=39&kikanCd=5395007800&kikanKbn=5", "url2": "https://medico-drugfarm.jp/", "内容": "花りん薬局【5:薬局】高知県吾川郡いの町天王北３－２－１" }, "geometry": { "type": "Point", "coordinates": [ 133.449287, 33.531968 ] } },
{ "type": "Feature", "properties": { "ID": 3955395007820, "正式名称": "四国調剤　しののめ薬局", "機関区分": 5, "都道府県コード": 39, "市区町村コード": 201, "所在地": "高知県高知市東雲町８ー４８", "緯度": 33.559369, "経度": 133.563922, "url": "https://www.iryou.teikyouseido.mhlw.go.jp/znk-web/juminkanja/S2430/initialize?prefCd=39&kikanCd=5395007820&kikanKbn=5", "url2": "http://www.shikoku-dsp.co.jp", "内容": "四国調剤　しののめ薬局【5:薬局】高知県高知市東雲町８ー４８" }, "geometry": { "type": "Point", "coordinates": [ 133.563922, 33.559369 ] } },
{ "type": "Feature", "properties": { "ID": 3955395007850, "正式名称": "四国調剤　ふくい薬局", "機関区分": 5, "都道府県コード": 39, "市区町村コード": 201, "所在地": "高知県高知市福井扇町１１７９－１", "緯度": 33.568311, "経度": 133.508556, "url": "https://www.iryou.teikyouseido.mhlw.go.jp/znk-web/juminkanja/S2430/initialize?prefCd=39&kikanCd=5395007850&kikanKbn=5", "url2": "http://www.shikoku-dsp.co.jp/", "内容": "四国調剤　ふくい薬局【5:薬局】高知県高知市福井扇町１１７９－１" }, "geometry": { "type": "Point", "coordinates": [ 133.508556, 33.568311 ] } },
{ "type": "Feature", "properties": { "ID": 3955395007860, "正式名称": "四国調剤　よさこい薬局", "機関区分": 5, "都道府県コード": 39, "市区町村コード": 201, "所在地": "高知県高知市塚の原１番地", "緯度": 33.55187, "経度": 133.527935, "url": "https://www.iryou.teikyouseido.mhlw.go.jp/znk-web/juminkanja/S2430/initialize?prefCd=39&kikanCd=5395007860&kikanKbn=5", "url2": "http://www.shikoku-dsp.co.jp/", "内容": "四国調剤　よさこい薬局【5:薬局】高知県高知市塚の原１番地" }, "geometry": { "type": "Point", "coordinates": [ 133.527935, 33.55187 ] } },
{ "type": "Feature", "properties": { "ID": 3955395007870, "正式名称": "四国調剤　はるの薬局", "機関区分": 5, "都道府県コード": 39, "市区町村コード": 201, "所在地": "高知県高知市春野町芳原１３１６ー２", "緯度": 33.506416, "経度": 133.50653, "url": "https://www.iryou.teikyouseido.mhlw.go.jp/znk-web/juminkanja/S2430/initialize?prefCd=39&kikanCd=5395007870&kikanKbn=5", "url2": "https://www.shikoku-dsp.co.jp/", "内容": "四国調剤　はるの薬局【5:薬局】高知県高知市春野町芳原１３１６ー２" }, "geometry": { "type": "Point", "coordinates": [ 133.50653, 33.506416 ] } },
{ "type": "Feature", "properties": { "ID": 3955395007880, "正式名称": "四国調剤　山北薬局", "機関区分": 5, "都道府県コード": 39, "市区町村コード": 211, "所在地": "高知県香南市香我美町山北１３０５ー２", "緯度": 33.580172, "経度": 133.743453, "url": "https://www.iryou.teikyouseido.mhlw.go.jp/znk-web/juminkanja/S2430/initialize?prefCd=39&kikanCd=5395007880&kikanKbn=5", "url2": "http://www.shikoku-dsp.co.jp/", "内容": "四国調剤　山北薬局【5:薬局】高知県香南市香我美町山北１３０５ー２" }, "geometry": { "type": "Point", "coordinates": [ 133.743453, 33.580172 ] } },
{ "type": "Feature", "properties": { "ID": 3955395007900, "正式名称": "ブルークロス　さくら薬局", "機関区分": 5, "都道府県コード": 39, "市区町村コード": 212, "所在地": "高知県香美市土佐山田町１１７－２２", "緯度": 33.609759, "経度": 133.690825, "url": "https://www.iryou.teikyouseido.mhlw.go.jp/znk-web/juminkanja/S2430/initialize?prefCd=39&kikanCd=5395007900&kikanKbn=5", "url2": "http://bluecross.co.jp/", "内容": "ブルークロス　さくら薬局【5:薬局】高知県香美市土佐山田町１１７－２２" }, "geometry": { "type": "Point", "coordinates": [ 133.690825, 33.609759 ] } },
{ "type": "Feature", "properties": { "ID": 3955395007910, "正式名称": "アルファ薬局　香南店", "機関区分": 5, "都道府県コード": 39, "市区町村コード": 211, "所在地": "高知県香南市赤岡町２０６７ー１", "緯度": 33.54137, "経度": 133.72237, "url": "https://www.iryou.teikyouseido.mhlw.go.jp/znk-web/juminkanja/S2430/initialize?prefCd=39&kikanCd=5395007910&kikanKbn=5", "url2": "http://www.shikoku-dsp.co.jp/", "内容": "アルファ薬局　香南店【5:薬局】高知県香南市赤岡町２０６７ー１" }, "geometry": { "type": "Point", "coordinates": [ 133.72237, 33.54137 ] } },
{ "type": "Feature", "properties": { "ID": 3955395007920, "正式名称": "あとむ薬局　土佐道路店", "機関区分": 5, "都道府県コード": 39, "市区町村コード": 201, "所在地": "高知県高知市城山町２０９番１", "緯度": 33.550624, "経度": 133.511586, "url": "https://www.iryou.teikyouseido.mhlw.go.jp/znk-web/juminkanja/S2430/initialize?prefCd=39&kikanCd=5395007920&kikanKbn=5", "url2": "http://www.shikoku-dsp.co.jp/", "内容": "あとむ薬局　土佐道路店【5:薬局】高知県高知市城山町２０９番１" }, "geometry": { "type": "Point", "coordinates": [ 133.511586, 33.550624 ] } },
{ "type": "Feature", "properties": { "ID": 3955395007930, "正式名称": "しのはら薬局潮江店", "機関区分": 5, "都道府県コード": 39, "市区町村コード": 201, "所在地": "高知県高知市高見町３４８", "緯度": 33.541789, "経度": 133.537607, "url": "https://www.iryou.teikyouseido.mhlw.go.jp/znk-web/juminkanja/S2430/initialize?prefCd=39&kikanCd=5395007930&kikanKbn=5", "url2": "http://www.shinohara-p.co.jp", "内容": "しのはら薬局潮江店【5:薬局】高知県高知市高見町３４８" }, "geometry": { "type": "Point", "coordinates": [ 133.537607, 33.541789 ] } },
{ "type": "Feature", "properties": { "ID": 3955395007940, "正式名称": "しのはら薬局　口細山店", "機関区分": 5, "都道府県コード": 39, "市区町村コード": 201, "所在地": "高知県高知市口細山２０６ー２９５", "緯度": 33.567066, "経度": 133.490755, "url": "https://www.iryou.teikyouseido.mhlw.go.jp/znk-web/juminkanja/S2430/initialize?prefCd=39&kikanCd=5395007940&kikanKbn=5", "url2": "http://www.shinohara-p.co.jp", "内容": "しのはら薬局　口細山店【5:薬局】高知県高知市口細山２０６ー２９５" }, "geometry": { "type": "Point", "coordinates": [ 133.490755, 33.567066 ] } },
{ "type": "Feature", "properties": { "ID": 3955395007960, "正式名称": "しのはら薬局入明店", "機関区分": 5, "都道府県コード": 39, "市区町村コード": 201, "所在地": "高知県高知市入明町５－１", "緯度": 33.565839, "経度": 133.531798, "url": "https://www.iryou.teikyouseido.mhlw.go.jp/znk-web/juminkanja/S2430/initialize?prefCd=39&kikanCd=5395007960&kikanKbn=5", "url2": "http://www.shinohara-p.co.jp", "内容": "しのはら薬局入明店【5:薬局】高知県高知市入明町５－１" }, "geometry": { "type": "Point", "coordinates": [ 133.531798, 33.565839 ] } },
{ "type": "Feature", "properties": { "ID": 3955395007970, "正式名称": "りょうせき薬局", "機関区分": 5, "都道府県コード": 39, "市区町村コード": 204, "所在地": "高知県南国市領石１８番地５", "緯度": 33.621404, "経度": 133.640249, "url": "https://www.iryou.teikyouseido.mhlw.go.jp/znk-web/juminkanja/S2430/initialize?prefCd=39&kikanCd=5395007970&kikanKbn=5", "url2": null, "内容": "りょうせき薬局【5:薬局】高知県南国市領石１８番地５" }, "geometry": { "type": "Point", "coordinates": [ 133.640249, 33.621404 ] } },
{ "type": "Feature", "properties": { "ID": 3955395008010, "正式名称": "有限会社サンファーマシーはるかぜ薬局", "機関区分": 5, "都道府県コード": 39, "市区町村コード": 201, "所在地": "高知県高知市大川筋２―５―４５", "緯度": 33.564856, "経度": 133.532795, "url": "https://www.iryou.teikyouseido.mhlw.go.jp/znk-web/juminkanja/S2430/initialize?prefCd=39&kikanCd=5395008010&kikanKbn=5", "url2": "http://sunp-1998.co.jp/publics/index/99/", "内容": "有限会社サンファーマシーはるかぜ薬局【5:薬局】高知県高知市大川筋２―５―４５" }, "geometry": { "type": "Point", "coordinates": [ 133.532795, 33.564856 ] } },
{ "type": "Feature", "properties": { "ID": 3955395008020, "正式名称": "エール薬局", "機関区分": 5, "都道府県コード": 39, "市区町村コード": 201, "所在地": "高知県高知市池２８４１－１", "緯度": 33.530466, "経度": 133.586133, "url": "https://www.iryou.teikyouseido.mhlw.go.jp/znk-web/juminkanja/S2430/initialize?prefCd=39&kikanCd=5395008020&kikanKbn=5", "url2": "http://www.yell-group.net", "内容": "エール薬局【5:薬局】高知県高知市池２８４１－１" }, "geometry": { "type": "Point", "coordinates": [ 133.586133, 33.530466 ] } },
{ "type": "Feature", "properties": { "ID": 3955395008060, "正式名称": "あすなろ薬局", "機関区分": 5, "都道府県コード": 39, "市区町村コード": 205, "所在地": "高知県土佐市高岡町甲２０４３－４", "緯度": 33.495993, "経度": 133.426879, "url": "https://www.iryou.teikyouseido.mhlw.go.jp/znk-web/juminkanja/S2430/initialize?prefCd=39&kikanCd=5395008060&kikanKbn=5", "url2": null, "内容": "あすなろ薬局【5:薬局】高知県土佐市高岡町甲２０４３－４" }, "geometry": { "type": "Point", "coordinates": [ 133.426879, 33.495993 ] } },
{ "type": "Feature", "properties": { "ID": 3955395008070, "正式名称": "岡林薬局", "機関区分": 5, "都道府県コード": 39, "市区町村コード": 205, "所在地": "高知県土佐市高岡町乙２１－４", "緯度": 33.495964, "経度": 133.41915, "url": "https://www.iryou.teikyouseido.mhlw.go.jp/znk-web/juminkanja/S2430/initialize?prefCd=39&kikanCd=5395008070&kikanKbn=5", "url2": null, "内容": "岡林薬局【5:薬局】高知県土佐市高岡町乙２１－４" }, "geometry": { "type": "Point", "coordinates": [ 133.41915, 33.495964 ] } },
{ "type": "Feature", "properties": { "ID": 3955395008090, "正式名称": "大崎薬局", "機関区分": 5, "都道府県コード": 39, "市区町村コード": 387, "所在地": "高知県吾川郡仁淀川町大崎３６２―１", "緯度": 33.573732, "経度": 133.170238, "url": "https://www.iryou.teikyouseido.mhlw.go.jp/znk-web/juminkanja/S2430/initialize?prefCd=39&kikanCd=5395008090&kikanKbn=5", "url2": null, "内容": "大崎薬局【5:薬局】高知県吾川郡仁淀川町大崎３６２―１" }, "geometry": { "type": "Point", "coordinates": [ 133.170238, 33.573732 ] } },
{ "type": "Feature", "properties": { "ID": 3955395008110, "正式名称": "株式会社小白方　ひなた薬局", "機関区分": 5, "都道府県コード": 39, "市区町村コード": 201, "所在地": "高知県高知市仁井田６５３－２", "緯度": 33.512088, "経度": 133.573993, "url": "https://www.iryou.teikyouseido.mhlw.go.jp/znk-web/juminkanja/S2430/initialize?prefCd=39&kikanCd=5395008110&kikanKbn=5", "url2": "http://www.hinata-kochi.jp/", "内容": "株式会社小白方　ひなた薬局【5:薬局】高知県高知市仁井田６５３－２" }, "geometry": { "type": "Point", "coordinates": [ 133.573993, 33.512088 ] } },
{ "type": "Feature", "properties": { "ID": 3955395008120, "正式名称": "アイン薬局　篠原店", "機関区分": 5, "都道府県コード": 39, "市区町村コード": 204, "所在地": "高知県南国市篠原１８８７番地３", "緯度": 33.577074, "経度": 133.637609, "url": "https://www.iryou.teikyouseido.mhlw.go.jp/znk-web/juminkanja/S2430/initialize?prefCd=39&kikanCd=5395008120&kikanKbn=5", "url2": "https://www.ainj.co.jp", "内容": "アイン薬局　篠原店【5:薬局】高知県南国市篠原１８８７番地３" }, "geometry": { "type": "Point", "coordinates": [ 133.637609, 33.577074 ] } },
{ "type": "Feature", "properties": { "ID": 3955395008130, "正式名称": "アイン薬局　四万十店", "機関区分": 5, "都道府県コード": 39, "市区町村コード": 210, "所在地": "高知県四万十市渡川１丁目２番５１号", "緯度": 32.988726, "経度": 132.923736, "url": "https://www.iryou.teikyouseido.mhlw.go.jp/znk-web/juminkanja/S2430/initialize?prefCd=39&kikanCd=5395008130&kikanKbn=5", "url2": "https://www.ainj.co.jp", "内容": "アイン薬局　四万十店【5:薬局】高知県四万十市渡川１丁目２番５１号" }, "geometry": { "type": "Point", "coordinates": [ 132.923736, 32.988726 ] } },
{ "type": "Feature", "properties": { "ID": 3955395008140, "正式名称": "さが薬局", "機関区分": 5, "都道府県コード": 39, "市区町村コード": 428, "所在地": "高知県幡多郡黒潮町佐賀７０１－２", "緯度": 33.080008, "経度": 133.106747, "url": "https://www.iryou.teikyouseido.mhlw.go.jp/znk-web/juminkanja/S2430/initialize?prefCd=39&kikanCd=5395008140&kikanKbn=5", "url2": null, "内容": "さが薬局【5:薬局】高知県幡多郡黒潮町佐賀７０１－２" }, "geometry": { "type": "Point", "coordinates": [ 133.106747, 33.080008 ] } },
{ "type": "Feature", "properties": { "ID": 3955395008150, "正式名称": "ポピー薬局", "機関区分": 5, "都道府県コード": 39, "市区町村コード": 201, "所在地": "高知県高知市福井町１７３４ー６", "緯度": 33.567618, "経度": 133.504372, "url": "https://www.iryou.teikyouseido.mhlw.go.jp/znk-web/juminkanja/S2430/initialize?prefCd=39&kikanCd=5395008150&kikanKbn=5", "url2": "http://www.shikoku-dsp.co.jp/", "内容": "ポピー薬局【5:薬局】高知県高知市福井町１７３４ー６" }, "geometry": { "type": "Point", "coordinates": [ 133.504372, 33.567618 ] } },
{ "type": "Feature", "properties": { "ID": 3955395008160, "正式名称": "株式会社アインファーマシーズ　アイン薬局　高須店", "機関区分": 5, "都道府県コード": 39, "市区町村コード": 201, "所在地": "高知県高知市高須２丁目１８ー１１", "緯度": 33.560461, "経度": 133.589675, "url": "https://www.iryou.teikyouseido.mhlw.go.jp/znk-web/juminkanja/S2430/initialize?prefCd=39&kikanCd=5395008160&kikanKbn=5", "url2": "https://www.ainj.co.jp", "内容": "株式会社アインファーマシーズ　アイン薬局　高須店【5:薬局】高知県高知市高須２丁目１８ー１１" }, "geometry": { "type": "Point", "coordinates": [ 133.589675, 33.560461 ] } },
{ "type": "Feature", "properties": { "ID": 3955395008180, "正式名称": "らいふ調剤薬局　さんばし店", "機関区分": 5, "都道府県コード": 39, "市区町村コード": 201, "所在地": "高知県高知市桟橋通２－１２－５", "緯度": 33.5486, "経度": 133.549033, "url": "https://www.iryou.teikyouseido.mhlw.go.jp/znk-web/juminkanja/S2430/initialize?prefCd=39&kikanCd=5395008180&kikanKbn=5", "url2": null, "内容": "らいふ調剤薬局　さんばし店【5:薬局】高知県高知市桟橋通２－１２－５" }, "geometry": { "type": "Point", "coordinates": [ 133.549033, 33.5486 ] } },
{ "type": "Feature", "properties": { "ID": 3955395008190, "正式名称": "春和堂　帯屋町薬局", "機関区分": 5, "都道府県コード": 39, "市区町村コード": 201, "所在地": "高知県高知市帯屋町２ー４ー７ー１０２", "緯度": 33.559729, "経度": 133.535801, "url": "https://www.iryou.teikyouseido.mhlw.go.jp/znk-web/juminkanja/S2430/initialize?prefCd=39&kikanCd=5395008190&kikanKbn=5", "url2": null, "内容": "春和堂　帯屋町薬局【5:薬局】高知県高知市帯屋町２ー４ー７ー１０２" }, "geometry": { "type": "Point", "coordinates": [ 133.535801, 33.559729 ] } },
{ "type": "Feature", "properties": { "ID": 3955395008210, "正式名称": "ドラッグセイムス土佐山田薬局", "機関区分": 5, "都道府県コード": 39, "市区町村コード": 212, "所在地": "高知県香美市土佐山田町宝町５丁目１番３６号", "緯度": 33.6027, "経度": 133.680378, "url": "https://www.iryou.teikyouseido.mhlw.go.jp/znk-web/juminkanja/S2430/initialize?prefCd=39&kikanCd=5395008210&kikanKbn=5", "url2": "https://store.seims.co.jp/map/4036", "内容": "ドラッグセイムス土佐山田薬局【5:薬局】高知県香美市土佐山田町宝町５丁目１番３６号" }, "geometry": { "type": "Point", "coordinates": [ 133.680378, 33.6027 ] } },
{ "type": "Feature", "properties": { "ID": 3955395008220, "正式名称": "メディカル薬局　うやま店", "機関区分": 5, "都道府県コード": 39, "市区町村コード": 210, "所在地": "高知県四万十市右山１９７３番地５", "緯度": 32.97853, "経度": 132.945429, "url": "https://www.iryou.teikyouseido.mhlw.go.jp/znk-web/juminkanja/S2430/initialize?prefCd=39&kikanCd=5395008220&kikanKbn=5", "url2": "https://medicalchozai.com/dispensing-pharmacy/#uyama", "内容": "メディカル薬局　うやま店【5:薬局】高知県四万十市右山１９７３番地５" }, "geometry": { "type": "Point", "coordinates": [ 132.945429, 32.97853 ] } },
{ "type": "Feature", "properties": { "ID": 3955395008240, "正式名称": "福寿堂薬局", "機関区分": 5, "都道府県コード": 39, "市区町村コード": 205, "所在地": "高知県土佐市高岡町乙３８７番", "緯度": 33.498408, "経度": 133.419396, "url": "https://www.iryou.teikyouseido.mhlw.go.jp/znk-web/juminkanja/S2430/initialize?prefCd=39&kikanCd=5395008240&kikanKbn=5", "url2": null, "内容": "福寿堂薬局【5:薬局】高知県土佐市高岡町乙３８７番" }, "geometry": { "type": "Point", "coordinates": [ 133.419396, 33.498408 ] } },
{ "type": "Feature", "properties": { "ID": 3955395008250, "正式名称": "しのはら薬局本町店", "機関区分": 5, "都道府県コード": 39, "市区町村コード": 201, "所在地": "高知県高知市与力町３ー２９", "緯度": 33.5576, "経度": 133.538448, "url": "https://www.iryou.teikyouseido.mhlw.go.jp/znk-web/juminkanja/S2430/initialize?prefCd=39&kikanCd=5395008250&kikanKbn=5", "url2": "http://www.shinohara-p.co.jp", "内容": "しのはら薬局本町店【5:薬局】高知県高知市与力町３ー２９" }, "geometry": { "type": "Point", "coordinates": [ 133.538448, 33.5576 ] } },
{ "type": "Feature", "properties": { "ID": 3955395008260, "正式名称": "アルファ薬局　宝永店", "機関区分": 5, "都道府県コード": 39, "市区町村コード": 201, "所在地": "高知県高知市城見町３－１８", "緯度": 33.559458, "経度": 133.552271, "url": "https://www.iryou.teikyouseido.mhlw.go.jp/znk-web/juminkanja/S2430/initialize?prefCd=39&kikanCd=5395008260&kikanKbn=5", "url2": "http://www.shikoku-dsp.co.jp/", "内容": "アルファ薬局　宝永店【5:薬局】高知県高知市城見町３－１８" }, "geometry": { "type": "Point", "coordinates": [ 133.552271, 33.559458 ] } },
{ "type": "Feature", "properties": { "ID": 3955395008280, "正式名称": "ひつざん薬局　朝倉店", "機関区分": 5, "都道府県コード": 39, "市区町村コード": 201, "所在地": "高知県高知市若草町１６ー２６", "緯度": 33.543003, "経度": 133.486038, "url": "https://www.iryou.teikyouseido.mhlw.go.jp/znk-web/juminkanja/S2430/initialize?prefCd=39&kikanCd=5395008280&kikanKbn=5", "url2": "http://www.drug-kuroshio.co.jp/", "内容": "ひつざん薬局　朝倉店【5:薬局】高知県高知市若草町１６ー２６" }, "geometry": { "type": "Point", "coordinates": [ 133.486038, 33.543003 ] } },
{ "type": "Feature", "properties": { "ID": 3955395008290, "正式名称": "薬局清流けら店", "機関区分": 5, "都道府県コード": 39, "市区町村コード": 201, "所在地": "高知県高知市介良３５４番地", "緯度": 33.564865, "経度": 133.614103, "url": "https://www.iryou.teikyouseido.mhlw.go.jp/znk-web/juminkanja/S2430/initialize?prefCd=39&kikanCd=5395008290&kikanKbn=5", "url2": "http://www.drug-kuroshio.co.jp/", "内容": "薬局清流けら店【5:薬局】高知県高知市介良３５４番地" }, "geometry": { "type": "Point", "coordinates": [ 133.614103, 33.564865 ] } },
{ "type": "Feature", "properties": { "ID": 3955395008300, "正式名称": "こばな薬局", "機関区分": 5, "都道府県コード": 39, "市区町村コード": 212, "所在地": "高知県香美市土佐山田町百石町１－６－１４", "緯度": 33.608185, "経度": 133.693912, "url": "https://www.iryou.teikyouseido.mhlw.go.jp/znk-web/juminkanja/S2430/initialize?prefCd=39&kikanCd=5395008300&kikanKbn=5", "url2": null, "内容": "こばな薬局【5:薬局】高知県香美市土佐山田町百石町１－６－１４" }, "geometry": { "type": "Point", "coordinates": [ 133.693912, 33.608185 ] } },
{ "type": "Feature", "properties": { "ID": 3955395008310, "正式名称": "いわせ薬局", "機関区分": 5, "都道府県コード": 39, "市区町村コード": 210, "所在地": "高知県四万十市右山天神町９－２８", "緯度": 32.985078, "経度": 132.942058, "url": "https://www.iryou.teikyouseido.mhlw.go.jp/znk-web/juminkanja/S2430/initialize?prefCd=39&kikanCd=5395008310&kikanKbn=5", "url2": null, "内容": "いわせ薬局【5:薬局】高知県四万十市右山天神町９－２８" }, "geometry": { "type": "Point", "coordinates": [ 132.942058, 32.985078 ] } },
{ "type": "Feature", "properties": { "ID": 3955395008320, "正式名称": "ベル薬局　百石店", "機関区分": 5, "都道府県コード": 39, "市区町村コード": 201, "所在地": "高知県高知市百石町二丁目１番１５号", "緯度": 33.549925, "経度": 133.545444, "url": "https://www.iryou.teikyouseido.mhlw.go.jp/znk-web/juminkanja/S2430/initialize?prefCd=39&kikanCd=5395008320&kikanKbn=5", "url2": "http://www.belle-ph.com/", "内容": "ベル薬局　百石店【5:薬局】高知県高知市百石町二丁目１番１５号" }, "geometry": { "type": "Point", "coordinates": [ 133.545444, 33.549925 ] } },
{ "type": "Feature", "properties": { "ID": 3955395008330, "正式名称": "アルファ薬局青柳店", "機関区分": 5, "都道府県コード": 39, "市区町村コード": 201, "所在地": "高知県高知市若松町", "緯度": 33.552414, "経度": 133.56262, "url": "https://www.iryou.teikyouseido.mhlw.go.jp/znk-web/juminkanja/S2430/initialize?prefCd=39&kikanCd=5395008330&kikanKbn=5", "url2": "https://medicalchozai.com/", "内容": "アルファ薬局青柳店【5:薬局】高知県高知市若松町" }, "geometry": { "type": "Point", "coordinates": [ 133.56262, 33.552414 ] } },
{ "type": "Feature", "properties": { "ID": 3955395008370, "正式名称": "ＯーＦｏｒｃｅ合同会社　みなみかぜ薬局", "機関区分": 5, "都道府県コード": 39, "市区町村コード": 209, "所在地": "高知県土佐清水市越前町５番２３号２", "緯度": 32.780953, "経度": 132.951181, "url": "https://www.iryou.teikyouseido.mhlw.go.jp/znk-web/juminkanja/S2430/initialize?prefCd=39&kikanCd=5395008370&kikanKbn=5", "url2": null, "内容": "ＯーＦｏｒｃｅ合同会社　みなみかぜ薬局【5:薬局】高知県土佐清水市越前町５番２３号２" }, "geometry": { "type": "Point", "coordinates": [ 132.951181, 32.780953 ] } },
{ "type": "Feature", "properties": { "ID": 3955395008380, "正式名称": "メディカル薬局　一条通店", "機関区分": 5, "都道府県コード": 39, "市区町村コード": 210, "所在地": "高知県四万十市中村一条通５丁目９番１号", "緯度": 32.991459, "経度": 132.940664, "url": "https://www.iryou.teikyouseido.mhlw.go.jp/znk-web/juminkanja/S2430/initialize?prefCd=39&kikanCd=5395008380&kikanKbn=5", "url2": "https://medicalchozai.com/", "内容": "メディカル薬局　一条通店【5:薬局】高知県四万十市中村一条通５丁目９番１号" }, "geometry": { "type": "Point", "coordinates": [ 132.940664, 32.991459 ] } },
{ "type": "Feature", "properties": { "ID": 3955395008390, "正式名称": "くれ薬局", "機関区分": 5, "都道府県コード": 39, "市区町村コード": 401, "所在地": "高知県高岡郡中土佐町久礼６６１１ー４", "緯度": 33.328173, "経度": 133.228022, "url": "https://www.iryou.teikyouseido.mhlw.go.jp/znk-web/juminkanja/S2430/initialize?prefCd=39&kikanCd=5395008390&kikanKbn=5", "url2": "https://kigurakuraimu.jp", "内容": "くれ薬局【5:薬局】高知県高岡郡中土佐町久礼６６１１ー４" }, "geometry": { "type": "Point", "coordinates": [ 133.228022, 33.328173 ] } },
{ "type": "Feature", "properties": { "ID": 3955395008400, "正式名称": "ブルークロス調剤薬局南国店", "機関区分": 5, "都道府県コード": 39, "市区町村コード": 204, "所在地": "高知県南国市篠原１２９－１", "緯度": 33.570219, "経度": 133.635919, "url": "https://www.iryou.teikyouseido.mhlw.go.jp/znk-web/juminkanja/S2430/initialize?prefCd=39&kikanCd=5395008400&kikanKbn=5", "url2": "http://www.bluecross.co.jp/", "内容": "ブルークロス調剤薬局南国店【5:薬局】高知県南国市篠原１２９－１" }, "geometry": { "type": "Point", "coordinates": [ 133.635919, 33.570219 ] } },
{ "type": "Feature", "properties": { "ID": 3955395008410, "正式名称": "高知調剤薬局　おおそね店", "機関区分": 5, "都道府県コード": 39, "市区町村コード": 204, "所在地": "高知県南国市大そね甲１４５３", "緯度": 33.567395, "経度": 133.647319, "url": "https://www.iryou.teikyouseido.mhlw.go.jp/znk-web/juminkanja/S2430/initialize?prefCd=39&kikanCd=5395008410&kikanKbn=5", "url2": "http://www.kochi-chozai.co.jp/", "内容": "高知調剤薬局　おおそね店【5:薬局】高知県南国市大そね甲１４５３" }, "geometry": { "type": "Point", "coordinates": [ 133.647319, 33.567395 ] } },
{ "type": "Feature", "properties": { "ID": 3955395008420, "正式名称": "調剤薬局ツルハドラッグ田野店", "機関区分": 5, "都道府県コード": 39, "市区町村コード": 303, "所在地": "高知県安芸郡田野町１７９５ー１", "緯度": 33.441963, "経度": 134.01627, "url": "https://www.iryou.teikyouseido.mhlw.go.jp/znk-web/juminkanja/S2430/initialize?prefCd=39&kikanCd=5395008420&kikanKbn=5", "url2": "http://www.tsuruha.co.jp/shop/?cm=v&id=1470", "内容": "調剤薬局ツルハドラッグ田野店【5:薬局】高知県安芸郡田野町１７９５ー１" }, "geometry": { "type": "Point", "coordinates": [ 134.01627, 33.441963 ] } },
{ "type": "Feature", "properties": { "ID": 3955395008430, "正式名称": "あかね薬局　北川添店", "機関区分": 5, "都道府県コード": 39, "市区町村コード": 201, "所在地": "高知県高知市北川添１９－３４", "緯度": 33.573764, "経度": 133.560714, "url": "https://www.iryou.teikyouseido.mhlw.go.jp/znk-web/juminkanja/S2430/initialize?prefCd=39&kikanCd=5395008430&kikanKbn=5", "url2": "http://www.yell-group.net/", "内容": "あかね薬局　北川添店【5:薬局】高知県高知市北川添１９－３４" }, "geometry": { "type": "Point", "coordinates": [ 133.560714, 33.573764 ] } },
{ "type": "Feature", "properties": { "ID": 3955395008440, "正式名称": "ひかり薬局", "機関区分": 5, "都道府県コード": 39, "市区町村コード": 201, "所在地": "高知県高知市杉井流１４番１７号", "緯度": 33.569921, "経度": 133.55777, "url": "https://www.iryou.teikyouseido.mhlw.go.jp/znk-web/juminkanja/S2430/initialize?prefCd=39&kikanCd=5395008440&kikanKbn=5", "url2": null, "内容": "ひかり薬局【5:薬局】高知県高知市杉井流１４番１７号" }, "geometry": { "type": "Point", "coordinates": [ 133.55777, 33.569921 ] } },
{ "type": "Feature", "properties": { "ID": 3955395008450, "正式名称": "四国調剤　やえもん薬局", "機関区分": 5, "都道府県コード": 39, "市区町村コード": 201, "所在地": "高知県高知市北久保２番３９号", "緯度": 33.569599, "経度": 133.56435, "url": "https://www.iryou.teikyouseido.mhlw.go.jp/znk-web/juminkanja/S2430/initialize?prefCd=39&kikanCd=5395008450&kikanKbn=5", "url2": null, "内容": "四国調剤　やえもん薬局【5:薬局】高知県高知市北久保２番３９号" }, "geometry": { "type": "Point", "coordinates": [ 133.56435, 33.569599 ] } },
{ "type": "Feature", "properties": { "ID": 3955395008460, "正式名称": "パルス薬局", "機関区分": 5, "都道府県コード": 39, "市区町村コード": 211, "所在地": "高知県香南市野市町西野２６３７―１", "緯度": 33.56038, "経度": 133.701143, "url": "https://www.iryou.teikyouseido.mhlw.go.jp/znk-web/juminkanja/S2430/initialize?prefCd=39&kikanCd=5395008460&kikanKbn=5", "url2": "http://yell-group.net/", "内容": "パルス薬局【5:薬局】高知県香南市野市町西野２６３７―１" }, "geometry": { "type": "Point", "coordinates": [ 133.701143, 33.56038 ] } },
{ "type": "Feature", "properties": { "ID": 3955395008470, "正式名称": "ドラッグセイムス高知駅前薬局", "機関区分": 5, "都道府県コード": 39, "市区町村コード": 201, "所在地": "高知県高知市栄田町二丁目４番１２号", "緯度": 33.567618, "経度": 133.542746, "url": "https://www.iryou.teikyouseido.mhlw.go.jp/znk-web/juminkanja/S2430/initialize?prefCd=39&kikanCd=5395008470&kikanKbn=5", "url2": "https://www.fujiyakuhin.co.jp/", "内容": "ドラッグセイムス高知駅前薬局【5:薬局】高知県高知市栄田町二丁目４番１２号" }, "geometry": { "type": "Point", "coordinates": [ 133.542746, 33.567618 ] } },
{ "type": "Feature", "properties": { "ID": 3955395008480, "正式名称": "調剤薬局ツルハドラッグ薊野店", "機関区分": 5, "都道府県コード": 39, "市区町村コード": 201, "所在地": "高知県高知市薊野西町三丁目８番８号", "緯度": 33.578046, "経度": 133.551833, "url": "https://www.iryou.teikyouseido.mhlw.go.jp/znk-web/juminkanja/S2430/initialize?prefCd=39&kikanCd=5395008480&kikanKbn=5", "url2": "http://www.tsuruha.co.jp", "内容": "調剤薬局ツルハドラッグ薊野店【5:薬局】高知県高知市薊野西町三丁目８番８号" }, "geometry": { "type": "Point", "coordinates": [ 133.551833, 33.578046 ] } },
{ "type": "Feature", "properties": { "ID": 3955395008490, "正式名称": "ブルークロス調剤薬局　日赤北店", "機関区分": 5, "都道府県コード": 39, "市区町村コード": 201, "所在地": "高知県高知市東秦泉寺４７－１", "緯度": 33.525578, "経度": 133.572003, "url": "https://www.iryou.teikyouseido.mhlw.go.jp/znk-web/juminkanja/S2430/initialize?prefCd=39&kikanCd=5395008490&kikanKbn=5", "url2": "http://www.bluecross.co.jp/", "内容": "ブルークロス調剤薬局　日赤北店【5:薬局】高知県高知市東秦泉寺４７－１" }, "geometry": { "type": "Point", "coordinates": [ 133.572003, 33.525578 ] } },
{ "type": "Feature", "properties": { "ID": 3955395008510, "正式名称": "うさぎ薬局", "機関区分": 5, "都道府県コード": 39, "市区町村コード": 201, "所在地": "高知県高知市百石町二丁目２－９", "緯度": 33.549175, "経度": 133.544119, "url": "https://www.iryou.teikyouseido.mhlw.go.jp/znk-web/juminkanja/S2430/initialize?prefCd=39&kikanCd=5395008510&kikanKbn=5", "url2": null, "内容": "うさぎ薬局【5:薬局】高知県高知市百石町二丁目２－９" }, "geometry": { "type": "Point", "coordinates": [ 133.544119, 33.549175 ] } },
{ "type": "Feature", "properties": { "ID": 3955395008520, "正式名称": "エール薬局　かづらしま店", "機関区分": 5, "都道府県コード": 39, "市区町村コード": 201, "所在地": "高知県高知市葛島１丁目９―５１", "緯度": 33.55813, "経度": 133.572022, "url": "https://www.iryou.teikyouseido.mhlw.go.jp/znk-web/juminkanja/S2430/initialize?prefCd=39&kikanCd=5395008520&kikanKbn=5", "url2": "http://www.yell-group.net", "内容": "エール薬局　かづらしま店【5:薬局】高知県高知市葛島１丁目９―５１" }, "geometry": { "type": "Point", "coordinates": [ 133.572022, 33.55813 ] } },
{ "type": "Feature", "properties": { "ID": 3955395008530, "正式名称": "エール薬局　はりまや店", "機関区分": 5, "都道府県コード": 39, "市区町村コード": 201, "所在地": "高知県高知市はりまや町１丁目７ー７", "緯度": 33.560668, "経度": 133.544119, "url": "https://www.iryou.teikyouseido.mhlw.go.jp/znk-web/juminkanja/S2430/initialize?prefCd=39&kikanCd=5395008530&kikanKbn=5", "url2": "http://www.yell-group.net/", "内容": "エール薬局　はりまや店【5:薬局】高知県高知市はりまや町１丁目７ー７" }, "geometry": { "type": "Point", "coordinates": [ 133.544119, 33.560668 ] } },
{ "type": "Feature", "properties": { "ID": 3955395008540, "正式名称": "エール薬局　百石店", "機関区分": 5, "都道府県コード": 39, "市区町村コード": 201, "所在地": "高知県高知市百石町２丁目２９－１３", "緯度": 33.545997, "経度": 133.54317, "url": "https://www.iryou.teikyouseido.mhlw.go.jp/znk-web/juminkanja/S2430/initialize?prefCd=39&kikanCd=5395008540&kikanKbn=5", "url2": "http://www.yell-group.net", "内容": "エール薬局　百石店【5:薬局】高知県高知市百石町２丁目２９－１３" }, "geometry": { "type": "Point", "coordinates": [ 133.54317, 33.545997 ] } },
{ "type": "Feature", "properties": { "ID": 3955395008550, "正式名称": "エール薬局　きっず店", "機関区分": 5, "都道府県コード": 39, "市区町村コード": 201, "所在地": "高知県高知市葛島２丁目６‐３３", "緯度": 33.557275, "経度": 133.573449, "url": "https://www.iryou.teikyouseido.mhlw.go.jp/znk-web/juminkanja/S2430/initialize?prefCd=39&kikanCd=5395008550&kikanKbn=5", "url2": "http://www.yell-group.net", "内容": "エール薬局　きっず店【5:薬局】高知県高知市葛島２丁目６‐３３" }, "geometry": { "type": "Point", "coordinates": [ 133.573449, 33.557275 ] } },
{ "type": "Feature", "properties": { "ID": 3955395008560, "正式名称": "エール薬局　たかす店", "機関区分": 5, "都道府県コード": 39, "市区町村コード": 201, "所在地": "高知県高知市大津乙２７０５－３", "緯度": 33.566471, "経度": 133.57959, "url": "https://www.iryou.teikyouseido.mhlw.go.jp/znk-web/juminkanja/S2430/initialize?prefCd=39&kikanCd=5395008560&kikanKbn=5", "url2": "http://www.yell-group.net", "内容": "エール薬局　たかす店【5:薬局】高知県高知市大津乙２７０５－３" }, "geometry": { "type": "Point", "coordinates": [ 133.57959, 33.566471 ] } },
{ "type": "Feature", "properties": { "ID": 3955395008570, "正式名称": "ハロー薬局　大津店", "機関区分": 5, "都道府県コード": 39, "市区町村コード": 201, "所在地": "高知県高知市大津甲５９３－４", "緯度": 33.576587, "経度": 133.610395, "url": "https://www.iryou.teikyouseido.mhlw.go.jp/znk-web/juminkanja/S2430/initialize?prefCd=39&kikanCd=5395008570&kikanKbn=5", "url2": "http://www.yell-group.net", "内容": "ハロー薬局　大津店【5:薬局】高知県高知市大津甲５９３－４" }, "geometry": { "type": "Point", "coordinates": [ 133.610395, 33.576587 ] } },
{ "type": "Feature", "properties": { "ID": 3955395008580, "正式名称": "エール薬局　旭店", "機関区分": 5, "都道府県コード": 39, "市区町村コード": 201, "所在地": "高知県高知市旭上町３２－２２", "緯度": 33.556162, "経度": 133.503117, "url": "https://www.iryou.teikyouseido.mhlw.go.jp/znk-web/juminkanja/S2430/initialize?prefCd=39&kikanCd=5395008580&kikanKbn=5", "url2": "http://www.yell-group.net", "内容": "エール薬局　旭店【5:薬局】高知県高知市旭上町３２－２２" }, "geometry": { "type": "Point", "coordinates": [ 133.503117, 33.556162 ] } },
{ "type": "Feature", "properties": { "ID": 3955395008590, "正式名称": "エール薬局　口細山店", "機関区分": 5, "都道府県コード": 39, "市区町村コード": 201, "所在地": "高知県高知市口細山２０６－１５４", "緯度": 33.566805, "経度": 133.490699, "url": "https://www.iryou.teikyouseido.mhlw.go.jp/znk-web/juminkanja/S2430/initialize?prefCd=39&kikanCd=5395008590&kikanKbn=5", "url2": "http://www.yell-group.net", "内容": "エール薬局　口細山店【5:薬局】高知県高知市口細山２０６－１５４" }, "geometry": { "type": "Point", "coordinates": [ 133.490699, 33.566805 ] } },
{ "type": "Feature", "properties": { "ID": 3955395008610, "正式名称": "エール薬局　土佐道路店", "機関区分": 5, "都道府県コード": 39, "市区町村コード": 201, "所在地": "高知県高知市鴨部９４０－１", "緯度": 33.54701, "経度": 133.503781, "url": "https://www.iryou.teikyouseido.mhlw.go.jp/znk-web/juminkanja/S2430/initialize?prefCd=39&kikanCd=5395008610&kikanKbn=5", "url2": "http://www.yell-group.net", "内容": "エール薬局　土佐道路店【5:薬局】高知県高知市鴨部９４０－１" }, "geometry": { "type": "Point", "coordinates": [ 133.503781, 33.54701 ] } },
{ "type": "Feature", "properties": { "ID": 3955395008630, "正式名称": "エール薬局　よこまち店", "機関区分": 5, "都道府県コード": 39, "市区町村コード": 206, "所在地": "高知県須崎市横町８－１", "緯度": 33.391282, "経度": 133.28432, "url": "https://www.iryou.teikyouseido.mhlw.go.jp/znk-web/juminkanja/S2430/initialize?prefCd=39&kikanCd=5395008630&kikanKbn=5", "url2": "http://www.yell-group.net", "内容": "エール薬局　よこまち店【5:薬局】高知県須崎市横町８－１" }, "geometry": { "type": "Point", "coordinates": [ 133.28432, 33.391282 ] } },
{ "type": "Feature", "properties": { "ID": 3955395008640, "正式名称": "エール薬局　幡多店", "機関区分": 5, "都道府県コード": 39, "市区町村コード": 208, "所在地": "高知県宿毛市平田町戸内２１０６－８", "緯度": 32.966928, "経度": 132.809665, "url": "https://www.iryou.teikyouseido.mhlw.go.jp/znk-web/juminkanja/S2430/initialize?prefCd=39&kikanCd=5395008640&kikanKbn=5", "url2": "http://www.yell-group.net", "内容": "エール薬局　幡多店【5:薬局】高知県宿毛市平田町戸内２１０６－８" }, "geometry": { "type": "Point", "coordinates": [ 132.809665, 32.966928 ] } },
{ "type": "Feature", "properties": { "ID": 3955395008650, "正式名称": "エール薬局　おおつき店", "機関区分": 5, "都道府県コード": 39, "市区町村コード": 424, "所在地": "高知県幡多郡大月町鉾土３４－３", "緯度": 32.822195, "経度": 132.707871, "url": "https://www.iryou.teikyouseido.mhlw.go.jp/znk-web/juminkanja/S2430/initialize?prefCd=39&kikanCd=5395008650&kikanKbn=5", "url2": "http://www.yell-group.net", "内容": "エール薬局　おおつき店【5:薬局】高知県幡多郡大月町鉾土３４－３" }, "geometry": { "type": "Point", "coordinates": [ 132.707871, 32.822195 ] } },
{ "type": "Feature", "properties": { "ID": 3955395008660, "正式名称": "エール薬局　たかおか店", "機関区分": 5, "都道府県コード": 39, "市区町村コード": 205, "所在地": "高知県土佐市高岡町甲１８９３－１", "緯度": 33.49467, "経度": 133.424719, "url": "https://www.iryou.teikyouseido.mhlw.go.jp/znk-web/juminkanja/S2430/initialize?prefCd=39&kikanCd=5395008660&kikanKbn=5", "url2": "http://www.yell-group.net", "内容": "エール薬局　たかおか店【5:薬局】高知県土佐市高岡町甲１８９３－１" }, "geometry": { "type": "Point", "coordinates": [ 133.424719, 33.49467 ] } },
{ "type": "Feature", "properties": { "ID": 3955395008670, "正式名称": "エール薬局　あき店", "機関区分": 5, "都道府県コード": 39, "市区町村コード": 203, "所在地": "高知県安芸市港町", "緯度": 33.500561, "経度": 133.913154, "url": "https://www.iryou.teikyouseido.mhlw.go.jp/znk-web/juminkanja/S2430/initialize?prefCd=39&kikanCd=5395008670&kikanKbn=5", "url2": "http://www.yell-group.net", "内容": "エール薬局　あき店【5:薬局】高知県安芸市港町" }, "geometry": { "type": "Point", "coordinates": [ 133.913154, 33.500561 ] } },
{ "type": "Feature", "properties": { "ID": 3955395008680, "正式名称": "おこう薬局", "機関区分": 5, "都道府県コード": 39, "市区町村コード": 204, "所在地": "高知県南国市岡豊町小蓮３９０－３", "緯度": 33.596843, "経度": 133.616283, "url": "https://www.iryou.teikyouseido.mhlw.go.jp/znk-web/juminkanja/S2430/initialize?prefCd=39&kikanCd=5395008680&kikanKbn=5", "url2": "http://www.yell-group.net", "内容": "おこう薬局【5:薬局】高知県南国市岡豊町小蓮３９０－３" }, "geometry": { "type": "Point", "coordinates": [ 133.616283, 33.596843 ] } },
{ "type": "Feature", "properties": { "ID": 3955395008690, "正式名称": "ハロー薬局　こくぶ川店", "機関区分": 5, "都道府県コード": 39, "市区町村コード": 204, "所在地": "高知県南国市岡豊町蒲原３９番１０", "緯度": 33.592113, "経度": 133.607662, "url": "https://www.iryou.teikyouseido.mhlw.go.jp/znk-web/juminkanja/S2430/initialize?prefCd=39&kikanCd=5395008690&kikanKbn=5", "url2": "http://www.yell-group.net", "内容": "ハロー薬局　こくぶ川店【5:薬局】高知県南国市岡豊町蒲原３９番１０" }, "geometry": { "type": "Point", "coordinates": [ 133.607662, 33.592113 ] } },
{ "type": "Feature", "properties": { "ID": 3955395008700, "正式名称": "エール薬局　れいほく店", "機関区分": 5, "都道府県コード": 39, "市区町村コード": 341, "所在地": "高知県長岡郡本山町本山５８０－１", "緯度": 33.759646, "経度": 133.58865, "url": "https://www.iryou.teikyouseido.mhlw.go.jp/znk-web/juminkanja/S2430/initialize?prefCd=39&kikanCd=5395008700&kikanKbn=5", "url2": "http://www.yell-group.net", "内容": "エール薬局　れいほく店【5:薬局】高知県長岡郡本山町本山５８０－１" }, "geometry": { "type": "Point", "coordinates": [ 133.58865, 33.759646 ] } },
{ "type": "Feature", "properties": { "ID": 3955395008710, "正式名称": "あかね薬局　須崎店", "機関区分": 5, "都道府県コード": 39, "市区町村コード": 206, "所在地": "高知県須崎市横町８－５", "緯度": 33.391221, "経度": 133.283959, "url": "https://www.iryou.teikyouseido.mhlw.go.jp/znk-web/juminkanja/S2430/initialize?prefCd=39&kikanCd=5395008710&kikanKbn=5", "url2": "http://www.yell-group.net", "内容": "あかね薬局　須崎店【5:薬局】高知県須崎市横町８－５" }, "geometry": { "type": "Point", "coordinates": [ 133.283959, 33.391221 ] } },
{ "type": "Feature", "properties": { "ID": 3955395008720, "正式名称": "帯屋町　心薬局", "機関区分": 5, "都道府県コード": 39, "市区町村コード": 201, "所在地": "高知県高知市帯屋町２丁目２番９号　帯屋町ＣＥＮＴＲＯ２階２ー１ーＡ号", "緯度": 33.560474, "経度": 133.537186, "url": "https://www.iryou.teikyouseido.mhlw.go.jp/znk-web/juminkanja/S2430/initialize?prefCd=39&kikanCd=5395008720&kikanKbn=5", "url2": "https://phstr.co.jp/", "内容": "帯屋町　心薬局【5:薬局】高知県高知市帯屋町２丁目２番９号　帯屋町ＣＥＮＴＲＯ２階２ー１ーＡ号" }, "geometry": { "type": "Point", "coordinates": [ 133.537186, 33.560474 ] } },
{ "type": "Feature", "properties": { "ID": 3955395008730, "正式名称": "日本調剤　高知薬局", "機関区分": 5, "都道府県コード": 39, "市区町村コード": 201, "所在地": "高知県高知市秦南町１－５－４０－１１", "緯度": 33.574222, "経度": 133.543066, "url": "https://www.iryou.teikyouseido.mhlw.go.jp/znk-web/juminkanja/S2430/initialize?prefCd=39&kikanCd=5395008730&kikanKbn=5", "url2": "https://www.nicho.co.jp/tenpo/koti/", "内容": "日本調剤　高知薬局【5:薬局】高知県高知市秦南町１－５－４０－１１" }, "geometry": { "type": "Point", "coordinates": [ 133.543066, 33.574222 ] } },
{ "type": "Feature", "properties": { "ID": 3955395008740, "正式名称": "マリーナ薬局", "機関区分": 5, "都道府県コード": 39, "市区町村コード": 201, "所在地": "高知県高知市六泉寺町８７番地９ハイツ六泉１階", "緯度": 33.538084, "経度": 133.54419, "url": "https://www.iryou.teikyouseido.mhlw.go.jp/znk-web/juminkanja/S2430/initialize?prefCd=39&kikanCd=5395008740&kikanKbn=5", "url2": null, "内容": "マリーナ薬局【5:薬局】高知県高知市六泉寺町８７番地９ハイツ六泉１階" }, "geometry": { "type": "Point", "coordinates": [ 133.54419, 33.538084 ] } },
{ "type": "Feature", "properties": { "ID": 3955395008750, "正式名称": "エール薬局　日赤店", "機関区分": 5, "都道府県コード": 39, "市区町村コード": 201, "所在地": "高知県高知市秦南町１－５－４０－７", "緯度": 33.574222, "経度": 133.543066, "url": "https://www.iryou.teikyouseido.mhlw.go.jp/znk-web/juminkanja/S2430/initialize?prefCd=39&kikanCd=5395008750&kikanKbn=5", "url2": "http://www.yell-group.net", "内容": "エール薬局　日赤店【5:薬局】高知県高知市秦南町１－５－４０－７" }, "geometry": { "type": "Point", "coordinates": [ 133.543066, 33.574222 ] } },
{ "type": "Feature", "properties": { "ID": 3955395008760, "正式名称": "アルファ薬局上町店", "機関区分": 5, "都道府県コード": 39, "市区町村コード": 201, "所在地": "高知県高知市上町五丁目６ー２１", "緯度": 33.558073, "経度": 133.518486, "url": "https://www.iryou.teikyouseido.mhlw.go.jp/znk-web/juminkanja/S2430/initialize?prefCd=39&kikanCd=5395008760&kikanKbn=5", "url2": "http://www.shikoku-dsp.co.jp/", "内容": "アルファ薬局上町店【5:薬局】高知県高知市上町五丁目６ー２１" }, "geometry": { "type": "Point", "coordinates": [ 133.518486, 33.558073 ] } },
{ "type": "Feature", "properties": { "ID": 3955395008770, "正式名称": "ひかり薬局　瀬戸店", "機関区分": 5, "都道府県コード": 39, "市区町村コード": 201, "所在地": "高知県高知市瀬戸一丁目２番６２号", "緯度": 33.512203, "経度": 133.544877, "url": "https://www.iryou.teikyouseido.mhlw.go.jp/znk-web/juminkanja/S2430/initialize?prefCd=39&kikanCd=5395008770&kikanKbn=5", "url2": "http://www.shikoku-ms.com", "内容": "ひかり薬局　瀬戸店【5:薬局】高知県高知市瀬戸一丁目２番６２号" }, "geometry": { "type": "Point", "coordinates": [ 133.544877, 33.512203 ] } },
{ "type": "Feature", "properties": { "ID": 3955395008780, "正式名称": "エール薬局　具同店", "機関区分": 5, "都道府県コード": 39, "市区町村コード": 210, "所在地": "高知県四万十市具同田黒２丁目１２－４８", "緯度": 32.984846, "経度": 132.920384, "url": "https://www.iryou.teikyouseido.mhlw.go.jp/znk-web/juminkanja/S2430/initialize?prefCd=39&kikanCd=5395008780&kikanKbn=5", "url2": "http://www.yell-group.net/", "内容": "エール薬局　具同店【5:薬局】高知県四万十市具同田黒２丁目１２－４８" }, "geometry": { "type": "Point", "coordinates": [ 132.920384, 32.984846 ] } },
{ "type": "Feature", "properties": { "ID": 3955395008790, "正式名称": "はなみずき薬局", "機関区分": 5, "都道府県コード": 39, "市区町村コード": 205, "所在地": "高知県土佐市高岡町乙３４７６－９", "緯度": 33.498027, "経度": 133.426949, "url": "https://www.iryou.teikyouseido.mhlw.go.jp/znk-web/juminkanja/S2430/initialize?prefCd=39&kikanCd=5395008790&kikanKbn=5", "url2": null, "内容": "はなみずき薬局【5:薬局】高知県土佐市高岡町乙３４７６－９" }, "geometry": { "type": "Point", "coordinates": [ 133.426949, 33.498027 ] } },
{ "type": "Feature", "properties": { "ID": 3955395008800, "正式名称": "高知調剤薬局　ひじま店", "機関区分": 5, "都道府県コード": 39, "市区町村コード": 201, "所在地": "高知県高知市比島町四丁目７番１３号", "緯度": 33.572761, "経度": 133.549715, "url": "https://www.iryou.teikyouseido.mhlw.go.jp/znk-web/juminkanja/S2430/initialize?prefCd=39&kikanCd=5395008800&kikanKbn=5", "url2": "https://www.kochi-chozai.co.jp/", "内容": "高知調剤薬局　ひじま店【5:薬局】高知県高知市比島町四丁目７番１３号" }, "geometry": { "type": "Point", "coordinates": [ 133.549715, 33.572761 ] } },
{ "type": "Feature", "properties": { "ID": 3955395008840, "正式名称": "山本薬局", "機関区分": 5, "都道府県コード": 39, "市区町村コード": 201, "所在地": "高知県高知市一宮中町１－２１－１０", "緯度": 33.585258, "経度": 133.571985, "url": "https://www.iryou.teikyouseido.mhlw.go.jp/znk-web/juminkanja/S2430/initialize?prefCd=39&kikanCd=5395008840&kikanKbn=5", "url2": null, "内容": "山本薬局【5:薬局】高知県高知市一宮中町１－２１－１０" }, "geometry": { "type": "Point", "coordinates": [ 133.571985, 33.585258 ] } },
{ "type": "Feature", "properties": { "ID": 3955395008850, "正式名称": "ひかり薬局　高知インター店", "機関区分": 5, "都道府県コード": 39, "市区町村コード": 201, "所在地": "高知県高知市一宮南町１丁目１５－１３マルナカ高知インター店２階", "緯度": 33.581782, "経度": 133.566416, "url": "https://www.iryou.teikyouseido.mhlw.go.jp/znk-web/juminkanja/S2430/initialize?prefCd=39&kikanCd=5395008850&kikanKbn=5", "url2": "http://shikoku-ms.com/", "内容": "ひかり薬局　高知インター店【5:薬局】高知県高知市一宮南町１丁目１５－１３マルナカ高知インター店２階" }, "geometry": { "type": "Point", "coordinates": [ 133.566416, 33.581782 ] } },
{ "type": "Feature", "properties": { "ID": 3955395008860, "正式名称": "あかね薬局渡川店", "機関区分": 5, "都道府県コード": 39, "市区町村コード": 210, "所在地": "高知県四万十市具同２０７５－２", "緯度": 32.983342, "経度": 132.921395, "url": "https://www.iryou.teikyouseido.mhlw.go.jp/znk-web/juminkanja/S2430/initialize?prefCd=39&kikanCd=5395008860&kikanKbn=5", "url2": "http://yell-group.net/", "内容": "あかね薬局渡川店【5:薬局】高知県四万十市具同２０７５－２" }, "geometry": { "type": "Point", "coordinates": [ 132.921395, 32.983342 ] } },
{ "type": "Feature", "properties": { "ID": 3955395008870, "正式名称": "エール薬局　サニーマート四万十店", "機関区分": 5, "都道府県コード": 39, "市区町村コード": 210, "所在地": "高知県四万十市古津賀４丁目３０番地", "緯度": 32.982688, "経度": 132.952967, "url": "https://www.iryou.teikyouseido.mhlw.go.jp/znk-web/juminkanja/S2430/initialize?prefCd=39&kikanCd=5395008870&kikanKbn=5", "url2": "http://yell-group.net/", "内容": "エール薬局　サニーマート四万十店【5:薬局】高知県四万十市古津賀４丁目３０番地" }, "geometry": { "type": "Point", "coordinates": [ 132.952967, 32.982688 ] } },
{ "type": "Feature", "properties": { "ID": 3955395008880, "正式名称": "日本調剤高知東薬局", "機関区分": 5, "都道府県コード": 39, "市区町村コード": 204, "所在地": "高知県南国市岡豊町小蓮１８５－１", "緯度": 33.594914, "経度": 133.614536, "url": "https://www.iryou.teikyouseido.mhlw.go.jp/znk-web/juminkanja/S2430/initialize?prefCd=39&kikanCd=5395008880&kikanKbn=5", "url2": "https://www.nicho.co.jp/tenpo/kochihigashi/", "内容": "日本調剤高知東薬局【5:薬局】高知県南国市岡豊町小蓮１８５－１" }, "geometry": { "type": "Point", "coordinates": [ 133.614536, 33.594914 ] } },
{ "type": "Feature", "properties": { "ID": 3955395008890, "正式名称": "たきぐち薬局　くぼかわ店", "機関区分": 5, "都道府県コード": 39, "市区町村コード": 412, "所在地": "高知県高岡郡四万十町見付９０１", "緯度": 33.206634, "経度": 133.149777, "url": "https://www.iryou.teikyouseido.mhlw.go.jp/znk-web/juminkanja/S2430/initialize?prefCd=39&kikanCd=5395008890&kikanKbn=5", "url2": "https://inf-pha.com", "内容": "たきぐち薬局　くぼかわ店【5:薬局】高知県高岡郡四万十町見付９０１" }, "geometry": { "type": "Point", "coordinates": [ 133.149777, 33.206634 ] } },
{ "type": "Feature", "properties": { "ID": 3955395008900, "正式名称": "だいわ薬局", "機関区分": 5, "都道府県コード": 39, "市区町村コード": 206, "所在地": "高知県須崎市緑町４番２９号", "緯度": 33.41173, "経度": 133.289835, "url": "https://www.iryou.teikyouseido.mhlw.go.jp/znk-web/juminkanja/S2430/initialize?prefCd=39&kikanCd=5395008900&kikanKbn=5", "url2": null, "内容": "だいわ薬局【5:薬局】高知県須崎市緑町４番２９号" }, "geometry": { "type": "Point", "coordinates": [ 133.289835, 33.41173 ] } },
{ "type": "Feature", "properties": { "ID": 3955395008910, "正式名称": "エール薬局　ローソン清水ヶ丘店", "機関区分": 5, "都道府県コード": 39, "市区町村コード": 209, "所在地": "高知県土佐清水市清水ヶ丘７番５号", "緯度": 32.782999, "経度": 132.957391, "url": "https://www.iryou.teikyouseido.mhlw.go.jp/znk-web/juminkanja/S2430/initialize?prefCd=39&kikanCd=5395008910&kikanKbn=5", "url2": "https://www.yell-group.net/", "内容": "エール薬局　ローソン清水ヶ丘店【5:薬局】高知県土佐清水市清水ヶ丘７番５号" }, "geometry": { "type": "Point", "coordinates": [ 132.957391, 32.782999 ] } },
{ "type": "Feature", "properties": { "ID": 3955395008930, "正式名称": "あかね薬局　六泉寺店", "機関区分": 5, "都道府県コード": 39, "市区町村コード": 201, "所在地": "高知県高知市高見町１８９‐１", "緯度": 33.540054, "経度": 133.53952, "url": "https://www.iryou.teikyouseido.mhlw.go.jp/znk-web/juminkanja/S2430/initialize?prefCd=39&kikanCd=5395008930&kikanKbn=5", "url2": "https://www.yell-group.net/", "内容": "あかね薬局　六泉寺店【5:薬局】高知県高知市高見町１８９‐１" }, "geometry": { "type": "Point", "coordinates": [ 133.53952, 33.540054 ] } },
{ "type": "Feature", "properties": { "ID": 3955395008950, "正式名称": "わかば薬局", "機関区分": 5, "都道府県コード": 39, "市区町村コード": 211, "所在地": "高知県香南市野市町西野２３４５ー７", "緯度": 33.557664, "経度": 133.699368, "url": "https://www.iryou.teikyouseido.mhlw.go.jp/znk-web/juminkanja/S2430/initialize?prefCd=39&kikanCd=5395008950&kikanKbn=5", "url2": null, "内容": "わかば薬局【5:薬局】高知県香南市野市町西野２３４５ー７" }, "geometry": { "type": "Point", "coordinates": [ 133.699368, 33.557664 ] } },
{ "type": "Feature", "properties": { "ID": 3955395008960, "正式名称": "ドラッグセイムス高知福井薬局", "機関区分": 5, "都道府県コード": 39, "市区町村コード": 201, "所在地": "高知県高知市福井町", "緯度": 33.566359, "経度": 133.510311, "url": "https://www.iryou.teikyouseido.mhlw.go.jp/znk-web/juminkanja/S2430/initialize?prefCd=39&kikanCd=5395008960&kikanKbn=5", "url2": "http://nishinihonseims.co.jp/modules/auth/index.php/index.html", "内容": "ドラッグセイムス高知福井薬局【5:薬局】高知県高知市福井町" }, "geometry": { "type": "Point", "coordinates": [ 133.510311, 33.566359 ] } },
{ "type": "Feature", "properties": { "ID": 3955395008970, "正式名称": "南ヶ丘薬局", "機関区分": 5, "都道府県コード": 39, "市区町村コード": 201, "所在地": "高知県高知市春野町南ヶ丘二丁目１－２号", "緯度": 33.556758, "経度": 133.569406, "url": "https://www.iryou.teikyouseido.mhlw.go.jp/znk-web/juminkanja/S2430/initialize?prefCd=39&kikanCd=5395008970&kikanKbn=5", "url2": "https://medico-drugfarm.jp/", "内容": "南ヶ丘薬局【5:薬局】高知県高知市春野町南ヶ丘二丁目１－２号" }, "geometry": { "type": "Point", "coordinates": [ 133.569406, 33.556758 ] } },
{ "type": "Feature", "properties": { "ID": 3955395008990, "正式名称": "こはる薬局", "機関区分": 5, "都道府県コード": 39, "市区町村コード": 201, "所在地": "高知県高知市朝倉丙３５４ー１", "緯度": 33.551707, "経度": 133.489908, "url": "https://www.iryou.teikyouseido.mhlw.go.jp/znk-web/juminkanja/S2430/initialize?prefCd=39&kikanCd=5395008990&kikanKbn=5", "url2": "https://medico-drugfarm.jp/", "内容": "こはる薬局【5:薬局】高知県高知市朝倉丙３５４ー１" }, "geometry": { "type": "Point", "coordinates": [ 133.489908, 33.551707 ] } },
{ "type": "Feature", "properties": { "ID": 3955395009000, "正式名称": "調剤薬局ツルハドラッグ高知比島店", "機関区分": 5, "都道府県コード": 39, "市区町村コード": 201, "所在地": "高知県高知市比島町２丁目７番５号", "緯度": 33.569972, "経度": 133.550035, "url": "https://www.iryou.teikyouseido.mhlw.go.jp/znk-web/juminkanja/S2430/initialize?prefCd=39&kikanCd=5395009000&kikanKbn=5", "url2": "https://www.tsuruha.co.jp/", "内容": "調剤薬局ツルハドラッグ高知比島店【5:薬局】高知県高知市比島町２丁目７番５号" }, "geometry": { "type": "Point", "coordinates": [ 133.550035, 33.569972 ] } },
{ "type": "Feature", "properties": { "ID": 3955395009010, "正式名称": "マック大津調剤薬局", "機関区分": 5, "都道府県コード": 39, "市区町村コード": 201, "所在地": "高知県高知市大津乙１０７１番地", "緯度": 33.573994, "経度": 133.597444, "url": "https://www.iryou.teikyouseido.mhlw.go.jp/znk-web/juminkanja/S2430/initialize?prefCd=39&kikanCd=5395009010&kikanKbn=5", "url2": null, "内容": "マック大津調剤薬局【5:薬局】高知県高知市大津乙１０７１番地" }, "geometry": { "type": "Point", "coordinates": [ 133.597444, 33.573994 ] } },
{ "type": "Feature", "properties": { "ID": 3955395009020, "正式名称": "ドラッグセイムス御座薬局", "機関区分": 5, "都道府県コード": 39, "市区町村コード": 201, "所在地": "高知県高知市北御座４番３８号", "緯度": 33.56956, "経度": 133.561722, "url": "https://www.iryou.teikyouseido.mhlw.go.jp/znk-web/juminkanja/S2430/initialize?prefCd=39&kikanCd=5395009020&kikanKbn=5", "url2": "http://nishinihonseims.co.jp/modules/auth/index.php/index.html", "内容": "ドラッグセイムス御座薬局【5:薬局】高知県高知市北御座４番３８号" }, "geometry": { "type": "Point", "coordinates": [ 133.561722, 33.56956 ] } },
{ "type": "Feature", "properties": { "ID": 3955395009030, "正式名称": "旭サテライト薬局　札場店", "機関区分": 5, "都道府県コード": 39, "市区町村コード": 201, "所在地": "高知県高知市札場１６ー３１　カトゥルセゾン札場１Ｆ西", "緯度": 33.563215, "経度": 133.561689, "url": "https://www.iryou.teikyouseido.mhlw.go.jp/znk-web/juminkanja/S2430/initialize?prefCd=39&kikanCd=5395009030&kikanKbn=5", "url2": null, "内容": "旭サテライト薬局　札場店【5:薬局】高知県高知市札場１６ー３１　カトゥルセゾン札場１Ｆ西" }, "geometry": { "type": "Point", "coordinates": [ 133.561689, 33.563215 ] } },
{ "type": "Feature", "properties": { "ID": 3955395009040, "正式名称": "よどや薬局高知高須店", "機関区分": 5, "都道府県コード": 39, "市区町村コード": 201, "所在地": "高知県高知市高須１－５－３０", "緯度": 33.557731, "経度": 133.581884, "url": "https://www.iryou.teikyouseido.mhlw.go.jp/znk-web/juminkanja/S2430/initialize?prefCd=39&kikanCd=5395009040&kikanKbn=5", "url2": "https://www.yodoyadrug.co.jp/", "内容": "よどや薬局高知高須店【5:薬局】高知県高知市高須１－５－３０" }, "geometry": { "type": "Point", "coordinates": [ 133.581884, 33.557731 ] } },
{ "type": "Feature", "properties": { "ID": 3955395009050, "正式名称": "よどや薬局高知朝倉店", "機関区分": 5, "都道府県コード": 39, "市区町村コード": 201, "所在地": "高知県高知市朝倉横町２３番８ー３号", "緯度": 33.540745, "経度": 133.496139, "url": "https://www.iryou.teikyouseido.mhlw.go.jp/znk-web/juminkanja/S2430/initialize?prefCd=39&kikanCd=5395009050&kikanKbn=5", "url2": "https://www.yodoyadrug.co.jp/", "内容": "よどや薬局高知朝倉店【5:薬局】高知県高知市朝倉横町２３番８ー３号" }, "geometry": { "type": "Point", "coordinates": [ 133.496139, 33.540745 ] } },
{ "type": "Feature", "properties": { "ID": 3955395009060, "正式名称": "よどや薬局南国大埇店", "機関区分": 5, "都道府県コード": 39, "市区町村コード": 204, "所在地": "高知県南国市大埇甲１８７４ー１", "緯度": 33.567743, "経度": 133.645662, "url": "https://www.iryou.teikyouseido.mhlw.go.jp/znk-web/juminkanja/S2430/initialize?prefCd=39&kikanCd=5395009060&kikanKbn=5", "url2": null, "内容": "よどや薬局南国大埇店【5:薬局】高知県南国市大埇甲１８７４ー１" }, "geometry": { "type": "Point", "coordinates": [ 133.645662, 33.567743 ] } },
{ "type": "Feature", "properties": { "ID": 3955395009180, "正式名称": "こころ薬局　追手筋店", "機関区分": 5, "都道府県コード": 39, "市区町村コード": 201, "所在地": "高知県高知市追手筋一丁目３番２１号", "緯度": 33.561533, "経度": 133.538173, "url": "https://www.iryou.teikyouseido.mhlw.go.jp/znk-web/juminkanja/S2430/initialize?prefCd=39&kikanCd=5395009180&kikanKbn=5", "url2": "https://phstr.co.jp/", "内容": "こころ薬局　追手筋店【5:薬局】高知県高知市追手筋一丁目３番２１号" }, "geometry": { "type": "Point", "coordinates": [ 133.538173, 33.561533 ] } },
{ "type": "Feature", "properties": { "ID": 3955395009190, "正式名称": "よどや薬局高知針木店", "機関区分": 5, "都道府県コード": 39, "市区町村コード": 201, "所在地": "高知県高知市針木北一丁目３番１０号", "緯度": 33.536555, "経度": 133.475753, "url": "https://www.iryou.teikyouseido.mhlw.go.jp/znk-web/juminkanja/S2430/initialize?prefCd=39&kikanCd=5395009190&kikanKbn=5", "url2": "https://www.yodoyadrug.co.jp/store-harigi.htm", "内容": "よどや薬局高知針木店【5:薬局】高知県高知市針木北一丁目３番１０号" }, "geometry": { "type": "Point", "coordinates": [ 133.475753, 33.536555 ] } },
{ "type": "Feature", "properties": { "ID": 3955395009210, "正式名称": "調剤薬局ツルハドラッグ南国中央店", "機関区分": 5, "都道府県コード": 39, "市区町村コード": 204, "所在地": "高知県南国市大埇甲２３１７番地１", "緯度": 33.575196, "経度": 133.640143, "url": "https://www.iryou.teikyouseido.mhlw.go.jp/znk-web/juminkanja/S2430/initialize?prefCd=39&kikanCd=5395009210&kikanKbn=5", "url2": "https://www.tsuruha.co.jp/", "内容": "調剤薬局ツルハドラッグ南国中央店【5:薬局】高知県南国市大埇甲２３１７番地１" }, "geometry": { "type": "Point", "coordinates": [ 133.640143, 33.575196 ] } },
{ "type": "Feature", "properties": { "ID": 3955395009220, "正式名称": "マック南国調剤薬局", "機関区分": 5, "都道府県コード": 39, "市区町村コード": 204, "所在地": "高知県南国市篠原１７０－１", "緯度": 33.569725, "経度": 133.635211, "url": "https://www.iryou.teikyouseido.mhlw.go.jp/znk-web/juminkanja/S2430/initialize?prefCd=39&kikanCd=5395009220&kikanKbn=5", "url2": "https://www.daiya-grp.co.jp/shoplist/detail.php?pcm=on&rtn=./index.php&ini=100", "内容": "マック南国調剤薬局【5:薬局】高知県南国市篠原１７０－１" }, "geometry": { "type": "Point", "coordinates": [ 133.635211, 33.569725 ] } },
{ "type": "Feature", "properties": { "ID": 3955395009230, "正式名称": "マック中村調剤薬局", "機関区分": 5, "都道府県コード": 39, "市区町村コード": 210, "所在地": "高知県四万十市具同５３９０番地", "緯度": 32.9801, "経度": 132.912343, "url": "https://www.iryou.teikyouseido.mhlw.go.jp/znk-web/juminkanja/S2430/initialize?prefCd=39&kikanCd=5395009230&kikanKbn=5", "url2": null, "内容": "マック中村調剤薬局【5:薬局】高知県四万十市具同５３９０番地" }, "geometry": { "type": "Point", "coordinates": [ 132.912343, 32.9801 ] } },
{ "type": "Feature", "properties": { "ID": 3955395009240, "正式名称": "よどや薬局土佐高岡店", "機関区分": 5, "都道府県コード": 39, "市区町村コード": 205, "所在地": "高知県土佐市高岡町乙３４０７", "緯度": 33.500812, "経度": 133.418713, "url": "https://www.iryou.teikyouseido.mhlw.go.jp/znk-web/juminkanja/S2430/initialize?prefCd=39&kikanCd=5395009240&kikanKbn=5", "url2": "https://www.yodoyadrug.co.jp/", "内容": "よどや薬局土佐高岡店【5:薬局】高知県土佐市高岡町乙３４０７" }, "geometry": { "type": "Point", "coordinates": [ 133.418713, 33.500812 ] } },
{ "type": "Feature", "properties": { "ID": 3955395009250, "正式名称": "よどや薬局高知福井店", "機関区分": 5, "都道府県コード": 39, "市区町村コード": 201, "所在地": "高知県高知市福井町７３８", "緯度": 33.567925, "経度": 133.513299, "url": "https://www.iryou.teikyouseido.mhlw.go.jp/znk-web/juminkanja/S2430/initialize?prefCd=39&kikanCd=5395009250&kikanKbn=5", "url2": "https://www.yodoyadrug.co.jp/store-fukui.htm", "内容": "よどや薬局高知福井店【5:薬局】高知県高知市福井町７３８" }, "geometry": { "type": "Point", "coordinates": [ 133.513299, 33.567925 ] } },
{ "type": "Feature", "properties": { "ID": 3955395009260, "正式名称": "元氣堂調剤薬局ほうえい店", "機関区分": 5, "都道府県コード": 39, "市区町村コード": 203, "所在地": "高知県安芸市宝永町８－２０", "緯度": 33.505615, "経度": 133.898095, "url": "https://www.iryou.teikyouseido.mhlw.go.jp/znk-web/juminkanja/S2430/initialize?prefCd=39&kikanCd=5395009260&kikanKbn=5", "url2": null, "内容": "元氣堂調剤薬局ほうえい店【5:薬局】高知県安芸市宝永町８－２０" }, "geometry": { "type": "Point", "coordinates": [ 133.898095, 33.505615 ] } },
{ "type": "Feature", "properties": { "ID": 3955395009270, "正式名称": "よどや薬局安芸駅前店", "機関区分": 5, "都道府県コード": 39, "市区町村コード": 203, "所在地": "高知県安芸市矢ノ丸３ー４ー３４", "緯度": 33.50217, "経度": 133.90643, "url": "https://www.iryou.teikyouseido.mhlw.go.jp/znk-web/juminkanja/S2430/initialize?prefCd=39&kikanCd=5395009270&kikanKbn=5", "url2": "https://www.yodoyadrug.co.jp/", "内容": "よどや薬局安芸駅前店【5:薬局】高知県安芸市矢ノ丸３ー４ー３４" }, "geometry": { "type": "Point", "coordinates": [ 133.90643, 33.50217 ] } },
{ "type": "Feature", "properties": { "ID": 3955395009280, "正式名称": "よどや薬局高知南万々店", "機関区分": 5, "都道府県コード": 39, "市区町村コード": 201, "所在地": "高知県高知市南万々８７ー１", "緯度": 33.560806, "経度": 133.5404, "url": "https://www.iryou.teikyouseido.mhlw.go.jp/znk-web/juminkanja/S2430/initialize?prefCd=39&kikanCd=5395009280&kikanKbn=5", "url2": "https://stores.welcia.co.jp/4718D", "内容": "よどや薬局高知南万々店【5:薬局】高知県高知市南万々８７ー１" }, "geometry": { "type": "Point", "coordinates": [ 133.5404, 33.560806 ] } },
{ "type": "Feature", "properties": { "ID": 3955395009290, "正式名称": "マック野市調剤薬局", "機関区分": 5, "都道府県コード": 39, "市区町村コード": 211, "所在地": "高知県香南市野市町西野２６４５番１", "緯度": 33.560869, "経度": 133.700597, "url": "https://www.iryou.teikyouseido.mhlw.go.jp/znk-web/juminkanja/S2430/initialize?prefCd=39&kikanCd=5395009290&kikanKbn=5", "url2": "http://www.dgs-mac.jp/", "内容": "マック野市調剤薬局【5:薬局】高知県香南市野市町西野２６４５番１" }, "geometry": { "type": "Point", "coordinates": [ 133.700597, 33.560869 ] } },
{ "type": "Feature", "properties": { "ID": 3955395009310, "正式名称": "よどや薬局高知比島店", "機関区分": 5, "都道府県コード": 39, "市区町村コード": 201, "所在地": "高知県高知市比島町１丁目１５番１３号", "緯度": 33.569097, "経度": 133.551448, "url": "https://www.iryou.teikyouseido.mhlw.go.jp/znk-web/juminkanja/S2430/initialize?prefCd=39&kikanCd=5395009310&kikanKbn=5", "url2": null, "内容": "よどや薬局高知比島店【5:薬局】高知県高知市比島町１丁目１５番１３号" }, "geometry": { "type": "Point", "coordinates": [ 133.551448, 33.569097 ] } },
{ "type": "Feature", "properties": { "ID": 3955395009320, "正式名称": "よどや薬局野市店", "機関区分": 5, "都道府県コード": 39, "市区町村コード": 211, "所在地": "高知県香南市野市町西野２２０２ー１", "緯度": 33.558567, "経度": 133.696075, "url": "https://www.iryou.teikyouseido.mhlw.go.jp/znk-web/juminkanja/S2430/initialize?prefCd=39&kikanCd=5395009320&kikanKbn=5", "url2": "https://www.yodoyadrug.co.jp/", "内容": "よどや薬局野市店【5:薬局】高知県香南市野市町西野２２０２ー１" }, "geometry": { "type": "Point", "coordinates": [ 133.696075, 33.558567 ] } },
{ "type": "Feature", "properties": { "ID": 3955395009340, "正式名称": "アイン薬局　愛宕店", "機関区分": 5, "都道府県コード": 39, "市区町村コード": 201, "所在地": "高知県高知市愛宕町一丁目１ー１４", "緯度": 33.565457, "経度": 133.537009, "url": "https://www.iryou.teikyouseido.mhlw.go.jp/znk-web/juminkanja/S2430/initialize?prefCd=39&kikanCd=5395009340&kikanKbn=5", "url2": "https://store.ainj.co.jp/detail/1101456/", "内容": "アイン薬局　愛宕店【5:薬局】高知県高知市愛宕町一丁目１ー１４" }, "geometry": { "type": "Point", "coordinates": [ 133.537009, 33.565457 ] } },
{ "type": "Feature", "properties": { "ID": 3955395009350, "正式名称": "フォレスト調剤薬局長浜店", "機関区分": 5, "都道府県コード": 39, "市区町村コード": 201, "所在地": "高知県高知市長浜４８２８－２", "緯度": 33.500109, "経度": 133.548472, "url": "https://www.iryou.teikyouseido.mhlw.go.jp/znk-web/juminkanja/S2430/initialize?prefCd=39&kikanCd=5395009350&kikanKbn=5", "url2": "https://www.forest-pharmacy.jp/", "内容": "フォレスト調剤薬局長浜店【5:薬局】高知県高知市長浜４８２８－２" }, "geometry": { "type": "Point", "coordinates": [ 133.548472, 33.500109 ] } },
{ "type": "Feature", "properties": { "ID": 3955395009370, "正式名称": "ペンギン堂薬局", "機関区分": 5, "都道府県コード": 39, "市区町村コード": 201, "所在地": "高知県高知市日の出町２－２０", "緯度": 33.560044, "経度": 133.555808, "url": "https://www.iryou.teikyouseido.mhlw.go.jp/znk-web/juminkanja/S2430/initialize?prefCd=39&kikanCd=5395009370&kikanKbn=5", "url2": null, "内容": "ペンギン堂薬局【5:薬局】高知県高知市日の出町２－２０" }, "geometry": { "type": "Point", "coordinates": [ 133.555808, 33.560044 ] } },
{ "type": "Feature", "properties": { "ID": 3955395009380, "正式名称": "マック竹島調剤薬局", "機関区分": 5, "都道府県コード": 39, "市区町村コード": 201, "所在地": "高知県高知市竹島町１５８－１", "緯度": 33.541674, "経度": 133.541347, "url": "https://www.iryou.teikyouseido.mhlw.go.jp/znk-web/juminkanja/S2430/initialize?prefCd=39&kikanCd=5395009380&kikanKbn=5", "url2": "https://www.daiya-grp.co.jp/service/macchozai/", "内容": "マック竹島調剤薬局【5:薬局】高知県高知市竹島町１５８－１" }, "geometry": { "type": "Point", "coordinates": [ 133.541347, 33.541674 ] } },
{ "type": "Feature", "properties": { "ID": 3955395009390, "正式名称": "調剤薬局ツルハドラッグ高知西店", "機関区分": 5, "都道府県コード": 39, "市区町村コード": 201, "所在地": "高知県高知市朝倉甲１３３番１", "緯度": 33.542089, "経度": 133.499472, "url": "https://www.iryou.teikyouseido.mhlw.go.jp/znk-web/juminkanja/S2430/initialize?prefCd=39&kikanCd=5395009390&kikanKbn=5", "url2": "https://www.tsuruha.co.jp", "内容": "調剤薬局ツルハドラッグ高知西店【5:薬局】高知県高知市朝倉甲１３３番１" }, "geometry": { "type": "Point", "coordinates": [ 133.499472, 33.542089 ] } },
{ "type": "Feature", "properties": { "ID": 3955395009400, "正式名称": "マック東雲調剤薬局", "機関区分": 5, "都道府県コード": 39, "市区町村コード": 201, "所在地": "高知県高知市東雲町３番２号", "緯度": 33.560078, "経度": 133.56141, "url": "https://www.iryou.teikyouseido.mhlw.go.jp/znk-web/juminkanja/S2430/initialize?prefCd=39&kikanCd=5395009400&kikanKbn=5", "url2": null, "内容": "マック東雲調剤薬局【5:薬局】高知県高知市東雲町３番２号" }, "geometry": { "type": "Point", "coordinates": [ 133.56141, 33.560078 ] } },
{ "type": "Feature", "properties": { "ID": 3955395009410, "正式名称": "調剤薬局　れお", "機関区分": 5, "都道府県コード": 39, "市区町村コード": 202, "所在地": "高知県室戸市領家８８－１", "緯度": 33.291397, "経度": 134.158735, "url": "https://www.iryou.teikyouseido.mhlw.go.jp/znk-web/juminkanja/S2430/initialize?prefCd=39&kikanCd=5395009410&kikanKbn=5", "url2": null, "内容": "調剤薬局　れお【5:薬局】高知県室戸市領家８８－１" }, "geometry": { "type": "Point", "coordinates": [ 134.158735, 33.291397 ] } },
{ "type": "Feature", "properties": { "ID": 3955395009430, "正式名称": "メディカル薬局　宇佐店", "機関区分": 5, "都道府県コード": 39, "市区町村コード": 205, "所在地": "高知県土佐市宇佐町宇佐４５５－１", "緯度": 33.4455, "経度": 133.436506, "url": "https://www.iryou.teikyouseido.mhlw.go.jp/znk-web/juminkanja/S2430/initialize?prefCd=39&kikanCd=5395009430&kikanKbn=5", "url2": "https://medicalchozai.com/", "内容": "メディカル薬局　宇佐店【5:薬局】高知県土佐市宇佐町宇佐４５５－１" }, "geometry": { "type": "Point", "coordinates": [ 133.436506, 33.4455 ] } },
{ "type": "Feature", "properties": { "ID": 3955395009440, "正式名称": "元氣堂調剤薬局とがの店", "機関区分": 5, "都道府県コード": 39, "市区町村コード": 402, "所在地": "高知県高岡郡佐川町中組６９番６", "緯度": 33.475719, "経度": 133.284738, "url": "https://www.iryou.teikyouseido.mhlw.go.jp/znk-web/juminkanja/S2430/initialize?prefCd=39&kikanCd=5395009440&kikanKbn=5", "url2": null, "内容": "元氣堂調剤薬局とがの店【5:薬局】高知県高岡郡佐川町中組６９番６" }, "geometry": { "type": "Point", "coordinates": [ 133.284738, 33.475719 ] } },
{ "type": "Feature", "properties": { "ID": 3955395009450, "正式名称": "サンタ薬局", "機関区分": 5, "都道府県コード": 39, "市区町村コード": 201, "所在地": "高知県高知市愛宕町", "緯度": 33.568719, "経度": 133.537138, "url": "https://www.iryou.teikyouseido.mhlw.go.jp/znk-web/juminkanja/S2430/initialize?prefCd=39&kikanCd=5395009450&kikanKbn=5", "url2": null, "内容": "サンタ薬局【5:薬局】高知県高知市愛宕町" }, "geometry": { "type": "Point", "coordinates": [ 133.537138, 33.568719 ] } },
{ "type": "Feature", "properties": { "ID": 3955395009460, "正式名称": "ドラッグセイムス潮江薬局", "機関区分": 5, "都道府県コード": 39, "市区町村コード": 201, "所在地": "高知県高知市北新田町１７ー１１", "緯度": 33.552204, "経度": 133.55342, "url": "https://www.iryou.teikyouseido.mhlw.go.jp/znk-web/juminkanja/S2430/initialize?prefCd=39&kikanCd=5395009460&kikanKbn=5", "url2": "http://nishinihonseims.co.jp/modules/auth/index.php/index.html", "内容": "ドラッグセイムス潮江薬局【5:薬局】高知県高知市北新田町１７ー１１" }, "geometry": { "type": "Point", "coordinates": [ 133.55342, 33.552204 ] } },
{ "type": "Feature", "properties": { "ID": 3955395009470, "正式名称": "マック横浜調剤薬局", "機関区分": 5, "都道府県コード": 39, "市区町村コード": 201, "所在地": "高知県高知市長浜９８６－３", "緯度": 33.511834, "経度": 133.537192, "url": "https://www.iryou.teikyouseido.mhlw.go.jp/znk-web/juminkanja/S2430/initialize?prefCd=39&kikanCd=5395009470&kikanKbn=5", "url2": "https://www.daiya-grp.co.jp/service/macchozai/", "内容": "マック横浜調剤薬局【5:薬局】高知県高知市長浜９８６－３" }, "geometry": { "type": "Point", "coordinates": [ 133.537192, 33.511834 ] } },
{ "type": "Feature", "properties": { "ID": 3955395009480, "正式名称": "ちより薬局", "機関区分": 5, "都道府県コード": 39, "市区町村コード": 201, "所在地": "高知県高知市知寄町１丁目５番１７号", "緯度": 33.55892, "経度": 133.556559, "url": "https://www.iryou.teikyouseido.mhlw.go.jp/znk-web/juminkanja/S2430/initialize?prefCd=39&kikanCd=5395009480&kikanKbn=5", "url2": "http://www.shikoku-dsp.co.jp/", "内容": "ちより薬局【5:薬局】高知県高知市知寄町１丁目５番１７号" }, "geometry": { "type": "Point", "coordinates": [ 133.556559, 33.55892 ] } },
{ "type": "Feature", "properties": { "ID": 3955395009490, "正式名称": "にしとさ薬局", "機関区分": 5, "都道府県コード": 39, "市区町村コード": 210, "所在地": "高知県四万十市西土佐用井１１１０ー２８", "緯度": 33.171577, "経度": 132.794489, "url": "https://www.iryou.teikyouseido.mhlw.go.jp/znk-web/juminkanja/S2430/initialize?prefCd=39&kikanCd=5395009490&kikanKbn=5", "url2": null, "内容": "にしとさ薬局【5:薬局】高知県四万十市西土佐用井１１１０ー２８" }, "geometry": { "type": "Point", "coordinates": [ 132.794489, 33.171577 ] } },
{ "type": "Feature", "properties": { "ID": 3955395009500, "正式名称": "ゆすはら薬局", "機関区分": 5, "都道府県コード": 39, "市区町村コード": 405, "所在地": "高知県高岡郡檮原町川西路２３０８番地", "緯度": 33.392588, "経度": 132.924318, "url": "https://www.iryou.teikyouseido.mhlw.go.jp/znk-web/juminkanja/S2430/initialize?prefCd=39&kikanCd=5395009500&kikanKbn=5", "url2": "https://www.marinegroup.jp/detail/%E3%82%86%E3%81%99%E3%81%AF%E3%82%89%E8%96%AC%E5%B1%80/", "内容": "ゆすはら薬局【5:薬局】高知県高岡郡檮原町川西路２３０８番地" }, "geometry": { "type": "Point", "coordinates": [ 132.924318, 33.392588 ] } },
{ "type": "Feature", "properties": { "ID": 3955395009510, "正式名称": "とおわ薬局", "機関区分": 5, "都道府県コード": 39, "市区町村コード": 412, "所在地": "高知県高岡郡四万十町昭和４７２番地３", "緯度": 33.218495, "経度": 132.897452, "url": "https://www.iryou.teikyouseido.mhlw.go.jp/znk-web/juminkanja/S2430/initialize?prefCd=39&kikanCd=5395009510&kikanKbn=5", "url2": null, "内容": "とおわ薬局【5:薬局】高知県高岡郡四万十町昭和４７２番地３" }, "geometry": { "type": "Point", "coordinates": [ 132.897452, 33.218495 ] } },
{ "type": "Feature", "properties": { "ID": 3955395009520, "正式名称": "金子漢方薬局", "機関区分": 5, "都道府県コード": 39, "市区町村コード": 201, "所在地": "高知県高知市桜井町１−５−３３", "緯度": 33.561243, "経度": 133.547963, "url": "https://www.iryou.teikyouseido.mhlw.go.jp/znk-web/juminkanja/S2430/initialize?prefCd=39&kikanCd=5395009520&kikanKbn=5", "url2": "https://kaneco-pharmacy.com/", "内容": "金子漢方薬局【5:薬局】高知県高知市桜井町１−５−３３" }, "geometry": { "type": "Point", "coordinates": [ 133.547963, 33.561243 ] } },
{ "type": "Feature", "properties": { "ID": 3955395009530, "正式名称": "マック須崎調剤薬局", "機関区分": 5, "都道府県コード": 39, "市区町村コード": 206, "所在地": "高知県須崎市西崎町６番１５号", "緯度": 33.41228, "経度": 133.291654, "url": "https://www.iryou.teikyouseido.mhlw.go.jp/znk-web/juminkanja/S2430/initialize?prefCd=39&kikanCd=5395009530&kikanKbn=5", "url2": null, "内容": "マック須崎調剤薬局【5:薬局】高知県須崎市西崎町６番１５号" }, "geometry": { "type": "Point", "coordinates": [ 133.291654, 33.41228 ] } },
{ "type": "Feature", "properties": { "ID": 3955395009540, "正式名称": "さわやか薬局", "機関区分": 5, "都道府県コード": 39, "市区町村コード": 208, "所在地": "高知県宿毛市平田町戸内１７５３", "緯度": 32.955746, "経度": 132.796549, "url": "https://www.iryou.teikyouseido.mhlw.go.jp/znk-web/juminkanja/S2430/initialize?prefCd=39&kikanCd=5395009540&kikanKbn=5", "url2": null, "内容": "さわやか薬局【5:薬局】高知県宿毛市平田町戸内１７５３" }, "geometry": { "type": "Point", "coordinates": [ 132.796549, 32.955746 ] } },
{ "type": "Feature", "properties": { "ID": 3955395009560, "正式名称": "よどや薬局　四万十渡川店", "機関区分": 5, "都道府県コード": 39, "市区町村コード": 210, "所在地": "高知県四万十市渡川３－１－６", "緯度": 32.987659, "経度": 132.924132, "url": "https://www.iryou.teikyouseido.mhlw.go.jp/znk-web/juminkanja/S2430/initialize?prefCd=39&kikanCd=5395009560&kikanKbn=5", "url2": "https://www.yodoyadrug.co.jp/index.html", "内容": "よどや薬局　四万十渡川店【5:薬局】高知県四万十市渡川３－１－６" }, "geometry": { "type": "Point", "coordinates": [ 132.924132, 32.987659 ] } },
{ "type": "Feature", "properties": { "ID": 3955395009570, "正式名称": "マック高須調剤薬局", "機関区分": 5, "都道府県コード": 39, "市区町村コード": 201, "所在地": "高知県高知市高須東町６－３", "緯度": 33.558931, "経度": 133.592116, "url": "https://www.iryou.teikyouseido.mhlw.go.jp/znk-web/juminkanja/S2430/initialize?prefCd=39&kikanCd=5395009570&kikanKbn=5", "url2": null, "内容": "マック高須調剤薬局【5:薬局】高知県高知市高須東町６－３" }, "geometry": { "type": "Point", "coordinates": [ 133.592116, 33.558931 ] } },
{ "type": "Feature", "properties": { "ID": 3955395009580, "正式名称": "メディカル薬局うぐるす店", "機関区分": 5, "都道府県コード": 39, "市区町村コード": 201, "所在地": "高知県高知市鵜来巣１１－３８－１０", "緯度": 33.540809, "経度": 133.48377, "url": "https://www.iryou.teikyouseido.mhlw.go.jp/znk-web/juminkanja/S2430/initialize?prefCd=39&kikanCd=5395009580&kikanKbn=5", "url2": "http://www.shikoku-dsp.co.jp/", "内容": "メディカル薬局うぐるす店【5:薬局】高知県高知市鵜来巣１１－３８－１０" }, "geometry": { "type": "Point", "coordinates": [ 133.48377, 33.540809 ] } },
{ "type": "Feature", "properties": { "ID": 3955395009590, "正式名称": "有限会社　ベル企画　ベル薬局　吉田店", "機関区分": 5, "都道府県コード": 39, "市区町村コード": 201, "所在地": "高知県高知市吉田町２番６号", "緯度": 33.571189, "経度": 133.534174, "url": "https://www.iryou.teikyouseido.mhlw.go.jp/znk-web/juminkanja/S2430/initialize?prefCd=39&kikanCd=5395009590&kikanKbn=5", "url2": "https://www.belle-ph.com/", "内容": "有限会社　ベル企画　ベル薬局　吉田店【5:薬局】高知県高知市吉田町２番６号" }, "geometry": { "type": "Point", "coordinates": [ 133.534174, 33.571189 ] } },
{ "type": "Feature", "properties": { "ID": 3955395009600, "正式名称": "武田金草堂薬局", "機関区分": 5, "都道府県コード": 39, "市区町村コード": 412, "所在地": "高知県高岡郡四万十町北琴平町１－５", "緯度": 33.212808, "経度": 133.136555, "url": "https://www.iryou.teikyouseido.mhlw.go.jp/znk-web/juminkanja/S2430/initialize?prefCd=39&kikanCd=5395009600&kikanKbn=5", "url2": null, "内容": "武田金草堂薬局【5:薬局】高知県高岡郡四万十町北琴平町１－５" }, "geometry": { "type": "Point", "coordinates": [ 133.136555, 33.212808 ] } },
{ "type": "Feature", "properties": { "ID": 3955395009670, "正式名称": "よどや薬局高知土佐道路店", "機関区分": 5, "都道府県コード": 39, "市区町村コード": 201, "所在地": "高知県高知市朝倉甲４９３－１", "緯度": 33.540609, "経度": 133.493536, "url": "https://www.iryou.teikyouseido.mhlw.go.jp/znk-web/juminkanja/S2430/initialize?prefCd=39&kikanCd=5395009670&kikanKbn=5", "url2": "https://store.welcia.co.jp/welcia/spot/detail?code=4724D", "内容": "よどや薬局高知土佐道路店【5:薬局】高知県高知市朝倉甲４９３－１" }, "geometry": { "type": "Point", "coordinates": [ 133.493536, 33.540609 ] } },
{ "type": "Feature", "properties": { "ID": 3955395009680, "正式名称": "アイン薬局　ＪＡ高知病院前店", "機関区分": 5, "都道府県コード": 39, "市区町村コード": 204, "所在地": "高知県南国市明見５３８－６", "緯度": 33.569556, "経度": 133.622401, "url": "https://www.iryou.teikyouseido.mhlw.go.jp/znk-web/juminkanja/S2430/initialize?prefCd=39&kikanCd=5395009680&kikanKbn=5", "url2": "http://www.ainj.co.jp", "内容": "アイン薬局　ＪＡ高知病院前店【5:薬局】高知県南国市明見５３８－６" }, "geometry": { "type": "Point", "coordinates": [ 133.622401, 33.569556 ] } },
{ "type": "Feature", "properties": { "ID": 3955395009720, "正式名称": "西田順天堂薬局　日章店", "機関区分": 5, "都道府県コード": 39, "市区町村コード": 204, "所在地": "高知県南国市田村乙２０４０－３", "緯度": 33.574377, "経度": 133.647498, "url": "https://www.iryou.teikyouseido.mhlw.go.jp/znk-web/juminkanja/S2430/initialize?prefCd=39&kikanCd=5395009720&kikanKbn=5", "url2": "https://www.nishida-ph.net", "内容": "西田順天堂薬局　日章店【5:薬局】高知県南国市田村乙２０４０－３" }, "geometry": { "type": "Point", "coordinates": [ 133.647498, 33.574377 ] } },
{ "type": "Feature", "properties": { "ID": 3955395009740, "正式名称": "なの花薬局高知鴨部店", "機関区分": 5, "都道府県コード": 39, "市区町村コード": 201, "所在地": "高知県高知市鴨部上町７－７", "緯度": 33.550726, "経度": 133.498712, "url": "https://www.iryou.teikyouseido.mhlw.go.jp/znk-web/juminkanja/S2430/initialize?prefCd=39&kikanCd=5395009740&kikanKbn=5", "url2": "https://www.nanohana-ph.jp/shop/chugoku-shikoku/kochi/kochi/kochikamobe.php", "内容": "なの花薬局高知鴨部店【5:薬局】高知県高知市鴨部上町７－７" }, "geometry": { "type": "Point", "coordinates": [ 133.498712, 33.550726 ] } },
{ "type": "Feature", "properties": { "ID": 3955395009770, "正式名称": "マックごめん調剤薬局", "機関区分": 5, "都道府県コード": 39, "市区町村コード": 204, "所在地": "高知県南国市大そね甲７５１－１", "緯度": 33.57336, "経度": 133.654523, "url": "https://www.iryou.teikyouseido.mhlw.go.jp/znk-web/juminkanja/S2430/initialize?prefCd=39&kikanCd=5395009770&kikanKbn=5", "url2": null, "内容": "マックごめん調剤薬局【5:薬局】高知県南国市大そね甲７５１－１" }, "geometry": { "type": "Point", "coordinates": [ 133.654523, 33.57336 ] } },
{ "type": "Feature", "properties": { "ID": 3955395009780, "正式名称": "すみれ薬局くろしお店", "機関区分": 5, "都道府県コード": 39, "市区町村コード": 428, "所在地": "高知県幡多郡黒潮町入野５５８－１", "緯度": 33.018613, "経度": 133.000953, "url": "https://www.iryou.teikyouseido.mhlw.go.jp/znk-web/juminkanja/S2430/initialize?prefCd=39&kikanCd=5395009780&kikanKbn=5", "url2": null, "内容": "すみれ薬局くろしお店【5:薬局】高知県幡多郡黒潮町入野５５８－１" }, "geometry": { "type": "Point", "coordinates": [ 133.000953, 33.018613 ] } },
{ "type": "Feature", "properties": { "ID": 3955395009790, "正式名称": "よどや薬局高知神田店", "機関区分": 5, "都道府県コード": 39, "市区町村コード": 201, "所在地": "高知県高知市神田１２０４ー１", "緯度": 33.541614, "経度": 133.511301, "url": "https://www.iryou.teikyouseido.mhlw.go.jp/znk-web/juminkanja/S2430/initialize?prefCd=39&kikanCd=5395009790&kikanKbn=5", "url2": "https://www.yodoyadrug.co.jp/privacy.html", "内容": "よどや薬局高知神田店【5:薬局】高知県高知市神田１２０４ー１" }, "geometry": { "type": "Point", "coordinates": [ 133.511301, 33.541614 ] } },
{ "type": "Feature", "properties": { "ID": 3955395009800, "正式名称": "ドラッグセイムス高知宝永薬局", "機関区分": 5, "都道府県コード": 39, "市区町村コード": 201, "所在地": "高知県高知市宝永町７－３３", "緯度": 33.561566, "経度": 133.554452, "url": "https://www.iryou.teikyouseido.mhlw.go.jp/znk-web/juminkanja/S2430/initialize?prefCd=39&kikanCd=5395009800&kikanKbn=5", "url2": null, "内容": "ドラッグセイムス高知宝永薬局【5:薬局】高知県高知市宝永町７－３３" }, "geometry": { "type": "Point", "coordinates": [ 133.554452, 33.561566 ] } },
{ "type": "Feature", "properties": { "ID": 3955395009810, "正式名称": "よどや薬局高知潮江店", "機関区分": 5, "都道府県コード": 39, "市区町村コード": 201, "所在地": "高知県高知市潮新町１７－２０", "緯度": 33.549264, "経度": 133.551003, "url": "https://www.iryou.teikyouseido.mhlw.go.jp/znk-web/juminkanja/S2430/initialize?prefCd=39&kikanCd=5395009810&kikanKbn=5", "url2": null, "内容": "よどや薬局高知潮江店【5:薬局】高知県高知市潮新町１７－２０" }, "geometry": { "type": "Point", "coordinates": [ 133.551003, 33.549264 ] } },
{ "type": "Feature", "properties": { "ID": 3955395009820, "正式名称": "あじさい薬局　横浜新町店", "機関区分": 5, "都道府県コード": 39, "市区町村コード": 201, "所在地": "高知県高知市横浜新町４－２２１０", "緯度": 33.515818, "経度": 133.535741, "url": "https://www.iryou.teikyouseido.mhlw.go.jp/znk-web/juminkanja/S2430/initialize?prefCd=39&kikanCd=5395009820&kikanKbn=5", "url2": "https://www.drug-kuroshio.co.jp/index.html", "内容": "あじさい薬局　横浜新町店【5:薬局】高知県高知市横浜新町４－２２１０" }, "geometry": { "type": "Point", "coordinates": [ 133.535741, 33.515818 ] } },
{ "type": "Feature", "properties": { "ID": 3955395009830, "正式名称": "ブロード調剤薬局　城見店", "機関区分": 5, "都道府県コード": 39, "市区町村コード": 201, "所在地": "高知県高知市城見町３－２７", "緯度": 33.559503, "経度": 133.551438, "url": "https://www.iryou.teikyouseido.mhlw.go.jp/znk-web/juminkanja/S2430/initialize?prefCd=39&kikanCd=5395009830&kikanKbn=5", "url2": "https://www.shikoku-dsp.co.jp/", "内容": "ブロード調剤薬局　城見店【5:薬局】高知県高知市城見町３－２７" }, "geometry": { "type": "Point", "coordinates": [ 133.551438, 33.559503 ] } },
{ "type": "Feature", "properties": { "ID": 3955395009840, "正式名称": "京町薬局", "機関区分": 5, "都道府県コード": 39, "市区町村コード": 210, "所在地": "高知県四万十市中村一条通１丁目３９番", "緯度": 32.992972, "経度": 132.934792, "url": "https://www.iryou.teikyouseido.mhlw.go.jp/znk-web/juminkanja/S2430/initialize?prefCd=39&kikanCd=5395009840&kikanKbn=5", "url2": "https://sumire-pharmacy.com/stores/", "内容": "京町薬局【5:薬局】高知県四万十市中村一条通１丁目３９番" }, "geometry": { "type": "Point", "coordinates": [ 132.934792, 32.992972 ] } },
{ "type": "Feature", "properties": { "ID": 3955395009850, "正式名称": "きりん調剤薬局介良店", "機関区分": 5, "都道府県コード": 39, "市区町村コード": 201, "所在地": "高知県高知市介良字北江田乙１０４４番地９", "緯度": 33.564297, "経度": 133.6142, "url": "https://www.iryou.teikyouseido.mhlw.go.jp/znk-web/juminkanja/S2430/initialize?prefCd=39&kikanCd=5395009850&kikanKbn=5", "url2": null, "内容": "きりん調剤薬局介良店【5:薬局】高知県高知市介良字北江田乙１０４４番地９" }, "geometry": { "type": "Point", "coordinates": [ 133.6142, 33.564297 ] } },
{ "type": "Feature", "properties": { "ID": 3955395009860, "正式名称": "つちばし薬局　あぞの店", "機関区分": 5, "都道府県コード": 39, "市区町村コード": 201, "所在地": "高知県高知市薊野東町１－５０", "緯度": 33.580644, "経度": 133.561831, "url": "https://www.iryou.teikyouseido.mhlw.go.jp/znk-web/juminkanja/S2430/initialize?prefCd=39&kikanCd=5395009860&kikanKbn=5", "url2": "http://www.tsuchibashi.co.jp/", "内容": "つちばし薬局　あぞの店【5:薬局】高知県高知市薊野東町１－５０" }, "geometry": { "type": "Point", "coordinates": [ 133.561831, 33.580644 ] } },
{ "type": "Feature", "properties": { "ID": 3955395009870, "正式名称": "マック黒潮調剤薬局", "機関区分": 5, "都道府県コード": 39, "市区町村コード": 428, "所在地": "高知県幡多郡黒潮町入野１９８１番地１", "緯度": 33.025961, "経度": 133.00962, "url": "https://www.iryou.teikyouseido.mhlw.go.jp/znk-web/juminkanja/S2430/initialize?prefCd=39&kikanCd=5395009870&kikanKbn=5", "url2": null, "内容": "マック黒潮調剤薬局【5:薬局】高知県幡多郡黒潮町入野１９８１番地１" }, "geometry": { "type": "Point", "coordinates": [ 133.00962, 33.025961 ] } },
{ "type": "Feature", "properties": { "ID": 3955395009890, "正式名称": "旭サテライト薬局　大津店", "機関区分": 5, "都道府県コード": 39, "市区町村コード": 201, "所在地": "高知県高知市大津乙５１７－２", "緯度": 33.559824, "経度": 133.585343, "url": "https://www.iryou.teikyouseido.mhlw.go.jp/znk-web/juminkanja/S2430/initialize?prefCd=39&kikanCd=5395009890&kikanKbn=5", "url2": null, "内容": "旭サテライト薬局　大津店【5:薬局】高知県高知市大津乙５１７－２" }, "geometry": { "type": "Point", "coordinates": [ 133.585343, 33.559824 ] } },
{ "type": "Feature", "properties": { "ID": 3955395009900, "正式名称": "くろしお薬局ござ店", "機関区分": 5, "都道府県コード": 39, "市区町村コード": 201, "所在地": "高知県高知市南御座３－２９", "緯度": 33.565104, "経度": 133.563073, "url": "https://www.iryou.teikyouseido.mhlw.go.jp/znk-web/juminkanja/S2430/initialize?prefCd=39&kikanCd=5395009900&kikanKbn=5", "url2": null, "内容": "くろしお薬局ござ店【5:薬局】高知県高知市南御座３－２９" }, "geometry": { "type": "Point", "coordinates": [ 133.563073, 33.565104 ] } },
{ "type": "Feature", "properties": { "ID": 3955395009910, "正式名称": "ひまわり薬局　高知店", "機関区分": 5, "都道府県コード": 39, "市区町村コード": 201, "所在地": "高知県高知市西町１０９番", "緯度": 33.559659, "経度": 133.522137, "url": "https://www.iryou.teikyouseido.mhlw.go.jp/znk-web/juminkanja/S2430/initialize?prefCd=39&kikanCd=5395009910&kikanKbn=5", "url2": "https://ship-ph.co.jp/", "内容": "ひまわり薬局　高知店【5:薬局】高知県高知市西町１０９番" }, "geometry": { "type": "Point", "coordinates": [ 133.522137, 33.559659 ] } },
{ "type": "Feature", "properties": { "ID": 3955395009920, "正式名称": "ブルークロス調剤薬局　上町店", "機関区分": 5, "都道府県コード": 39, "市区町村コード": 201, "所在地": "高知県高知市上町１－４－３２　中平ビル西館　１階", "緯度": 33.5569, "経度": 133.526867, "url": "https://www.iryou.teikyouseido.mhlw.go.jp/znk-web/juminkanja/S2430/initialize?prefCd=39&kikanCd=5395009920&kikanKbn=5", "url2": "http://www.bluecross.co.jp/", "内容": "ブルークロス調剤薬局　上町店【5:薬局】高知県高知市上町１－４－３２　中平ビル西館　１階" }, "geometry": { "type": "Point", "coordinates": [ 133.526867, 33.5569 ] } },
{ "type": "Feature", "properties": { "ID": 3955395009930, "正式名称": "あおき薬局", "機関区分": 5, "都道府県コード": 39, "市区町村コード": 201, "所在地": "高知県高知市鷹匠町１丁目１－９", "緯度": 33.556336, "経度": 133.537018, "url": "https://www.iryou.teikyouseido.mhlw.go.jp/znk-web/juminkanja/S2430/initialize?prefCd=39&kikanCd=5395009930&kikanKbn=5", "url2": "https://www.shikoku-dsp.co.jp/", "内容": "あおき薬局【5:薬局】高知県高知市鷹匠町１丁目１－９" }, "geometry": { "type": "Point", "coordinates": [ 133.537018, 33.556336 ] } },
{ "type": "Feature", "properties": { "ID": 3955395009960, "正式名称": "ブロード調剤　あっぷる薬局", "機関区分": 5, "都道府県コード": 39, "市区町村コード": 201, "所在地": "高知県高知市葛島１丁目１０番７５号", "緯度": 33.558562, "経度": 133.572498, "url": "https://www.iryou.teikyouseido.mhlw.go.jp/znk-web/juminkanja/S2430/initialize?prefCd=39&kikanCd=5395009960&kikanKbn=5", "url2": "https://www.shikoku-dsp.co.jp/", "内容": "ブロード調剤　あっぷる薬局【5:薬局】高知県高知市葛島１丁目１０番７５号" }, "geometry": { "type": "Point", "coordinates": [ 133.572498, 33.558562 ] } },
{ "type": "Feature", "properties": { "ID": 3955395009980, "正式名称": "マック河ノ瀬調剤薬局", "機関区分": 5, "都道府県コード": 39, "市区町村コード": 201, "所在地": "高知県高知市南河ノ瀬町２０１番地１", "緯度": 33.548947, "経度": 133.523114, "url": "https://www.iryou.teikyouseido.mhlw.go.jp/znk-web/juminkanja/S2430/initialize?prefCd=39&kikanCd=5395009980&kikanKbn=5", "url2": null, "内容": "マック河ノ瀬調剤薬局【5:薬局】高知県高知市南河ノ瀬町２０１番地１" }, "geometry": { "type": "Point", "coordinates": [ 133.523114, 33.548947 ] } },
{ "type": "Feature", "properties": { "ID": 3955395009990, "正式名称": "メディカル薬局清水店", "機関区分": 5, "都道府県コード": 39, "市区町村コード": 209, "所在地": "高知県土佐清水市幸町４－１ニューヴァレ―マンション１Ｆ", "緯度": 32.780237, "経度": 132.95352, "url": "https://www.iryou.teikyouseido.mhlw.go.jp/znk-web/juminkanja/S2430/initialize?prefCd=39&kikanCd=5395009990&kikanKbn=5", "url2": "https://medicalchozai.jp/", "内容": "メディカル薬局清水店【5:薬局】高知県土佐清水市幸町４－１ニューヴァレ―マンション１Ｆ" }, "geometry": { "type": "Point", "coordinates": [ 132.95352, 32.780237 ] } },
{ "type": "Feature", "properties": { "ID": 3955395010000, "正式名称": "よどや薬局　須崎大間東店", "機関区分": 5, "都道府県コード": 39, "市区町村コード": 206, "所在地": "高知県須崎市大間東町４－３７", "緯度": 33.407818, "経度": 133.287163, "url": "https://www.iryou.teikyouseido.mhlw.go.jp/znk-web/juminkanja/S2430/initialize?prefCd=39&kikanCd=5395010000&kikanKbn=5", "url2": null, "内容": "よどや薬局　須崎大間東店【5:薬局】高知県須崎市大間東町４－３７" }, "geometry": { "type": "Point", "coordinates": [ 133.287163, 33.407818 ] } },
{ "type": "Feature", "properties": { "ID": 3955395010020, "正式名称": "ブロード調剤薬局野市店", "機関区分": 5, "都道府県コード": 39, "市区町村コード": 211, "所在地": "高知県香南市野市町東野３２２－１", "緯度": 33.563517, "経度": 133.713997, "url": "https://www.iryou.teikyouseido.mhlw.go.jp/znk-web/juminkanja/S2430/initialize?prefCd=39&kikanCd=5395010020&kikanKbn=5", "url2": null, "内容": "ブロード調剤薬局野市店【5:薬局】高知県香南市野市町東野３２２－１" }, "geometry": { "type": "Point", "coordinates": [ 133.713997, 33.563517 ] } }
]
}
