{
"type": "FeatureCollection",
"name": "geo_39_3",
"crs": { "type": "name", "properties": { "name": "urn:ogc:def:crs:OGC:1.3:CRS84" } },
"features": [
{ "type": "Feature", "properties": { "ID": "3933390000000", "正式名称": "高知県歯科医師会歯科保健センター", "機関区分": 3, "都道府県コード": 39, "市区町村コード": 201, "所在地": "高知県高知市丸ノ内", "緯度": 33.559916, "経度": 133.528072, "url": "https://www.iryou.teikyouseido.mhlw.go.jp/znk-web/juminkanja/S2430/initialize?prefCd=39&kikanCd=3390000000&kikanKbn=3", "url2": null, "内容": "高知県歯科医師会歯科保健センター【3:歯科】高知県高知市丸ノ内" }, "geometry": { "type": "Point", "coordinates": [ 133.528072, 33.559916 ] } },
{ "type": "Feature", "properties": { "ID": "3933393100430", "正式名称": "プランタン歯科", "機関区分": 3, "都道府県コード": 39, "市区町村コード": 201, "所在地": "高知県高知市追手筋１－８－５プランタンビル１Ｆ", "緯度": 33.56142, "経度": 133.539617, "url": "https://www.iryou.teikyouseido.mhlw.go.jp/znk-web/juminkanja/S2430/initialize?prefCd=39&kikanCd=3393100430&kikanKbn=3", "url2": null, "内容": "プランタン歯科【3:歯科】高知県高知市追手筋１－８－５プランタンビル１Ｆ" }, "geometry": { "type": "Point", "coordinates": [ 133.539617, 33.56142 ] } },
{ "type": "Feature", "properties": { "ID": "3933393100560", "正式名称": "平岡歯科医院", "機関区分": 3, "都道府県コード": 39, "市区町村コード": 201, "所在地": "高知県高知市長浜５７５５－２", "緯度": 33.491359, "経度": 133.549657, "url": "https://www.iryou.teikyouseido.mhlw.go.jp/znk-web/juminkanja/S2430/initialize?prefCd=39&kikanCd=3393100560&kikanKbn=3", "url2": null, "内容": "平岡歯科医院【3:歯科】高知県高知市長浜５７５５－２" }, "geometry": { "type": "Point", "coordinates": [ 133.549657, 33.491359 ] } },
{ "type": "Feature", "properties": { "ID": "3933393100690", "正式名称": "本町モリモト歯科", "機関区分": 3, "都道府県コード": 39, "市区町村コード": 201, "所在地": "高知県高知市本町３－３－３０", "緯度": 33.557868, "経度": 133.534509, "url": "https://www.iryou.teikyouseido.mhlw.go.jp/znk-web/juminkanja/S2430/initialize?prefCd=39&kikanCd=3393100690&kikanKbn=3", "url2": null, "内容": "本町モリモト歯科【3:歯科】高知県高知市本町３－３－３０" }, "geometry": { "type": "Point", "coordinates": [ 133.534509, 33.557868 ] } },
{ "type": "Feature", "properties": { "ID": "3933393100980", "正式名称": "みやもと歯科", "機関区分": 3, "都道府県コード": 39, "市区町村コード": 201, "所在地": "高知県高知市上町４丁目５番２２号", "緯度": 33.557104, "経度": 133.520049, "url": "https://www.iryou.teikyouseido.mhlw.go.jp/znk-web/juminkanja/S2430/initialize?prefCd=39&kikanCd=3393100980&kikanKbn=3", "url2": null, "内容": "みやもと歯科【3:歯科】高知県高知市上町４丁目５番２２号" }, "geometry": { "type": "Point", "coordinates": [ 133.520049, 33.557104 ] } },
{ "type": "Feature", "properties": { "ID": "3933393101020", "正式名称": "みさと歯科", "機関区分": 3, "都道府県コード": 39, "市区町村コード": 201, "所在地": "高知県高知市仁井田１６２０－１２", "緯度": 33.513034, "経度": 133.573065, "url": "https://www.iryou.teikyouseido.mhlw.go.jp/znk-web/juminkanja/S2430/initialize?prefCd=39&kikanCd=3393101020&kikanKbn=3", "url2": "https://misatoshika-kochi.com/", "内容": "みさと歯科【3:歯科】高知県高知市仁井田１６２０－１２" }, "geometry": { "type": "Point", "coordinates": [ 133.573065, 33.513034 ] } },
{ "type": "Feature", "properties": { "ID": "3933393101150", "正式名称": "三木歯科クリニック", "機関区分": 3, "都道府県コード": 39, "市区町村コード": 201, "所在地": "高知県高知市長浜６３１－１", "緯度": 33.500436, "経度": 133.545799, "url": "https://www.iryou.teikyouseido.mhlw.go.jp/znk-web/juminkanja/S2430/initialize?prefCd=39&kikanCd=3393101150&kikanKbn=3", "url2": null, "内容": "三木歯科クリニック【3:歯科】高知県高知市長浜６３１－１" }, "geometry": { "type": "Point", "coordinates": [ 133.545799, 33.500436 ] } },
{ "type": "Feature", "properties": { "ID": "3933393101280", "正式名称": "にしむら歯科", "機関区分": 3, "都道府県コード": 39, "市区町村コード": 201, "所在地": "高知県高知市稲荷町", "緯度": 33.555833, "経度": 133.559023, "url": "https://www.iryou.teikyouseido.mhlw.go.jp/znk-web/juminkanja/S2430/initialize?prefCd=39&kikanCd=3393101280&kikanKbn=3", "url2": "http://www.nishimura-dental.com/", "内容": "にしむら歯科【3:歯科】高知県高知市稲荷町" }, "geometry": { "type": "Point", "coordinates": [ 133.559023, 33.555833 ] } },
{ "type": "Feature", "properties": { "ID": "3933393101310", "正式名称": "山田デンタルオフィス", "機関区分": 3, "都道府県コード": 39, "市区町村コード": 201, "所在地": "高知県高知市仁井田２２３６－１４", "緯度": 33.518983, "経度": 133.57342, "url": "https://www.iryou.teikyouseido.mhlw.go.jp/znk-web/juminkanja/S2430/initialize?prefCd=39&kikanCd=3393101310&kikanKbn=3", "url2": null, "内容": "山田デンタルオフィス【3:歯科】高知県高知市仁井田２２３６－１４" }, "geometry": { "type": "Point", "coordinates": [ 133.57342, 33.518983 ] } },
{ "type": "Feature", "properties": { "ID": "3933393101440", "正式名称": "畠中歯科クリニック", "機関区分": 3, "都道府県コード": 39, "市区町村コード": 201, "所在地": "高知県高知市追手筋１丁目９番２２号　高知メディカルプラザ３Ｆ", "緯度": 33.561318, "経度": 133.538111, "url": "https://www.iryou.teikyouseido.mhlw.go.jp/znk-web/juminkanja/S2430/initialize?prefCd=39&kikanCd=3393101440&kikanKbn=3", "url2": null, "内容": "畠中歯科クリニック【3:歯科】高知県高知市追手筋１丁目９番２２号　高知メディカルプラザ３Ｆ" }, "geometry": { "type": "Point", "coordinates": [ 133.538111, 33.561318 ] } },
{ "type": "Feature", "properties": { "ID": "3933393101570", "正式名称": "川崎歯科", "機関区分": 3, "都道府県コード": 39, "市区町村コード": 201, "所在地": "高知県高知市永国寺町１－１８上杉ビル１階", "緯度": 33.562956, "経度": 133.53547, "url": "https://www.iryou.teikyouseido.mhlw.go.jp/znk-web/juminkanja/S2430/initialize?prefCd=39&kikanCd=3393101570&kikanKbn=3", "url2": null, "内容": "川崎歯科【3:歯科】高知県高知市永国寺町１－１８上杉ビル１階" }, "geometry": { "type": "Point", "coordinates": [ 133.53547, 33.562956 ] } },
{ "type": "Feature", "properties": { "ID": "3933393101600", "正式名称": "よしもと歯科", "機関区分": 3, "都道府県コード": 39, "市区町村コード": 201, "所在地": "高知県高知市竹島町１３－１　うしおえメディカルビル・イーア３Ｆ", "緯度": 33.542832, "経度": 133.542547, "url": "https://www.iryou.teikyouseido.mhlw.go.jp/znk-web/juminkanja/S2430/initialize?prefCd=39&kikanCd=3393101600&kikanKbn=3", "url2": null, "内容": "よしもと歯科【3:歯科】高知県高知市竹島町１３－１　うしおえメディカルビル・イーア３Ｆ" }, "geometry": { "type": "Point", "coordinates": [ 133.542547, 33.542832 ] } },
{ "type": "Feature", "properties": { "ID": "3933393101840", "正式名称": "さかもと歯科", "機関区分": 3, "都道府県コード": 39, "市区町村コード": 201, "所在地": "高知県高知市神田６２５－９", "緯度": 33.547435, "経度": 133.514372, "url": "https://www.iryou.teikyouseido.mhlw.go.jp/znk-web/juminkanja/S2430/initialize?prefCd=39&kikanCd=3393101840&kikanKbn=3", "url2": null, "内容": "さかもと歯科【3:歯科】高知県高知市神田６２５－９" }, "geometry": { "type": "Point", "coordinates": [ 133.514372, 33.547435 ] } },
{ "type": "Feature", "properties": { "ID": "3933393101990", "正式名称": "かしば歯科クリニック", "機関区分": 3, "都道府県コード": 39, "市区町村コード": 201, "所在地": "高知県高知市北久保５－１７", "緯度": 33.57035, "経度": 133.565119, "url": "https://www.iryou.teikyouseido.mhlw.go.jp/znk-web/juminkanja/S2430/initialize?prefCd=39&kikanCd=3393101990&kikanKbn=3", "url2": "http://8822818.com", "内容": "かしば歯科クリニック【3:歯科】高知県高知市北久保５－１７" }, "geometry": { "type": "Point", "coordinates": [ 133.565119, 33.57035 ] } },
{ "type": "Feature", "properties": { "ID": "3933393102030", "正式名称": "野田歯科医院", "機関区分": 3, "都道府県コード": 39, "市区町村コード": 201, "所在地": "高知県高知市朝倉丁３７の１", "緯度": 33.548984, "経度": 133.483442, "url": "https://www.iryou.teikyouseido.mhlw.go.jp/znk-web/juminkanja/S2430/initialize?prefCd=39&kikanCd=3393102030&kikanKbn=3", "url2": null, "内容": "野田歯科医院【3:歯科】高知県高知市朝倉丁３７の１" }, "geometry": { "type": "Point", "coordinates": [ 133.483442, 33.548984 ] } },
{ "type": "Feature", "properties": { "ID": "3933393102290", "正式名称": "ひろこの歯科クリニック", "機関区分": 3, "都道府県コード": 39, "市区町村コード": 201, "所在地": "高知県高知市薊野東町５－４３", "緯度": 33.580691, "経度": 133.563816, "url": "https://www.iryou.teikyouseido.mhlw.go.jp/znk-web/juminkanja/S2430/initialize?prefCd=39&kikanCd=3393102290&kikanKbn=3", "url2": "https://hirokono.ci-hp.jp/", "内容": "ひろこの歯科クリニック【3:歯科】高知県高知市薊野東町５－４３" }, "geometry": { "type": "Point", "coordinates": [ 133.563816, 33.580691 ] } },
{ "type": "Feature", "properties": { "ID": "3933393102320", "正式名称": "大塚矯正歯科", "機関区分": 3, "都道府県コード": 39, "市区町村コード": 201, "所在地": "高知県高知市はりまや町２－１－２０　パシフィックビル３Ｆ", "緯度": 33.561441, "経度": 133.542875, "url": "https://www.iryou.teikyouseido.mhlw.go.jp/znk-web/juminkanja/S2430/initialize?prefCd=39&kikanCd=3393102320&kikanKbn=3", "url2": null, "内容": "大塚矯正歯科【3:歯科】高知県高知市はりまや町２－１－２０　パシフィックビル３Ｆ" }, "geometry": { "type": "Point", "coordinates": [ 133.542875, 33.561441 ] } },
{ "type": "Feature", "properties": { "ID": "3933393102580", "正式名称": "ひさのデンタルクリニック", "機関区分": 3, "都道府県コード": 39, "市区町村コード": 201, "所在地": "高知県高知市北新田町１９－１９", "緯度": 33.55212, "経度": 133.554035, "url": "https://www.iryou.teikyouseido.mhlw.go.jp/znk-web/juminkanja/S2430/initialize?prefCd=39&kikanCd=3393102580&kikanKbn=3", "url2": null, "内容": "ひさのデンタルクリニック【3:歯科】高知県高知市北新田町１９－１９" }, "geometry": { "type": "Point", "coordinates": [ 133.554035, 33.55212 ] } },
{ "type": "Feature", "properties": { "ID": "3933393102900", "正式名称": "松浦歯科医院", "機関区分": 3, "都道府県コード": 39, "市区町村コード": 201, "所在地": "高知県高知市本町５－１－２　県庁前ビル２Ｆ", "緯度": 33.558321, "経度": 133.531801, "url": "https://www.iryou.teikyouseido.mhlw.go.jp/znk-web/juminkanja/S2430/initialize?prefCd=39&kikanCd=3393102900&kikanKbn=3", "url2": null, "内容": "松浦歯科医院【3:歯科】高知県高知市本町５－１－２　県庁前ビル２Ｆ" }, "geometry": { "type": "Point", "coordinates": [ 133.531801, 33.558321 ] } },
{ "type": "Feature", "properties": { "ID": "3933393103040", "正式名称": "医療法人社団ティースアート　アーク歯科・矯正歯科クリニック", "機関区分": 3, "都道府県コード": 39, "市区町村コード": 201, "所在地": "高知県高知市一ツ橋町１丁目１４５－３", "緯度": 33.57503, "経度": 133.531283, "url": "https://www.iryou.teikyouseido.mhlw.go.jp/znk-web/juminkanja/S2430/initialize?prefCd=39&kikanCd=3393103040&kikanKbn=3", "url2": "http://www.ark-dc.com/", "内容": "医療法人社団ティースアート　アーク歯科・矯正歯科クリニック【3:歯科】高知県高知市一ツ橋町１丁目１４５－３" }, "geometry": { "type": "Point", "coordinates": [ 133.531283, 33.57503 ] } },
{ "type": "Feature", "properties": { "ID": "3933393103170", "正式名称": "いりあけ歯科クリニック", "機関区分": 3, "都道府県コード": 39, "市区町村コード": 201, "所在地": "高知県高知市入明町１３－１９", "緯度": 33.567184, "経度": 133.531279, "url": "https://www.iryou.teikyouseido.mhlw.go.jp/znk-web/juminkanja/S2430/initialize?prefCd=39&kikanCd=3393103170&kikanKbn=3", "url2": null, "内容": "いりあけ歯科クリニック【3:歯科】高知県高知市入明町１３－１９" }, "geometry": { "type": "Point", "coordinates": [ 133.531279, 33.567184 ] } },
{ "type": "Feature", "properties": { "ID": "3933393103460", "正式名称": "いとう歯科", "機関区分": 3, "都道府県コード": 39, "市区町村コード": 201, "所在地": "高知県高知市南万々２０－４０", "緯度": 33.568411, "経度": 133.51976, "url": "https://www.iryou.teikyouseido.mhlw.go.jp/znk-web/juminkanja/S2430/initialize?prefCd=39&kikanCd=3393103460&kikanKbn=3", "url2": null, "内容": "いとう歯科【3:歯科】高知県高知市南万々２０－４０" }, "geometry": { "type": "Point", "coordinates": [ 133.51976, 33.568411 ] } },
{ "type": "Feature", "properties": { "ID": "3933393103590", "正式名称": "医療法人翠松会　こまつ歯科クリニック", "機関区分": 3, "都道府県コード": 39, "市区町村コード": 201, "所在地": "高知県高知市介良乙１００４－２０", "緯度": 33.559653, "経度": 133.594814, "url": "https://www.iryou.teikyouseido.mhlw.go.jp/znk-web/juminkanja/S2430/initialize?prefCd=39&kikanCd=3393103590&kikanKbn=3", "url2": "http://www.komatsu-dc.net", "内容": "医療法人翠松会　こまつ歯科クリニック【3:歯科】高知県高知市介良乙１００４－２０" }, "geometry": { "type": "Point", "coordinates": [ 133.594814, 33.559653 ] } },
{ "type": "Feature", "properties": { "ID": "3933393103880", "正式名称": "医療法人　たにもと歯科・矯正歯科", "機関区分": 3, "都道府県コード": 39, "市区町村コード": 201, "所在地": "高知県高知市朝倉東町３０－１７　アーバンビレッジ３　１Ｆ", "緯度": 33.544755, "経度": 133.500495, "url": "https://www.iryou.teikyouseido.mhlw.go.jp/znk-web/juminkanja/S2430/initialize?prefCd=39&kikanCd=3393103880&kikanKbn=3", "url2": null, "内容": "医療法人　たにもと歯科・矯正歯科【3:歯科】高知県高知市朝倉東町３０－１７　アーバンビレッジ３　１Ｆ" }, "geometry": { "type": "Point", "coordinates": [ 133.500495, 33.544755 ] } },
{ "type": "Feature", "properties": { "ID": "3933393104050", "正式名称": "西内歯科クリニック", "機関区分": 3, "都道府県コード": 39, "市区町村コード": 201, "所在地": "高知県高知市大津甲８４０－１", "緯度": 33.575478, "経度": 133.608222, "url": "https://www.iryou.teikyouseido.mhlw.go.jp/znk-web/juminkanja/S2430/initialize?prefCd=39&kikanCd=3393104050&kikanKbn=3", "url2": null, "内容": "西内歯科クリニック【3:歯科】高知県高知市大津甲８４０－１" }, "geometry": { "type": "Point", "coordinates": [ 133.608222, 33.575478 ] } },
{ "type": "Feature", "properties": { "ID": "3933393104180", "正式名称": "医療法人　おかざき矯正歯科クリニック", "機関区分": 3, "都道府県コード": 39, "市区町村コード": 201, "所在地": "高知県高知市栄田町３−８−７　ＯＳビル２Ｆ", "緯度": 33.567684, "経度": 133.545988, "url": "https://www.iryou.teikyouseido.mhlw.go.jp/znk-web/juminkanja/S2430/initialize?prefCd=39&kikanCd=3393104180&kikanKbn=3", "url2": null, "内容": "医療法人　おかざき矯正歯科クリニック【3:歯科】高知県高知市栄田町３−８−７　ＯＳビル２Ｆ" }, "geometry": { "type": "Point", "coordinates": [ 133.545988, 33.567684 ] } },
{ "type": "Feature", "properties": { "ID": "3933393104210", "正式名称": "まこと歯科", "機関区分": 3, "都道府県コード": 39, "市区町村コード": 201, "所在地": "高知県高知市神田１４０６", "緯度": 33.540767, "経度": 133.517897, "url": "https://www.iryou.teikyouseido.mhlw.go.jp/znk-web/juminkanja/S2430/initialize?prefCd=39&kikanCd=3393104210&kikanKbn=3", "url2": null, "内容": "まこと歯科【3:歯科】高知県高知市神田１４０６" }, "geometry": { "type": "Point", "coordinates": [ 133.517897, 33.540767 ] } },
{ "type": "Feature", "properties": { "ID": "3933393104760", "正式名称": "さたけ歯科クリニック", "機関区分": 3, "都道府県コード": 39, "市区町村コード": 201, "所在地": "高知県高知市杉井流５－７", "緯度": 33.569225, "経度": 133.554672, "url": "https://www.iryou.teikyouseido.mhlw.go.jp/znk-web/juminkanja/S2430/initialize?prefCd=39&kikanCd=3393104760&kikanKbn=3", "url2": "http://www.satakeshika.net", "内容": "さたけ歯科クリニック【3:歯科】高知県高知市杉井流５－７" }, "geometry": { "type": "Point", "coordinates": [ 133.554672, 33.569225 ] } },
{ "type": "Feature", "properties": { "ID": "3933393104890", "正式名称": "ＤＥＮＴＡＬ　ＯＦＦＩＣＥ　ＰＥＡＣＥ", "機関区分": 3, "都道府県コード": 39, "市区町村コード": 201, "所在地": "高知県高知市北本町３－１０－４７　２階", "緯度": 33.0, "経度": 133.0, "url": "https://www.iryou.teikyouseido.mhlw.go.jp/znk-web/juminkanja/S2430/initialize?prefCd=39&kikanCd=3393104890&kikanKbn=3", "url2": null, "内容": "ＤＥＮＴＡＬ　ＯＦＦＩＣＥ　ＰＥＡＣＥ【3:歯科】高知県高知市北本町３－１０－４７　２階" }, "geometry": { "type": "Point", "coordinates": [ 133.0, 33.0 ] } },
{ "type": "Feature", "properties": { "ID": "3933393104920", "正式名称": "いちかわ歯科", "機関区分": 3, "都道府県コード": 39, "市区町村コード": 201, "所在地": "高知県高知市介良甲１０９０－１", "緯度": 33.564201, "経度": 133.618773, "url": "https://www.iryou.teikyouseido.mhlw.go.jp/znk-web/juminkanja/S2430/initialize?prefCd=39&kikanCd=3393104920&kikanKbn=3", "url2": "https://ichikawashika.jp/", "内容": "いちかわ歯科【3:歯科】高知県高知市介良甲１０９０－１" }, "geometry": { "type": "Point", "coordinates": [ 133.618773, 33.564201 ] } },
{ "type": "Feature", "properties": { "ID": "3933393105060", "正式名称": "アポロニア歯科クリニック", "機関区分": 3, "都道府県コード": 39, "市区町村コード": 201, "所在地": "高知県高知市福井扇町１１８２−１", "緯度": 33.568164, "経度": 133.508971, "url": "https://www.iryou.teikyouseido.mhlw.go.jp/znk-web/juminkanja/S2430/initialize?prefCd=39&kikanCd=3393105060&kikanKbn=3", "url2": "https://www.9238.jp", "内容": "アポロニア歯科クリニック【3:歯科】高知県高知市福井扇町１１８２−１" }, "geometry": { "type": "Point", "coordinates": [ 133.508971, 33.568164 ] } },
{ "type": "Feature", "properties": { "ID": "3933393105220", "正式名称": "ほわいと歯科", "機関区分": 3, "都道府県コード": 39, "市区町村コード": 201, "所在地": "高知県高知市塩田町１５ー２１", "緯度": 33.571864, "経度": 133.545372, "url": "https://www.iryou.teikyouseido.mhlw.go.jp/znk-web/juminkanja/S2430/initialize?prefCd=39&kikanCd=3393105220&kikanKbn=3", "url2": "kochi-white.com", "内容": "ほわいと歯科【3:歯科】高知県高知市塩田町１５ー２１" }, "geometry": { "type": "Point", "coordinates": [ 133.545372, 33.571864 ] } },
{ "type": "Feature", "properties": { "ID": "3933393105350", "正式名称": "かねこ矯正歯科", "機関区分": 3, "都道府県コード": 39, "市区町村コード": 201, "所在地": "高知県高知市上町１丁目８－１３", "緯度": 33.556054, "経度": 133.526462, "url": "https://www.iryou.teikyouseido.mhlw.go.jp/znk-web/juminkanja/S2430/initialize?prefCd=39&kikanCd=3393105350&kikanKbn=3", "url2": "http://www.kaneko-orthodontic.net/", "内容": "かねこ矯正歯科【3:歯科】高知県高知市上町１丁目８－１３" }, "geometry": { "type": "Point", "coordinates": [ 133.526462, 33.556054 ] } },
{ "type": "Feature", "properties": { "ID": "3933393105480", "正式名称": "うえた歯科医院", "機関区分": 3, "都道府県コード": 39, "市区町村コード": 201, "所在地": "高知県高知市薊野西町３丁目３１－１９", "緯度": 33.578225, "経度": 133.555034, "url": "https://www.iryou.teikyouseido.mhlw.go.jp/znk-web/juminkanja/S2430/initialize?prefCd=39&kikanCd=3393105480&kikanKbn=3", "url2": "https://www.ueta-shika.com", "内容": "うえた歯科医院【3:歯科】高知県高知市薊野西町３丁目３１－１９" }, "geometry": { "type": "Point", "coordinates": [ 133.555034, 33.578225 ] } },
{ "type": "Feature", "properties": { "ID": "3933393105510", "正式名称": "ひゃっこく歯科", "機関区分": 3, "都道府県コード": 39, "市区町村コード": 201, "所在地": "高知県高知市百石町２丁目２４番１５号", "緯度": 33.546664, "経度": 133.541667, "url": "https://www.iryou.teikyouseido.mhlw.go.jp/znk-web/juminkanja/S2430/initialize?prefCd=39&kikanCd=3393105510&kikanKbn=3", "url2": null, "内容": "ひゃっこく歯科【3:歯科】高知県高知市百石町２丁目２４番１５号" }, "geometry": { "type": "Point", "coordinates": [ 133.541667, 33.546664 ] } },
{ "type": "Feature", "properties": { "ID": "3933393105770", "正式名称": "田岡歯科・矯正歯科クリニック", "機関区分": 3, "都道府県コード": 39, "市区町村コード": 201, "所在地": "高知県高知市鴨部１丁目１０－３３", "緯度": 33.552053, "経度": 133.504322, "url": "https://www.iryou.teikyouseido.mhlw.go.jp/znk-web/juminkanja/S2430/initialize?prefCd=39&kikanCd=3393105770&kikanKbn=3", "url2": "https://taokadental.com/", "内容": "田岡歯科・矯正歯科クリニック【3:歯科】高知県高知市鴨部１丁目１０－３３" }, "geometry": { "type": "Point", "coordinates": [ 133.504322, 33.552053 ] } },
{ "type": "Feature", "properties": { "ID": "3933393105800", "正式名称": "おおかわ歯科クリニック", "機関区分": 3, "都道府県コード": 39, "市区町村コード": 201, "所在地": "高知県高知市横浜新町３－３１６－１", "緯度": 33.515786, "経度": 133.535156, "url": "https://www.iryou.teikyouseido.mhlw.go.jp/znk-web/juminkanja/S2430/initialize?prefCd=39&kikanCd=3393105800&kikanKbn=3", "url2": null, "内容": "おおかわ歯科クリニック【3:歯科】高知県高知市横浜新町３－３１６－１" }, "geometry": { "type": "Point", "coordinates": [ 133.535156, 33.515786 ] } },
{ "type": "Feature", "properties": { "ID": "3933393106070", "正式名称": "医療法人　静高会　うぐるす歯科医院", "機関区分": 3, "都道府県コード": 39, "市区町村コード": 201, "所在地": "高知県高知市鵜来巣　１１－３８－９", "緯度": 33.540708, "経度": 133.483925, "url": "https://www.iryou.teikyouseido.mhlw.go.jp/znk-web/juminkanja/S2430/initialize?prefCd=39&kikanCd=3393106070&kikanKbn=3", "url2": "http://www.ug-shika.com/", "内容": "医療法人　静高会　うぐるす歯科医院【3:歯科】高知県高知市鵜来巣　１１－３８－９" }, "geometry": { "type": "Point", "coordinates": [ 133.483925, 33.540708 ] } },
{ "type": "Feature", "properties": { "ID": "3933393106100", "正式名称": "高知駅つちもと歯科", "機関区分": 3, "都道府県コード": 39, "市区町村コード": 201, "所在地": "高知県高知市栄田町１丁目２－２", "緯度": 33.56745, "経度": 133.541853, "url": "https://www.iryou.teikyouseido.mhlw.go.jp/znk-web/juminkanja/S2430/initialize?prefCd=39&kikanCd=3393106100&kikanKbn=3", "url2": null, "内容": "高知駅つちもと歯科【3:歯科】高知県高知市栄田町１丁目２－２" }, "geometry": { "type": "Point", "coordinates": [ 133.541853, 33.56745 ] } },
{ "type": "Feature", "properties": { "ID": "3933393106360", "正式名称": "中村歯科診療所", "機関区分": 3, "都道府県コード": 39, "市区町村コード": 201, "所在地": "高知県高知市山ノ端町", "緯度": 33.561212, "経度": 133.522706, "url": "https://www.iryou.teikyouseido.mhlw.go.jp/znk-web/juminkanja/S2430/initialize?prefCd=39&kikanCd=3393106360&kikanKbn=3", "url2": null, "内容": "中村歯科診療所【3:歯科】高知県高知市山ノ端町" }, "geometry": { "type": "Point", "coordinates": [ 133.522706, 33.561212 ] } },
{ "type": "Feature", "properties": { "ID": "3933393106490", "正式名称": "スウィートハートデンタルクリニック", "機関区分": 3, "都道府県コード": 39, "市区町村コード": 201, "所在地": "高知県高知市朝倉甲２００－１", "緯度": 33.552137, "経度": 133.503875, "url": "https://www.iryou.teikyouseido.mhlw.go.jp/znk-web/juminkanja/S2430/initialize?prefCd=39&kikanCd=3393106490&kikanKbn=3", "url2": "http://www.sweetheart-dc.com/", "内容": "スウィートハートデンタルクリニック【3:歯科】高知県高知市朝倉甲２００－１" }, "geometry": { "type": "Point", "coordinates": [ 133.503875, 33.552137 ] } },
{ "type": "Feature", "properties": { "ID": "3933393106520", "正式名称": "えびす歯科・矯正歯科クリニック", "機関区分": 3, "都道府県コード": 39, "市区町村コード": 201, "所在地": "高知県高知市西秦泉寺８３－１", "緯度": 33.5773, "経度": 133.533143, "url": "https://www.iryou.teikyouseido.mhlw.go.jp/znk-web/juminkanja/S2430/initialize?prefCd=39&kikanCd=3393106520&kikanKbn=3", "url2": "http://www.ebisudental.jp", "内容": "えびす歯科・矯正歯科クリニック【3:歯科】高知県高知市西秦泉寺８３－１" }, "geometry": { "type": "Point", "coordinates": [ 133.533143, 33.5773 ] } },
{ "type": "Feature", "properties": { "ID": "3933393106650", "正式名称": "じゅん歯科クリニック", "機関区分": 3, "都道府県コード": 39, "市区町村コード": 201, "所在地": "高知県高知市帯屋町", "緯度": 33.560013, "経度": 133.538175, "url": "https://www.iryou.teikyouseido.mhlw.go.jp/znk-web/juminkanja/S2430/initialize?prefCd=39&kikanCd=3393106650&kikanKbn=3", "url2": "http://www.jun-shika.com/index.htm", "内容": "じゅん歯科クリニック【3:歯科】高知県高知市帯屋町" }, "geometry": { "type": "Point", "coordinates": [ 133.538175, 33.560013 ] } },
{ "type": "Feature", "properties": { "ID": "3933393106780", "正式名称": "ＡＡｆ橋本歯科医院", "機関区分": 3, "都道府県コード": 39, "市区町村コード": 201, "所在地": "高知県高知市栄田町３丁目１２－１９　ポルテス１階西", "緯度": 33.568026, "経度": 133.545985, "url": "https://www.iryou.teikyouseido.mhlw.go.jp/znk-web/juminkanja/S2430/initialize?prefCd=39&kikanCd=3393106780&kikanKbn=3", "url2": "http://www.aaf-dent.jp/", "内容": "ＡＡｆ橋本歯科医院【3:歯科】高知県高知市栄田町３丁目１２－１９　ポルテス１階西" }, "geometry": { "type": "Point", "coordinates": [ 133.545985, 33.568026 ] } },
{ "type": "Feature", "properties": { "ID": "3933393107110", "正式名称": "ソフィアデンタル", "機関区分": 3, "都道府県コード": 39, "市区町村コード": 201, "所在地": "高知県高知市北金田１１－２２", "緯度": 33.565753, "経度": 133.558553, "url": "https://www.iryou.teikyouseido.mhlw.go.jp/znk-web/juminkanja/S2430/initialize?prefCd=39&kikanCd=3393107110&kikanKbn=3", "url2": "http://www.sophiadental.or.jp", "内容": "ソフィアデンタル【3:歯科】高知県高知市北金田１１－２２" }, "geometry": { "type": "Point", "coordinates": [ 133.558553, 33.565753 ] } },
{ "type": "Feature", "properties": { "ID": "3933393107240", "正式名称": "あさくら歯科・矯正歯科", "機関区分": 3, "都道府県コード": 39, "市区町村コード": 201, "所在地": "高知県高知市朝倉横町２３番７－６号", "緯度": 33.544522, "経度": 133.493381, "url": "https://www.iryou.teikyouseido.mhlw.go.jp/znk-web/juminkanja/S2430/initialize?prefCd=39&kikanCd=3393107240&kikanKbn=3", "url2": null, "内容": "あさくら歯科・矯正歯科【3:歯科】高知県高知市朝倉横町２３番７－６号" }, "geometry": { "type": "Point", "coordinates": [ 133.493381, 33.544522 ] } },
{ "type": "Feature", "properties": { "ID": "3933393107370", "正式名称": "広末歯科矯正", "機関区分": 3, "都道府県コード": 39, "市区町村コード": 201, "所在地": "高知県高知市杉井流１２番７号", "緯度": 33.570268, "経度": 133.557318, "url": "https://www.iryou.teikyouseido.mhlw.go.jp/znk-web/juminkanja/S2430/initialize?prefCd=39&kikanCd=3393107370&kikanKbn=3", "url2": null, "内容": "広末歯科矯正【3:歯科】高知県高知市杉井流１２番７号" }, "geometry": { "type": "Point", "coordinates": [ 133.557318, 33.570268 ] } },
{ "type": "Feature", "properties": { "ID": "3933393107400", "正式名称": "はみがき歯科クリニック", "機関区分": 3, "都道府県コード": 39, "市区町村コード": 201, "所在地": "高知県高知市北久保１８－１", "緯度": 33.569737, "経度": 133.566177, "url": "https://www.iryou.teikyouseido.mhlw.go.jp/znk-web/juminkanja/S2430/initialize?prefCd=39&kikanCd=3393107400&kikanKbn=3", "url2": null, "内容": "はみがき歯科クリニック【3:歯科】高知県高知市北久保１８－１" }, "geometry": { "type": "Point", "coordinates": [ 133.566177, 33.569737 ] } },
{ "type": "Feature", "properties": { "ID": "3933393107660", "正式名称": "アール・ヴェール歯科", "機関区分": 3, "都道府県コード": 39, "市区町村コード": 201, "所在地": "高知県高知市西塚ノ原７９－６", "緯度": 33.566165, "経度": 133.491025, "url": "https://www.iryou.teikyouseido.mhlw.go.jp/znk-web/juminkanja/S2430/initialize?prefCd=39&kikanCd=3393107660&kikanKbn=3", "url2": null, "内容": "アール・ヴェール歯科【3:歯科】高知県高知市西塚ノ原７９－６" }, "geometry": { "type": "Point", "coordinates": [ 133.491025, 33.566165 ] } },
{ "type": "Feature", "properties": { "ID": "3933393108410", "正式名称": "のり歯科医院", "機関区分": 3, "都道府県コード": 39, "市区町村コード": 201, "所在地": "高知県高知市若松町１７０５番地２", "緯度": 33.554081, "経度": 133.562047, "url": "https://www.iryou.teikyouseido.mhlw.go.jp/znk-web/juminkanja/S2430/initialize?prefCd=39&kikanCd=3393108410&kikanKbn=3", "url2": null, "内容": "のり歯科医院【3:歯科】高知県高知市若松町１７０５番地２" }, "geometry": { "type": "Point", "coordinates": [ 133.562047, 33.554081 ] } },
{ "type": "Feature", "properties": { "ID": "3933393108540", "正式名称": "まつざわ歯科クリニック", "機関区分": 3, "都道府県コード": 39, "市区町村コード": 201, "所在地": "高知県高知市杉井流１４－２０", "緯度": 33.570272, "経度": 133.557859, "url": "https://www.iryou.teikyouseido.mhlw.go.jp/znk-web/juminkanja/S2430/initialize?prefCd=39&kikanCd=3393108540&kikanKbn=3", "url2": "https://www.matsuzawa-shika.com", "内容": "まつざわ歯科クリニック【3:歯科】高知県高知市杉井流１４－２０" }, "geometry": { "type": "Point", "coordinates": [ 133.557859, 33.570272 ] } },
{ "type": "Feature", "properties": { "ID": "3933393108670", "正式名称": "医療法人黎明会　ファミリーデンタルクリニック", "機関区分": 3, "都道府県コード": 39, "市区町村コード": 201, "所在地": "高知県高知市前里３５７－２", "緯度": 33.576511, "経度": 133.541222, "url": "https://www.iryou.teikyouseido.mhlw.go.jp/znk-web/juminkanja/S2430/initialize?prefCd=39&kikanCd=3393108670&kikanKbn=3", "url2": null, "内容": "医療法人黎明会　ファミリーデンタルクリニック【3:歯科】高知県高知市前里３５７－２" }, "geometry": { "type": "Point", "coordinates": [ 133.541222, 33.576511 ] } },
{ "type": "Feature", "properties": { "ID": "3933393108700", "正式名称": "あたご歯科", "機関区分": 3, "都道府県コード": 39, "市区町村コード": 201, "所在地": "高知県高知市愛宕町２丁目２０番１０号", "緯度": 33.56865, "経度": 133.537153, "url": "https://www.iryou.teikyouseido.mhlw.go.jp/znk-web/juminkanja/S2430/initialize?prefCd=39&kikanCd=3393108700&kikanKbn=3", "url2": "http://httbi.itp.he.jp/0888568214", "内容": "あたご歯科【3:歯科】高知県高知市愛宕町２丁目２０番１０号" }, "geometry": { "type": "Point", "coordinates": [ 133.537153, 33.56865 ] } },
{ "type": "Feature", "properties": { "ID": "3933393108830", "正式名称": "横田歯科クリニック", "機関区分": 3, "都道府県コード": 39, "市区町村コード": 201, "所在地": "高知県高知市旭駅前町３ー３", "緯度": 33.557912, "経度": 133.508567, "url": "https://www.iryou.teikyouseido.mhlw.go.jp/znk-web/juminkanja/S2430/initialize?prefCd=39&kikanCd=3393108830&kikanKbn=3", "url2": "http://www.yokotadental.jp", "内容": "横田歯科クリニック【3:歯科】高知県高知市旭駅前町３ー３" }, "geometry": { "type": "Point", "coordinates": [ 133.508567, 33.557912 ] } },
{ "type": "Feature", "properties": { "ID": "3933393108960", "正式名称": "たかぎ歯科", "機関区分": 3, "都道府県コード": 39, "市区町村コード": 201, "所在地": "高知県高知市上町３丁目５－１１", "緯度": 33.557917, "経度": 133.522539, "url": "https://www.iryou.teikyouseido.mhlw.go.jp/znk-web/juminkanja/S2430/initialize?prefCd=39&kikanCd=3393108960&kikanKbn=3", "url2": null, "内容": "たかぎ歯科【3:歯科】高知県高知市上町３丁目５－１１" }, "geometry": { "type": "Point", "coordinates": [ 133.522539, 33.557917 ] } },
{ "type": "Feature", "properties": { "ID": "3933393109000", "正式名称": "歯科　地球３３番地", "機関区分": 3, "都道府県コード": 39, "市区町村コード": 201, "所在地": "高知県高知市南金田１８－１０", "緯度": 33.562936, "経度": 133.558717, "url": "https://www.iryou.teikyouseido.mhlw.go.jp/znk-web/juminkanja/S2430/initialize?prefCd=39&kikanCd=3393109000&kikanKbn=3", "url2": null, "内容": "歯科　地球３３番地【3:歯科】高知県高知市南金田１８－１０" }, "geometry": { "type": "Point", "coordinates": [ 133.558717, 33.562936 ] } },
{ "type": "Feature", "properties": { "ID": "3933393109130", "正式名称": "にしもと歯科クリニック", "機関区分": 3, "都道府県コード": 39, "市区町村コード": 201, "所在地": "高知県高知市朝倉丁３番地１", "緯度": 33.550753, "経度": 133.483558, "url": "https://www.iryou.teikyouseido.mhlw.go.jp/znk-web/juminkanja/S2430/initialize?prefCd=39&kikanCd=3393109130&kikanKbn=3", "url2": null, "内容": "にしもと歯科クリニック【3:歯科】高知県高知市朝倉丁３番地１" }, "geometry": { "type": "Point", "coordinates": [ 133.483558, 33.550753 ] } },
{ "type": "Feature", "properties": { "ID": "3933393109550", "正式名称": "なりかわ歯科医院", "機関区分": 3, "都道府県コード": 39, "市区町村コード": 201, "所在地": "高知県高知市山手町１４－１", "緯度": 33.527664, "経度": 133.572717, "url": "https://www.iryou.teikyouseido.mhlw.go.jp/znk-web/juminkanja/S2430/initialize?prefCd=39&kikanCd=3393109550&kikanKbn=3", "url2": "http://www.narikawa-dc.jp", "内容": "なりかわ歯科医院【3:歯科】高知県高知市山手町１４－１" }, "geometry": { "type": "Point", "coordinates": [ 133.572717, 33.527664 ] } },
{ "type": "Feature", "properties": { "ID": "3933393109710", "正式名称": "すまいる歯科医院", "機関区分": 3, "都道府県コード": 39, "市区町村コード": 201, "所在地": "高知県高知市仁井田６４３－６", "緯度": 33.512192, "経度": 133.574209, "url": "https://www.iryou.teikyouseido.mhlw.go.jp/znk-web/juminkanja/S2430/initialize?prefCd=39&kikanCd=3393109710&kikanKbn=3", "url2": "http://www.smiledentalclinickochi.com/", "内容": "すまいる歯科医院【3:歯科】高知県高知市仁井田６４３－６" }, "geometry": { "type": "Point", "coordinates": [ 133.574209, 33.512192 ] } },
{ "type": "Feature", "properties": { "ID": "3933393109840", "正式名称": "医療法人スマイルプランみかづき歯科クリニック", "機関区分": 3, "都道府県コード": 39, "市区町村コード": 201, "所在地": "高知県高知市中万々８１４番地４", "緯度": 33.570866, "経度": 133.517158, "url": "https://www.iryou.teikyouseido.mhlw.go.jp/znk-web/juminkanja/S2430/initialize?prefCd=39&kikanCd=3393109840&kikanKbn=3", "url2": null, "内容": "医療法人スマイルプランみかづき歯科クリニック【3:歯科】高知県高知市中万々８１４番地４" }, "geometry": { "type": "Point", "coordinates": [ 133.517158, 33.570866 ] } },
{ "type": "Feature", "properties": { "ID": "3933393109970", "正式名称": "高須岡林歯科", "機関区分": 3, "都道府県コード": 39, "市区町村コード": 201, "所在地": "高知県高知市高須３－５－２０", "緯度": 33.560306, "経度": 133.591025, "url": "https://www.iryou.teikyouseido.mhlw.go.jp/znk-web/juminkanja/S2430/initialize?prefCd=39&kikanCd=3393109970&kikanKbn=3", "url2": null, "内容": "高須岡林歯科【3:歯科】高知県高知市高須３－５－２０" }, "geometry": { "type": "Point", "coordinates": [ 133.591025, 33.560306 ] } },
{ "type": "Feature", "properties": { "ID": "3933393110080", "正式名称": "木口歯科医院", "機関区分": 3, "都道府県コード": 39, "市区町村コード": 201, "所在地": "高知県高知市若草町９－１５", "緯度": 33.54325, "経度": 133.488308, "url": "https://www.iryou.teikyouseido.mhlw.go.jp/znk-web/juminkanja/S2430/initialize?prefCd=39&kikanCd=3393110080&kikanKbn=3", "url2": null, "内容": "木口歯科医院【3:歯科】高知県高知市若草町９－１５" }, "geometry": { "type": "Point", "coordinates": [ 133.488308, 33.54325 ] } },
{ "type": "Feature", "properties": { "ID": "3933393110110", "正式名称": "はりまや橋溝渕歯科クリニック", "機関区分": 3, "都道府県コード": 39, "市区町村コード": 201, "所在地": "高知県高知市はりまや町１－５－１２", "緯度": 33.559974, "経度": 133.543814, "url": "https://www.iryou.teikyouseido.mhlw.go.jp/znk-web/juminkanja/S2430/initialize?prefCd=39&kikanCd=3393110110&kikanKbn=3", "url2": "http://www.mizobuchi-shika.com/clinic/access.html", "内容": "はりまや橋溝渕歯科クリニック【3:歯科】高知県高知市はりまや町１－５－１２" }, "geometry": { "type": "Point", "coordinates": [ 133.543814, 33.559974 ] } },
{ "type": "Feature", "properties": { "ID": "3933393110240", "正式名称": "あさひ歯科", "機関区分": 3, "都道府県コード": 39, "市区町村コード": 201, "所在地": "高知県高知市中須賀町", "緯度": 33.558207, "経度": 133.512544, "url": "https://www.iryou.teikyouseido.mhlw.go.jp/znk-web/juminkanja/S2430/initialize?prefCd=39&kikanCd=3393110240&kikanKbn=3", "url2": null, "内容": "あさひ歯科【3:歯科】高知県高知市中須賀町" }, "geometry": { "type": "Point", "coordinates": [ 133.512544, 33.558207 ] } },
{ "type": "Feature", "properties": { "ID": "3933393110370", "正式名称": "嶋本歯科クリニック", "機関区分": 3, "都道府県コード": 39, "市区町村コード": 201, "所在地": "高知県高知市桜井町２丁目６番３８号", "緯度": 33.56196, "経度": 133.550599, "url": "https://www.iryou.teikyouseido.mhlw.go.jp/znk-web/juminkanja/S2430/initialize?prefCd=39&kikanCd=3393110370&kikanKbn=3", "url2": "http://www.shimamotoshika.info/", "内容": "嶋本歯科クリニック【3:歯科】高知県高知市桜井町２丁目６番３８号" }, "geometry": { "type": "Point", "coordinates": [ 133.550599, 33.56196 ] } },
{ "type": "Feature", "properties": { "ID": "3933393110400", "正式名称": "さとみデンタルクリニック", "機関区分": 3, "都道府県コード": 39, "市区町村コード": 201, "所在地": "高知県高知市北本町４－５－３３－１Ｆ", "緯度": 33.565948, "経度": 133.554471, "url": "https://www.iryou.teikyouseido.mhlw.go.jp/znk-web/juminkanja/S2430/initialize?prefCd=39&kikanCd=3393110400&kikanKbn=3", "url2": null, "内容": "さとみデンタルクリニック【3:歯科】高知県高知市北本町４－５－３３－１Ｆ" }, "geometry": { "type": "Point", "coordinates": [ 133.554471, 33.565948 ] } },
{ "type": "Feature", "properties": { "ID": "3933393110950", "正式名称": "かたた歯科クリニック", "機関区分": 3, "都道府県コード": 39, "市区町村コード": 201, "所在地": "高知県高知市桟橋通２－８－１８", "緯度": 33.547808, "経度": 133.547269, "url": "https://www.iryou.teikyouseido.mhlw.go.jp/znk-web/juminkanja/S2430/initialize?prefCd=39&kikanCd=3393110950&kikanKbn=3", "url2": "http://katata-dc.com", "内容": "かたた歯科クリニック【3:歯科】高知県高知市桟橋通２－８－１８" }, "geometry": { "type": "Point", "coordinates": [ 133.547269, 33.547808 ] } },
{ "type": "Feature", "properties": { "ID": "3933393111120", "正式名称": "はまだデンタルクリニック", "機関区分": 3, "都道府県コード": 39, "市区町村コード": 201, "所在地": "高知県高知市九反田８－１７", "緯度": 33.557564, "経度": 133.548358, "url": "https://www.iryou.teikyouseido.mhlw.go.jp/znk-web/juminkanja/S2430/initialize?prefCd=39&kikanCd=3393111120&kikanKbn=3", "url2": null, "内容": "はまだデンタルクリニック【3:歯科】高知県高知市九反田８－１７" }, "geometry": { "type": "Point", "coordinates": [ 133.548358, 33.557564 ] } },
{ "type": "Feature", "properties": { "ID": "3933393111540", "正式名称": "医療法人緑智会　いしもと歯科クリニック", "機関区分": 3, "都道府県コード": 39, "市区町村コード": 201, "所在地": "高知県高知市朝倉本町１丁目９番４０号", "緯度": 33.547261, "経度": 133.491914, "url": "https://www.iryou.teikyouseido.mhlw.go.jp/znk-web/juminkanja/S2430/initialize?prefCd=39&kikanCd=3393111540&kikanKbn=3", "url2": "https://ishimoto-d.jp", "内容": "医療法人緑智会　いしもと歯科クリニック【3:歯科】高知県高知市朝倉本町１丁目９番４０号" }, "geometry": { "type": "Point", "coordinates": [ 133.491914, 33.547261 ] } },
{ "type": "Feature", "properties": { "ID": "3933393112260", "正式名称": "さえんば　嶋本歯科", "機関区分": 3, "都道府県コード": 39, "市区町村コード": 201, "所在地": "高知県高知市桜井町１－９－３５", "緯度": 33.562171, "経度": 133.549561, "url": "https://www.iryou.teikyouseido.mhlw.go.jp/znk-web/juminkanja/S2430/initialize?prefCd=39&kikanCd=3393112260&kikanKbn=3", "url2": "https://saenba-shimamotoshika.jp", "内容": "さえんば　嶋本歯科【3:歯科】高知県高知市桜井町１－９－３５" }, "geometry": { "type": "Point", "coordinates": [ 133.549561, 33.562171 ] } },
{ "type": "Feature", "properties": { "ID": "3933393112550", "正式名称": "島﨑歯科医院", "機関区分": 3, "都道府県コード": 39, "市区町村コード": 201, "所在地": "高知県高知市一宮中町３－１１－１７", "緯度": 33.587947, "経度": 133.576878, "url": "https://www.iryou.teikyouseido.mhlw.go.jp/znk-web/juminkanja/S2430/initialize?prefCd=39&kikanCd=3393112550&kikanKbn=3", "url2": "https://www.shimasaki-dental-clinic.com", "内容": "島﨑歯科医院【3:歯科】高知県高知市一宮中町３－１１－１７" }, "geometry": { "type": "Point", "coordinates": [ 133.576878, 33.587947 ] } },
{ "type": "Feature", "properties": { "ID": "3933393112680", "正式名称": "やすおか歯科医院", "機関区分": 3, "都道府県コード": 39, "市区町村コード": 201, "所在地": "高知県高知市北御座１１－２１", "緯度": 33.56795, "経度": 133.562208, "url": "https://www.iryou.teikyouseido.mhlw.go.jp/znk-web/juminkanja/S2430/initialize?prefCd=39&kikanCd=3393112680&kikanKbn=3", "url2": "https://www.yasuokadc.com/", "内容": "やすおか歯科医院【3:歯科】高知県高知市北御座１１－２１" }, "geometry": { "type": "Point", "coordinates": [ 133.562208, 33.56795 ] } },
{ "type": "Feature", "properties": { "ID": "3933395100870", "正式名称": "岡本歯科診療所", "機関区分": 3, "都道府県コード": 39, "市区町村コード": 201, "所在地": "高知県高知市鷹匠町１－１－１", "緯度": 33.556996, "経度": 133.536847, "url": "https://www.iryou.teikyouseido.mhlw.go.jp/znk-web/juminkanja/S2430/initialize?prefCd=39&kikanCd=3395100870&kikanKbn=3", "url2": null, "内容": "岡本歯科診療所【3:歯科】高知県高知市鷹匠町１－１－１" }, "geometry": { "type": "Point", "coordinates": [ 133.536847, 33.556996 ] } },
{ "type": "Feature", "properties": { "ID": "3933395101040", "正式名称": "金子歯科クリニック", "機関区分": 3, "都道府県コード": 39, "市区町村コード": 201, "所在地": "高知県高知市中宝永町", "緯度": 33.558969, "経度": 133.552929, "url": "https://www.iryou.teikyouseido.mhlw.go.jp/znk-web/juminkanja/S2430/initialize?prefCd=39&kikanCd=3395101040&kikanKbn=3", "url2": null, "内容": "金子歯科クリニック【3:歯科】高知県高知市中宝永町" }, "geometry": { "type": "Point", "coordinates": [ 133.552929, 33.558969 ] } },
{ "type": "Feature", "properties": { "ID": "3933395103060", "正式名称": "長野歯科", "機関区分": 3, "都道府県コード": 39, "市区町村コード": 201, "所在地": "高知県高知市愛宕町３－１２－３２", "緯度": 33.571358, "経度": 133.537117, "url": "https://www.iryou.teikyouseido.mhlw.go.jp/znk-web/juminkanja/S2430/initialize?prefCd=39&kikanCd=3395103060&kikanKbn=3", "url2": null, "内容": "長野歯科【3:歯科】高知県高知市愛宕町３－１２－３２" }, "geometry": { "type": "Point", "coordinates": [ 133.537117, 33.571358 ] } },
{ "type": "Feature", "properties": { "ID": "3933395103190", "正式名称": "西岡歯科診療所", "機関区分": 3, "都道府県コード": 39, "市区町村コード": 201, "所在地": "高知県高知市瀬戸西町２－１８８－２", "緯度": 33.513895, "経度": 133.543415, "url": "https://www.iryou.teikyouseido.mhlw.go.jp/znk-web/juminkanja/S2430/initialize?prefCd=39&kikanCd=3395103190&kikanKbn=3", "url2": null, "内容": "西岡歯科診療所【3:歯科】高知県高知市瀬戸西町２－１８８－２" }, "geometry": { "type": "Point", "coordinates": [ 133.543415, 33.513895 ] } },
{ "type": "Feature", "properties": { "ID": "3933395103640", "正式名称": "松岡歯科医院", "機関区分": 3, "都道府県コード": 39, "市区町村コード": 201, "所在地": "高知県高知市中宝永町１１番３号", "緯度": 33.558419, "経度": 133.55464, "url": "https://www.iryou.teikyouseido.mhlw.go.jp/znk-web/juminkanja/S2430/initialize?prefCd=39&kikanCd=3395103640&kikanKbn=3", "url2": null, "内容": "松岡歯科医院【3:歯科】高知県高知市中宝永町１１番３号" }, "geometry": { "type": "Point", "coordinates": [ 133.55464, 33.558419 ] } },
{ "type": "Feature", "properties": { "ID": "3933395104070", "正式名称": "山崎歯科診療所", "機関区分": 3, "都道府県コード": 39, "市区町村コード": 201, "所在地": "高知県高知市城見町４－３３", "緯度": 33.559144, "経度": 133.551057, "url": "https://www.iryou.teikyouseido.mhlw.go.jp/znk-web/juminkanja/S2430/initialize?prefCd=39&kikanCd=3395104070&kikanKbn=3", "url2": null, "内容": "山崎歯科診療所【3:歯科】高知県高知市城見町４－３３" }, "geometry": { "type": "Point", "coordinates": [ 133.551057, 33.559144 ] } },
{ "type": "Feature", "properties": { "ID": "3933395104100", "正式名称": "吉岡歯科診療所", "機関区分": 3, "都道府県コード": 39, "市区町村コード": 201, "所在地": "高知県高知市高須２丁目１３－５７", "緯度": 33.560906, "経度": 133.585139, "url": "https://www.iryou.teikyouseido.mhlw.go.jp/znk-web/juminkanja/S2430/initialize?prefCd=39&kikanCd=3395104100&kikanKbn=3", "url2": null, "内容": "吉岡歯科診療所【3:歯科】高知県高知市高須２丁目１３－５７" }, "geometry": { "type": "Point", "coordinates": [ 133.585139, 33.560906 ] } },
{ "type": "Feature", "properties": { "ID": "3933395104780", "正式名称": "たおか歯科", "機関区分": 3, "都道府県コード": 39, "市区町村コード": 201, "所在地": "高知県高知市上町二丁目二番二十四号", "緯度": 33.557798, "経度": 133.524376, "url": "https://www.iryou.teikyouseido.mhlw.go.jp/znk-web/juminkanja/S2430/initialize?prefCd=39&kikanCd=3395104780&kikanKbn=3", "url2": "http://www.taoka-shika.com/", "内容": "たおか歯科【3:歯科】高知県高知市上町二丁目二番二十四号" }, "geometry": { "type": "Point", "coordinates": [ 133.524376, 33.557798 ] } },
{ "type": "Feature", "properties": { "ID": "3933395105080", "正式名称": "岸歯科診療所", "機関区分": 3, "都道府県コード": 39, "市区町村コード": 201, "所在地": "高知県高知市大川筋２丁目５番３２号", "緯度": 33.564311, "経度": 133.53152, "url": "https://www.iryou.teikyouseido.mhlw.go.jp/znk-web/juminkanja/S2430/initialize?prefCd=39&kikanCd=3395105080&kikanKbn=3", "url2": null, "内容": "岸歯科診療所【3:歯科】高知県高知市大川筋２丁目５番３２号" }, "geometry": { "type": "Point", "coordinates": [ 133.53152, 33.564311 ] } },
{ "type": "Feature", "properties": { "ID": "3933395105240", "正式名称": "医療法人　利重会　岡林歯科", "機関区分": 3, "都道府県コード": 39, "市区町村コード": 201, "所在地": "高知県高知市北本町", "緯度": 33.565989, "経度": 133.538319, "url": "https://www.iryou.teikyouseido.mhlw.go.jp/znk-web/juminkanja/S2430/initialize?prefCd=39&kikanCd=3395105240&kikanKbn=3", "url2": null, "内容": "医療法人　利重会　岡林歯科【3:歯科】高知県高知市北本町" }, "geometry": { "type": "Point", "coordinates": [ 133.538319, 33.565989 ] } },
{ "type": "Feature", "properties": { "ID": "3933395105370", "正式名称": "小松歯科診療所", "機関区分": 3, "都道府県コード": 39, "市区町村コード": 201, "所在地": "高知県高知市旭駅前町１－５", "緯度": 33.556142, "経度": 133.509339, "url": "https://www.iryou.teikyouseido.mhlw.go.jp/znk-web/juminkanja/S2430/initialize?prefCd=39&kikanCd=3395105370&kikanKbn=3", "url2": null, "内容": "小松歯科診療所【3:歯科】高知県高知市旭駅前町１－５" }, "geometry": { "type": "Point", "coordinates": [ 133.509339, 33.556142 ] } },
{ "type": "Feature", "properties": { "ID": "3933395105790", "正式名称": "土本歯科", "機関区分": 3, "都道府県コード": 39, "市区町村コード": 201, "所在地": "高知県高知市南御座３－１２", "緯度": 33.565171, "経度": 133.563497, "url": "https://www.iryou.teikyouseido.mhlw.go.jp/znk-web/juminkanja/S2430/initialize?prefCd=39&kikanCd=3395105790&kikanKbn=3", "url2": null, "内容": "土本歯科【3:歯科】高知県高知市南御座３－１２" }, "geometry": { "type": "Point", "coordinates": [ 133.563497, 33.565171 ] } },
{ "type": "Feature", "properties": { "ID": "3933395106670", "正式名称": "山本歯科診療所", "機関区分": 3, "都道府県コード": 39, "市区町村コード": 201, "所在地": "高知県高知市菜園場町７－１８", "緯度": 33.558699, "経度": 133.548674, "url": "https://www.iryou.teikyouseido.mhlw.go.jp/znk-web/juminkanja/S2430/initialize?prefCd=39&kikanCd=3395106670&kikanKbn=3", "url2": "http://saenbayama.wp.xdomain.jp", "内容": "山本歯科診療所【3:歯科】高知県高知市菜園場町７－１８" }, "geometry": { "type": "Point", "coordinates": [ 133.548674, 33.558699 ] } },
{ "type": "Feature", "properties": { "ID": "3933395106830", "正式名称": "楠瀬歯科クリニック", "機関区分": 3, "都道府県コード": 39, "市区町村コード": 201, "所在地": "高知県高知市上町２－５－２５", "緯度": 33.557068, "経度": 133.52376, "url": "https://www.iryou.teikyouseido.mhlw.go.jp/znk-web/juminkanja/S2430/initialize?prefCd=39&kikanCd=3395106830&kikanKbn=3", "url2": null, "内容": "楠瀬歯科クリニック【3:歯科】高知県高知市上町２－５－２５" }, "geometry": { "type": "Point", "coordinates": [ 133.52376, 33.557068 ] } },
{ "type": "Feature", "properties": { "ID": "3933395107130", "正式名称": "西本歯科", "機関区分": 3, "都道府県コード": 39, "市区町村コード": 201, "所在地": "高知県高知市曙町１丁目８番３４号", "緯度": 33.551009, "経度": 133.49061, "url": "https://www.iryou.teikyouseido.mhlw.go.jp/znk-web/juminkanja/S2430/initialize?prefCd=39&kikanCd=3395107130&kikanKbn=3", "url2": null, "内容": "西本歯科【3:歯科】高知県高知市曙町１丁目８番３４号" }, "geometry": { "type": "Point", "coordinates": [ 133.49061, 33.551009 ] } },
{ "type": "Feature", "properties": { "ID": "3933395107390", "正式名称": "友永歯科", "機関区分": 3, "都道府県コード": 39, "市区町村コード": 201, "所在地": "高知県高知市南はりまや町２－８－９", "緯度": 33.557346, "経度": 133.544805, "url": "https://www.iryou.teikyouseido.mhlw.go.jp/znk-web/juminkanja/S2430/initialize?prefCd=39&kikanCd=3395107390&kikanKbn=3", "url2": "https://www.tomonaga-dental.com/", "内容": "友永歯科【3:歯科】高知県高知市南はりまや町２－８－９" }, "geometry": { "type": "Point", "coordinates": [ 133.544805, 33.557346 ] } },
{ "type": "Feature", "properties": { "ID": "3933395107680", "正式名称": "横山歯科診療所", "機関区分": 3, "都道府県コード": 39, "市区町村コード": 201, "所在地": "高知県高知市はりまや町２－３－８", "緯度": 33.56207, "経度": 133.543764, "url": "https://www.iryou.teikyouseido.mhlw.go.jp/znk-web/juminkanja/S2430/initialize?prefCd=39&kikanCd=3395107680&kikanKbn=3", "url2": null, "内容": "横山歯科診療所【3:歯科】高知県高知市はりまや町２－３－８" }, "geometry": { "type": "Point", "coordinates": [ 133.543764, 33.56207 ] } },
{ "type": "Feature", "properties": { "ID": "3933395108430", "正式名称": "国藤歯科診療所", "機関区分": 3, "都道府県コード": 39, "市区町村コード": 201, "所在地": "高知県高知市中万々１－８　小谷ビル２Ｆ", "緯度": 33.569542, "経度": 133.519568, "url": "https://www.iryou.teikyouseido.mhlw.go.jp/znk-web/juminkanja/S2430/initialize?prefCd=39&kikanCd=3395108430&kikanKbn=3", "url2": null, "内容": "国藤歯科診療所【3:歯科】高知県高知市中万々１－８　小谷ビル２Ｆ" }, "geometry": { "type": "Point", "coordinates": [ 133.519568, 33.569542 ] } },
{ "type": "Feature", "properties": { "ID": "3933395108560", "正式名称": "フカミ歯科診療所", "機関区分": 3, "都道府県コード": 39, "市区町村コード": 201, "所在地": "高知県高知市十津　３丁目６－２６－１", "緯度": 33.524015, "経度": 133.574626, "url": "https://www.iryou.teikyouseido.mhlw.go.jp/znk-web/juminkanja/S2430/initialize?prefCd=39&kikanCd=3395108560&kikanKbn=3", "url2": "https://www.fukamishika.com", "内容": "フカミ歯科診療所【3:歯科】高知県高知市十津　３丁目６－２６－１" }, "geometry": { "type": "Point", "coordinates": [ 133.574626, 33.524015 ] } },
{ "type": "Feature", "properties": { "ID": "3933395108980", "正式名称": "島崎歯科医院", "機関区分": 3, "都道府県コード": 39, "市区町村コード": 201, "所在地": "高知県高知市一宮中町　３－１１－２７", "緯度": 33.587942, "経度": 133.574599, "url": "https://www.iryou.teikyouseido.mhlw.go.jp/znk-web/juminkanja/S2430/initialize?prefCd=39&kikanCd=3395108980&kikanKbn=3", "url2": null, "内容": "島崎歯科医院【3:歯科】高知県高知市一宮中町　３－１１－２７" }, "geometry": { "type": "Point", "coordinates": [ 133.574599, 33.587942 ] } },
{ "type": "Feature", "properties": { "ID": "3933395109020", "正式名称": "山本歯科医院", "機関区分": 3, "都道府県コード": 39, "市区町村コード": 201, "所在地": "高知県高知市東城山町１００－１", "緯度": 33.550227, "経度": 133.51713, "url": "https://www.iryou.teikyouseido.mhlw.go.jp/znk-web/juminkanja/S2430/initialize?prefCd=39&kikanCd=3395109020&kikanKbn=3", "url2": null, "内容": "山本歯科医院【3:歯科】高知県高知市東城山町１００－１" }, "geometry": { "type": "Point", "coordinates": [ 133.51713, 33.550227 ] } },
{ "type": "Feature", "properties": { "ID": "3933395109150", "正式名称": "窪歯科", "機関区分": 3, "都道府県コード": 39, "市区町村コード": 201, "所在地": "高知県高知市堺町１－２１　ＪＴＢ高知ビル４Ｆ", "緯度": 33.559441, "経度": 133.541677, "url": "https://www.iryou.teikyouseido.mhlw.go.jp/znk-web/juminkanja/S2430/initialize?prefCd=39&kikanCd=3395109150&kikanKbn=3", "url2": null, "内容": "窪歯科【3:歯科】高知県高知市堺町１－２１　ＪＴＢ高知ビル４Ｆ" }, "geometry": { "type": "Point", "coordinates": [ 133.541677, 33.559441 ] } },
{ "type": "Feature", "properties": { "ID": "3933395109310", "正式名称": "前田歯科クリニック", "機関区分": 3, "都道府県コード": 39, "市区町村コード": 201, "所在地": "高知県高知市葛島２丁目２番１５号", "緯度": 33.55728, "経度": 133.570986, "url": "https://www.iryou.teikyouseido.mhlw.go.jp/znk-web/juminkanja/S2430/initialize?prefCd=39&kikanCd=3395109310&kikanKbn=3", "url2": null, "内容": "前田歯科クリニック【3:歯科】高知県高知市葛島２丁目２番１５号" }, "geometry": { "type": "Point", "coordinates": [ 133.570986, 33.55728 ] } },
{ "type": "Feature", "properties": { "ID": "3933395109440", "正式名称": "川島歯科診療所", "機関区分": 3, "都道府県コード": 39, "市区町村コード": 201, "所在地": "高知県高知市伊勢崎町７－２０", "緯度": 33.570441, "経度": 133.53177, "url": "https://www.iryou.teikyouseido.mhlw.go.jp/znk-web/juminkanja/S2430/initialize?prefCd=39&kikanCd=3395109440&kikanKbn=3", "url2": "http://www.kawashima-dental.com", "内容": "川島歯科診療所【3:歯科】高知県高知市伊勢崎町７－２０" }, "geometry": { "type": "Point", "coordinates": [ 133.53177, 33.570441 ] } },
{ "type": "Feature", "properties": { "ID": "3933395109860", "正式名称": "青木歯科", "機関区分": 3, "都道府県コード": 39, "市区町村コード": 201, "所在地": "高知県高知市西秦泉寺", "緯度": 33.576691, "経度": 133.533662, "url": "https://www.iryou.teikyouseido.mhlw.go.jp/znk-web/juminkanja/S2430/initialize?prefCd=39&kikanCd=3395109860&kikanKbn=3", "url2": null, "内容": "青木歯科【3:歯科】高知県高知市西秦泉寺" }, "geometry": { "type": "Point", "coordinates": [ 133.533662, 33.576691 ] } },
{ "type": "Feature", "properties": { "ID": "3933395110390", "正式名称": "川添歯科診療所", "機関区分": 3, "都道府県コード": 39, "市区町村コード": 204, "所在地": "高知県南国市岡豊町常通寺島１４８", "緯度": 33.587531, "経度": 133.621551, "url": "https://www.iryou.teikyouseido.mhlw.go.jp/znk-web/juminkanja/S2430/initialize?prefCd=39&kikanCd=3395110390&kikanKbn=3", "url2": null, "内容": "川添歯科診療所【3:歯科】高知県南国市岡豊町常通寺島１４８" }, "geometry": { "type": "Point", "coordinates": [ 133.621551, 33.587531 ] } },
{ "type": "Feature", "properties": { "ID": "3933395110680", "正式名称": "平和歯科診療所", "機関区分": 3, "都道府県コード": 39, "市区町村コード": 204, "所在地": "高知県南国市駅前町２－６－２３", "緯度": 33.577799, "経度": 133.646514, "url": "https://www.iryou.teikyouseido.mhlw.go.jp/znk-web/juminkanja/S2430/initialize?prefCd=39&kikanCd=3395110680&kikanKbn=3", "url2": null, "内容": "平和歯科診療所【3:歯科】高知県南国市駅前町２－６－２３" }, "geometry": { "type": "Point", "coordinates": [ 133.646514, 33.577799 ] } },
{ "type": "Feature", "properties": { "ID": "3933395110840", "正式名称": "医療法人泰和会森本歯科診療所", "機関区分": 3, "都道府県コード": 39, "市区町村コード": 204, "所在地": "高知県南国市大そね甲１２１８", "緯度": 33.574533, "経度": 133.650362, "url": "https://www.iryou.teikyouseido.mhlw.go.jp/znk-web/juminkanja/S2430/initialize?prefCd=39&kikanCd=3395110840&kikanKbn=3", "url2": null, "内容": "医療法人泰和会森本歯科診療所【3:歯科】高知県南国市大そね甲１２１８" }, "geometry": { "type": "Point", "coordinates": [ 133.650362, 33.574533 ] } },
{ "type": "Feature", "properties": { "ID": "3933395111300", "正式名称": "西川歯科診療所", "機関区分": 3, "都道府県コード": 39, "市区町村コード": 204, "所在地": "高知県南国市物部１５１２番地", "緯度": 33.554883, "経度": 133.676287, "url": "https://www.iryou.teikyouseido.mhlw.go.jp/znk-web/juminkanja/S2430/initialize?prefCd=39&kikanCd=3395111300&kikanKbn=3", "url2": null, "内容": "西川歯科診療所【3:歯科】高知県南国市物部１５１２番地" }, "geometry": { "type": "Point", "coordinates": [ 133.676287, 33.554883 ] } },
{ "type": "Feature", "properties": { "ID": "3933395111430", "正式名称": "高島歯科医院", "機関区分": 3, "都道府県コード": 39, "市区町村コード": 204, "所在地": "高知県南国市大そね甲２２８７", "緯度": 33.574523, "経度": 133.642581, "url": "https://www.iryou.teikyouseido.mhlw.go.jp/znk-web/juminkanja/S2430/initialize?prefCd=39&kikanCd=3395111430&kikanKbn=3", "url2": "http://www.dentaka.net", "内容": "高島歯科医院【3:歯科】高知県南国市大そね甲２２８７" }, "geometry": { "type": "Point", "coordinates": [ 133.642581, 33.574523 ] } },
{ "type": "Feature", "properties": { "ID": "3933395111850", "正式名称": "西村歯科医院", "機関区分": 3, "都道府県コード": 39, "市区町村コード": 386, "所在地": "高知県吾川郡いの町波川５５４ー２", "緯度": 33.54681, "経度": 133.411721, "url": "https://www.iryou.teikyouseido.mhlw.go.jp/znk-web/juminkanja/S2430/initialize?prefCd=39&kikanCd=3395111850&kikanKbn=3", "url2": null, "内容": "西村歯科医院【3:歯科】高知県吾川郡いの町波川５５４ー２" }, "geometry": { "type": "Point", "coordinates": [ 133.411721, 33.54681 ] } },
{ "type": "Feature", "properties": { "ID": "3933395111980", "正式名称": "別役歯科", "機関区分": 3, "都道府県コード": 39, "市区町村コード": 201, "所在地": "高知県高知市春野町弘岡上９１－１", "緯度": 33.504363, "経度": 133.461005, "url": "https://www.iryou.teikyouseido.mhlw.go.jp/znk-web/juminkanja/S2430/initialize?prefCd=39&kikanCd=3395111980&kikanKbn=3", "url2": null, "内容": "別役歯科【3:歯科】高知県高知市春野町弘岡上９１－１" }, "geometry": { "type": "Point", "coordinates": [ 133.461005, 33.504363 ] } },
{ "type": "Feature", "properties": { "ID": "3933395112310", "正式名称": "医療法人健歯野村会野村歯科医院", "機関区分": 3, "都道府県コード": 39, "市区町村コード": 201, "所在地": "高知県高知市本町２－２－２７　３Ｆ", "緯度": 33.559569, "経度": 133.5379, "url": "https://www.iryou.teikyouseido.mhlw.go.jp/znk-web/juminkanja/S2430/initialize?prefCd=39&kikanCd=3395112310&kikanKbn=3", "url2": null, "内容": "医療法人健歯野村会野村歯科医院【3:歯科】高知県高知市本町２－２－２７　３Ｆ" }, "geometry": { "type": "Point", "coordinates": [ 133.5379, 33.559569 ] } },
{ "type": "Feature", "properties": { "ID": "3933395112440", "正式名称": "嶋本歯科医院", "機関区分": 3, "都道府県コード": 39, "市区町村コード": 201, "所在地": "高知県高知市桜井町２－５－１３", "緯度": 33.562942, "経度": 133.551806, "url": "https://www.iryou.teikyouseido.mhlw.go.jp/znk-web/juminkanja/S2430/initialize?prefCd=39&kikanCd=3395112440&kikanKbn=3", "url2": "https://www.shimamotoshika.net/home.html", "内容": "嶋本歯科医院【3:歯科】高知県高知市桜井町２－５－１３" }, "geometry": { "type": "Point", "coordinates": [ 133.551806, 33.562942 ] } },
{ "type": "Feature", "properties": { "ID": "3933395112570", "正式名称": "田村歯科医院", "機関区分": 3, "都道府県コード": 39, "市区町村コード": 201, "所在地": "高知県高知市大津乙１６１番地１７", "緯度": 33.570773, "経度": 133.600171, "url": "https://www.iryou.teikyouseido.mhlw.go.jp/znk-web/juminkanja/S2430/initialize?prefCd=39&kikanCd=3395112570&kikanKbn=3", "url2": null, "内容": "田村歯科医院【3:歯科】高知県高知市大津乙１６１番地１７" }, "geometry": { "type": "Point", "coordinates": [ 133.600171, 33.570773 ] } },
{ "type": "Feature", "properties": { "ID": "3933395112600", "正式名称": "須藤歯科医院", "機関区分": 3, "都道府県コード": 39, "市区町村コード": 201, "所在地": "高知県高知市桟橋通り１－１３－２", "緯度": 33.551844, "経度": 133.544775, "url": "https://www.iryou.teikyouseido.mhlw.go.jp/znk-web/juminkanja/S2430/initialize?prefCd=39&kikanCd=3395112600&kikanKbn=3", "url2": null, "内容": "須藤歯科医院【3:歯科】高知県高知市桟橋通り１－１３－２" }, "geometry": { "type": "Point", "coordinates": [ 133.544775, 33.551844 ] } },
{ "type": "Feature", "properties": { "ID": "3933395112730", "正式名称": "崎岡歯科医院", "機関区分": 3, "都道府県コード": 39, "市区町村コード": 201, "所在地": "高知県高知市瀬戸南町１－２－３", "緯度": 33.509907, "経度": 133.543938, "url": "https://www.iryou.teikyouseido.mhlw.go.jp/znk-web/juminkanja/S2430/initialize?prefCd=39&kikanCd=3395112730&kikanKbn=3", "url2": null, "内容": "崎岡歯科医院【3:歯科】高知県高知市瀬戸南町１－２－３" }, "geometry": { "type": "Point", "coordinates": [ 133.543938, 33.509907 ] } },
{ "type": "Feature", "properties": { "ID": "3933395113030", "正式名称": "医療法人茂見会　岡林歯科医院", "機関区分": 3, "都道府県コード": 39, "市区町村コード": 201, "所在地": "高知県高知市愛宕町２丁目１０番２３号", "緯度": 33.567479, "経度": 133.536971, "url": "https://www.iryou.teikyouseido.mhlw.go.jp/znk-web/juminkanja/S2430/initialize?prefCd=39&kikanCd=3395113030&kikanKbn=3", "url2": "http://www.shigemikai.com/", "内容": "医療法人茂見会　岡林歯科医院【3:歯科】高知県高知市愛宕町２丁目１０番２３号" }, "geometry": { "type": "Point", "coordinates": [ 133.536971, 33.567479 ] } },
{ "type": "Feature", "properties": { "ID": "3933395113290", "正式名称": "福井歯科医院", "機関区分": 3, "都道府県コード": 39, "市区町村コード": 201, "所在地": "高知県高知市朝倉本町１ー１３ー２１", "緯度": 33.549279, "経度": 133.4893, "url": "https://www.iryou.teikyouseido.mhlw.go.jp/znk-web/juminkanja/S2430/initialize?prefCd=39&kikanCd=3395113290&kikanKbn=3", "url2": null, "内容": "福井歯科医院【3:歯科】高知県高知市朝倉本町１ー１３ー２１" }, "geometry": { "type": "Point", "coordinates": [ 133.4893, 33.549279 ] } },
{ "type": "Feature", "properties": { "ID": "3933395113450", "正式名称": "小松歯科", "機関区分": 3, "都道府県コード": 39, "市区町村コード": 201, "所在地": "高知県高知市升形３－７　森崎ビル　２Ｆ", "緯度": 33.557533, "経度": 133.527393, "url": "https://www.iryou.teikyouseido.mhlw.go.jp/znk-web/juminkanja/S2430/initialize?prefCd=39&kikanCd=3395113450&kikanKbn=3", "url2": null, "内容": "小松歯科【3:歯科】高知県高知市升形３－７　森崎ビル　２Ｆ" }, "geometry": { "type": "Point", "coordinates": [ 133.527393, 33.557533 ] } },
{ "type": "Feature", "properties": { "ID": "3933395113580", "正式名称": "医療法人山本歯科医院", "機関区分": 3, "都道府県コード": 39, "市区町村コード": 201, "所在地": "高知県高知市鴨部１１４３－４", "緯度": 33.545952, "経度": 133.506415, "url": "https://www.iryou.teikyouseido.mhlw.go.jp/znk-web/juminkanja/S2430/initialize?prefCd=39&kikanCd=3395113580&kikanKbn=3", "url2": null, "内容": "医療法人山本歯科医院【3:歯科】高知県高知市鴨部１１４３－４" }, "geometry": { "type": "Point", "coordinates": [ 133.506415, 33.545952 ] } },
{ "type": "Feature", "properties": { "ID": "3933395114200", "正式名称": "武井歯科医院", "機関区分": 3, "都道府県コード": 39, "市区町村コード": 201, "所在地": "高知県高知市桟橋通", "緯度": 33.553069, "経度": 133.545358, "url": "https://www.iryou.teikyouseido.mhlw.go.jp/znk-web/juminkanja/S2430/initialize?prefCd=39&kikanCd=3395114200&kikanKbn=3", "url2": "https://www.takei-shikaiin.net", "内容": "武井歯科医院【3:歯科】高知県高知市桟橋通" }, "geometry": { "type": "Point", "coordinates": [ 133.545358, 33.553069 ] } },
{ "type": "Feature", "properties": { "ID": "3933395114330", "正式名称": "高橋歯科医院", "機関区分": 3, "都道府県コード": 39, "市区町村コード": 201, "所在地": "高知県高知市高須新町３－１－５２", "緯度": 33.556041, "経度": 133.575613, "url": "https://www.iryou.teikyouseido.mhlw.go.jp/znk-web/juminkanja/S2430/initialize?prefCd=39&kikanCd=3395114330&kikanKbn=3", "url2": null, "内容": "高橋歯科医院【3:歯科】高知県高知市高須新町３－１－５２" }, "geometry": { "type": "Point", "coordinates": [ 133.575613, 33.556041 ] } },
{ "type": "Feature", "properties": { "ID": "3933395114460", "正式名称": "竹中歯科診療所", "機関区分": 3, "都道府県コード": 39, "市区町村コード": 201, "所在地": "高知県高知市福井町１４２８－３０", "緯度": 33.567433, "経度": 133.505075, "url": "https://www.iryou.teikyouseido.mhlw.go.jp/znk-web/juminkanja/S2430/initialize?prefCd=39&kikanCd=3395114460&kikanKbn=3", "url2": null, "内容": "竹中歯科診療所【3:歯科】高知県高知市福井町１４２８－３０" }, "geometry": { "type": "Point", "coordinates": [ 133.505075, 33.567433 ] } },
{ "type": "Feature", "properties": { "ID": "3933395114590", "正式名称": "織田歯科医院", "機関区分": 3, "都道府県コード": 39, "市区町村コード": 201, "所在地": "高知県高知市升形４－１４", "緯度": 33.557985, "経度": 133.528365, "url": "https://www.iryou.teikyouseido.mhlw.go.jp/znk-web/juminkanja/S2430/initialize?prefCd=39&kikanCd=3395114590&kikanKbn=3", "url2": "https://oda-dental-office.jp", "内容": "織田歯科医院【3:歯科】高知県高知市升形４－１４" }, "geometry": { "type": "Point", "coordinates": [ 133.528365, 33.557985 ] } },
{ "type": "Feature", "properties": { "ID": "3933395114750", "正式名称": "高須歯科医院", "機関区分": 3, "都道府県コード": 39, "市区町村コード": 201, "所在地": "高知県高知市高須新町", "緯度": 33.559189, "経度": 133.578071, "url": "https://www.iryou.teikyouseido.mhlw.go.jp/znk-web/juminkanja/S2430/initialize?prefCd=39&kikanCd=3395114750&kikanKbn=3", "url2": null, "内容": "高須歯科医院【3:歯科】高知県高知市高須新町" }, "geometry": { "type": "Point", "coordinates": [ 133.578071, 33.559189 ] } },
{ "type": "Feature", "properties": { "ID": "3933395114880", "正式名称": "あけぼのちょう高橋歯科", "機関区分": 3, "都道府県コード": 39, "市区町村コード": 201, "所在地": "高知県高知市曙町", "緯度": 33.551615, "経度": 133.494188, "url": "https://www.iryou.teikyouseido.mhlw.go.jp/znk-web/juminkanja/S2430/initialize?prefCd=39&kikanCd=3395114880&kikanKbn=3", "url2": "https://www.poncho-dc.com/", "内容": "あけぼのちょう高橋歯科【3:歯科】高知県高知市曙町" }, "geometry": { "type": "Point", "coordinates": [ 133.494188, 33.551615 ] } },
{ "type": "Feature", "properties": { "ID": "3933395114910", "正式名称": "梅原歯科医院", "機関区分": 3, "都道府県コード": 39, "市区町村コード": 201, "所在地": "高知県高知市駅前町５－１　駅前観光ビル３Ｆ", "緯度": 33.565526, "経度": 133.543908, "url": "https://www.iryou.teikyouseido.mhlw.go.jp/znk-web/juminkanja/S2430/initialize?prefCd=39&kikanCd=3395114910&kikanKbn=3", "url2": null, "内容": "梅原歯科医院【3:歯科】高知県高知市駅前町５－１　駅前観光ビル３Ｆ" }, "geometry": { "type": "Point", "coordinates": [ 133.543908, 33.565526 ] } },
{ "type": "Feature", "properties": { "ID": "3933395115180", "正式名称": "前田歯科医院", "機関区分": 3, "都道府県コード": 39, "市区町村コード": 201, "所在地": "高知県高知市追手筋１丁目１－８", "緯度": 33.561803, "経度": 133.542044, "url": "https://www.iryou.teikyouseido.mhlw.go.jp/znk-web/juminkanja/S2430/initialize?prefCd=39&kikanCd=3395115180&kikanKbn=3", "url2": null, "内容": "前田歯科医院【3:歯科】高知県高知市追手筋１丁目１－８" }, "geometry": { "type": "Point", "coordinates": [ 133.542044, 33.561803 ] } },
{ "type": "Feature", "properties": { "ID": "3933395115210", "正式名称": "依岡歯科", "機関区分": 3, "都道府県コード": 39, "市区町村コード": 201, "所在地": "高知県高知市桟橋通３丁目１番２２号", "緯度": 33.547078, "経度": 133.548666, "url": "https://www.iryou.teikyouseido.mhlw.go.jp/znk-web/juminkanja/S2430/initialize?prefCd=39&kikanCd=3395115210&kikanKbn=3", "url2": "https://www.yorioka-dc.com", "内容": "依岡歯科【3:歯科】高知県高知市桟橋通３丁目１番２２号" }, "geometry": { "type": "Point", "coordinates": [ 133.548666, 33.547078 ] } },
{ "type": "Feature", "properties": { "ID": "3933395115340", "正式名称": "オザカ歯科診療所", "機関区分": 3, "都道府県コード": 39, "市区町村コード": 201, "所在地": "高知県高知市長浜", "緯度": 33.497045, "経度": 133.54885, "url": "https://www.iryou.teikyouseido.mhlw.go.jp/znk-web/juminkanja/S2430/initialize?prefCd=39&kikanCd=3395115340&kikanKbn=3", "url2": null, "内容": "オザカ歯科診療所【3:歯科】高知県高知市長浜" }, "geometry": { "type": "Point", "coordinates": [ 133.54885, 33.497045 ] } },
{ "type": "Feature", "properties": { "ID": "3933395115890", "正式名称": "山崎歯科医院", "機関区分": 3, "都道府県コード": 39, "市区町村コード": 201, "所在地": "高知県高知市春野町内ノ谷１３８７－２", "緯度": 33.513425, "経度": 133.521617, "url": "https://www.iryou.teikyouseido.mhlw.go.jp/znk-web/juminkanja/S2430/initialize?prefCd=39&kikanCd=3395115890&kikanKbn=3", "url2": null, "内容": "山崎歯科医院【3:歯科】高知県高知市春野町内ノ谷１３８７－２" }, "geometry": { "type": "Point", "coordinates": [ 133.521617, 33.513425 ] } },
{ "type": "Feature", "properties": { "ID": "3933395116220", "正式名称": "桑名歯科診療所", "機関区分": 3, "都道府県コード": 39, "市区町村コード": 201, "所在地": "高知県高知市堺町２－２０", "緯度": 33.559396, "経度": 133.540433, "url": "https://www.iryou.teikyouseido.mhlw.go.jp/znk-web/juminkanja/S2430/initialize?prefCd=39&kikanCd=3395116220&kikanKbn=3", "url2": "https://www.jda.or.jp/search/detail_13784.html", "内容": "桑名歯科診療所【3:歯科】高知県高知市堺町２－２０" }, "geometry": { "type": "Point", "coordinates": [ 133.540433, 33.559396 ] } },
{ "type": "Feature", "properties": { "ID": "3933395116510", "正式名称": "臼歯会安岡診療所", "機関区分": 3, "都道府県コード": 39, "市区町村コード": 386, "所在地": "高知県吾川郡いの町新町３５番地", "緯度": 33.547921, "経度": 133.429111, "url": "https://www.iryou.teikyouseido.mhlw.go.jp/znk-web/juminkanja/S2430/initialize?prefCd=39&kikanCd=3395116510&kikanKbn=3", "url2": "http://hyddsukyulkiokvoe.p2.weblife.me/", "内容": "臼歯会安岡診療所【3:歯科】高知県吾川郡いの町新町３５番地" }, "geometry": { "type": "Point", "coordinates": [ 133.429111, 33.547921 ] } },
{ "type": "Feature", "properties": { "ID": "3933395116770", "正式名称": "西岡歯科", "機関区分": 3, "都道府県コード": 39, "市区町村コード": 201, "所在地": "高知県高知市上町", "緯度": 33.555173, "経度": 133.521744, "url": "https://www.iryou.teikyouseido.mhlw.go.jp/znk-web/juminkanja/S2430/initialize?prefCd=39&kikanCd=3395116770&kikanKbn=3", "url2": null, "内容": "西岡歯科【3:歯科】高知県高知市上町" }, "geometry": { "type": "Point", "coordinates": [ 133.521744, 33.555173 ] } },
{ "type": "Feature", "properties": { "ID": "3933395116800", "正式名称": "橋村歯科診療所", "機関区分": 3, "都道府県コード": 39, "市区町村コード": 201, "所在地": "高知県高知市鴨部８９１－５　ＭＴビル２Ｆ", "緯度": 33.545487, "経度": 133.501824, "url": "https://www.iryou.teikyouseido.mhlw.go.jp/znk-web/juminkanja/S2430/initialize?prefCd=39&kikanCd=3395116800&kikanKbn=3", "url2": null, "内容": "橋村歯科診療所【3:歯科】高知県高知市鴨部８９１－５　ＭＴビル２Ｆ" }, "geometry": { "type": "Point", "coordinates": [ 133.501824, 33.545487 ] } },
{ "type": "Feature", "properties": { "ID": "3933395117230", "正式名称": "大津歯科医院", "機関区分": 3, "都道府県コード": 39, "市区町村コード": 201, "所在地": "高知県高知市大津乙", "緯度": 33.571198, "経度": 133.597186, "url": "https://www.iryou.teikyouseido.mhlw.go.jp/znk-web/juminkanja/S2430/initialize?prefCd=39&kikanCd=3395117230&kikanKbn=3", "url2": null, "内容": "大津歯科医院【3:歯科】高知県高知市大津乙" }, "geometry": { "type": "Point", "coordinates": [ 133.597186, 33.571198 ] } },
{ "type": "Feature", "properties": { "ID": "3933395117520", "正式名称": "野本歯科診療所", "機関区分": 3, "都道府県コード": 39, "市区町村コード": 201, "所在地": "高知県高知市潮新町２－１－２５　細川ビルＩＩ　２Ｆ", "緯度": 33.550481, "経度": 133.552054, "url": "https://www.iryou.teikyouseido.mhlw.go.jp/znk-web/juminkanja/S2430/initialize?prefCd=39&kikanCd=3395117520&kikanKbn=3", "url2": null, "内容": "野本歯科診療所【3:歯科】高知県高知市潮新町２－１－２５　細川ビルＩＩ　２Ｆ" }, "geometry": { "type": "Point", "coordinates": [ 133.552054, 33.550481 ] } },
{ "type": "Feature", "properties": { "ID": "3933395117940", "正式名称": "池田歯科医院", "機関区分": 3, "都道府県コード": 39, "市区町村コード": 201, "所在地": "高知県高知市横浜東町１３－３９", "緯度": 33.517698, "経度": 133.545248, "url": "https://www.iryou.teikyouseido.mhlw.go.jp/znk-web/juminkanja/S2430/initialize?prefCd=39&kikanCd=3395117940&kikanKbn=3", "url2": null, "内容": "池田歯科医院【3:歯科】高知県高知市横浜東町１３－３９" }, "geometry": { "type": "Point", "coordinates": [ 133.545248, 33.517698 ] } },
{ "type": "Feature", "properties": { "ID": "3933395118110", "正式名称": "上岡歯科医院", "機関区分": 3, "都道府県コード": 39, "市区町村コード": 201, "所在地": "高知県高知市曙町２丁目４番２５号", "緯度": 33.550604, "経度": 133.48545, "url": "https://www.iryou.teikyouseido.mhlw.go.jp/znk-web/juminkanja/S2430/initialize?prefCd=39&kikanCd=3395118110&kikanKbn=3", "url2": null, "内容": "上岡歯科医院【3:歯科】高知県高知市曙町２丁目４番２５号" }, "geometry": { "type": "Point", "coordinates": [ 133.48545, 33.550604 ] } },
{ "type": "Feature", "properties": { "ID": "3933395118370", "正式名称": "中山歯科医院", "機関区分": 3, "都道府県コード": 39, "市区町村コード": 201, "所在地": "高知県高知市札場１８番６号", "緯度": 33.563757, "経度": 133.560803, "url": "https://www.iryou.teikyouseido.mhlw.go.jp/znk-web/juminkanja/S2430/initialize?prefCd=39&kikanCd=3395118370&kikanKbn=3", "url2": null, "内容": "中山歯科医院【3:歯科】高知県高知市札場１８番６号" }, "geometry": { "type": "Point", "coordinates": [ 133.560803, 33.563757 ] } },
{ "type": "Feature", "properties": { "ID": "3933395118820", "正式名称": "藤岡歯科医院", "機関区分": 3, "都道府県コード": 39, "市区町村コード": 201, "所在地": "高知県高知市百石町　２丁目９番６号", "緯度": 33.549044, "経度": 133.545453, "url": "https://www.iryou.teikyouseido.mhlw.go.jp/znk-web/juminkanja/S2430/initialize?prefCd=39&kikanCd=3395118820&kikanKbn=3", "url2": null, "内容": "藤岡歯科医院【3:歯科】高知県高知市百石町　２丁目９番６号" }, "geometry": { "type": "Point", "coordinates": [ 133.545453, 33.549044 ] } },
{ "type": "Feature", "properties": { "ID": "3933395119090", "正式名称": "西内歯科医院", "機関区分": 3, "都道府県コード": 39, "市区町村コード": 201, "所在地": "高知県高知市新屋敷１丁目８番７号", "緯度": 33.564772, "経度": 133.522118, "url": "https://www.iryou.teikyouseido.mhlw.go.jp/znk-web/juminkanja/S2430/initialize?prefCd=39&kikanCd=3395119090&kikanKbn=3", "url2": "https://nishiuchi-dental-clinic.com/", "内容": "西内歯科医院【3:歯科】高知県高知市新屋敷１丁目８番７号" }, "geometry": { "type": "Point", "coordinates": [ 133.522118, 33.564772 ] } },
{ "type": "Feature", "properties": { "ID": "3933395119250", "正式名称": "岸本歯科", "機関区分": 3, "都道府県コード": 39, "市区町村コード": 201, "所在地": "高知県高知市知寄町１の４の１７清涼ハイツ１階", "緯度": 33.558516, "経度": 133.558112, "url": "https://www.iryou.teikyouseido.mhlw.go.jp/znk-web/juminkanja/S2430/initialize?prefCd=39&kikanCd=3395119250&kikanKbn=3", "url2": "https://kishimotoshika.wixsite.com/kishimoto", "内容": "岸本歯科【3:歯科】高知県高知市知寄町１の４の１７清涼ハイツ１階" }, "geometry": { "type": "Point", "coordinates": [ 133.558112, 33.558516 ] } },
{ "type": "Feature", "properties": { "ID": "3933395119540", "正式名称": "坂本歯科", "機関区分": 3, "都道府県コード": 39, "市区町村コード": 201, "所在地": "高知県高知市愛宕町１－５－８（２Ｆ）", "緯度": 33.566103, "経度": 133.537886, "url": "https://www.iryou.teikyouseido.mhlw.go.jp/znk-web/juminkanja/S2430/initialize?prefCd=39&kikanCd=3395119540&kikanKbn=3", "url2": null, "内容": "坂本歯科【3:歯科】高知県高知市愛宕町１－５－８（２Ｆ）" }, "geometry": { "type": "Point", "coordinates": [ 133.537886, 33.566103 ] } },
{ "type": "Feature", "properties": { "ID": "3933395119700", "正式名称": "西村歯科医院", "機関区分": 3, "都道府県コード": 39, "市区町村コード": 204, "所在地": "高知県南国市駅前町１丁目４番２０号", "緯度": 33.578829, "経度": 133.645412, "url": "https://www.iryou.teikyouseido.mhlw.go.jp/znk-web/juminkanja/S2430/initialize?prefCd=39&kikanCd=3395119700&kikanKbn=3", "url2": null, "内容": "西村歯科医院【3:歯科】高知県南国市駅前町１丁目４番２０号" }, "geometry": { "type": "Point", "coordinates": [ 133.645412, 33.578829 ] } },
{ "type": "Feature", "properties": { "ID": "3933395119960", "正式名称": "岡本歯科医院", "機関区分": 3, "都道府県コード": 39, "市区町村コード": 201, "所在地": "高知県高知市塚ノ原９８－４", "緯度": 33.562855, "経度": 133.493013, "url": "https://www.iryou.teikyouseido.mhlw.go.jp/znk-web/juminkanja/S2430/initialize?prefCd=39&kikanCd=3395119960&kikanKbn=3", "url2": null, "内容": "岡本歯科医院【3:歯科】高知県高知市塚ノ原９８－４" }, "geometry": { "type": "Point", "coordinates": [ 133.493013, 33.562855 ] } },
{ "type": "Feature", "properties": { "ID": "3933395120070", "正式名称": "六泉寺歯科", "機関区分": 3, "都道府県コード": 39, "市区町村コード": 201, "所在地": "高知県高知市六泉寺町１５－１３", "緯度": 33.539298, "経度": 133.541611, "url": "https://www.iryou.teikyouseido.mhlw.go.jp/znk-web/juminkanja/S2430/initialize?prefCd=39&kikanCd=3395120070&kikanKbn=3", "url2": "https://rokusenji-shika.com/", "内容": "六泉寺歯科【3:歯科】高知県高知市六泉寺町１５－１３" }, "geometry": { "type": "Point", "coordinates": [ 133.541611, 33.539298 ] } },
{ "type": "Feature", "properties": { "ID": "3933395120100", "正式名称": "鬼谷歯科医院", "機関区分": 3, "都道府県コード": 39, "市区町村コード": 201, "所在地": "高知県高知市葛島１－１０－７５ファミリープラザ２階", "緯度": 33.558539, "経度": 133.572518, "url": "https://www.iryou.teikyouseido.mhlw.go.jp/znk-web/juminkanja/S2430/initialize?prefCd=39&kikanCd=3395120100&kikanKbn=3", "url2": null, "内容": "鬼谷歯科医院【3:歯科】高知県高知市葛島１－１０－７５ファミリープラザ２階" }, "geometry": { "type": "Point", "coordinates": [ 133.572518, 33.558539 ] } },
{ "type": "Feature", "properties": { "ID": "3933395120230", "正式名称": "みもと歯科医院", "機関区分": 3, "都道府県コード": 39, "市区町村コード": 204, "所在地": "高知県南国市大そね甲１５１５", "緯度": 33.569477, "経度": 133.647383, "url": "https://www.iryou.teikyouseido.mhlw.go.jp/znk-web/juminkanja/S2430/initialize?prefCd=39&kikanCd=3395120230&kikanKbn=3", "url2": null, "内容": "みもと歯科医院【3:歯科】高知県南国市大そね甲１５１５" }, "geometry": { "type": "Point", "coordinates": [ 133.647383, 33.569477 ] } },
{ "type": "Feature", "properties": { "ID": "3933395120490", "正式名称": "きよとお歯科", "機関区分": 3, "都道府県コード": 39, "市区町村コード": 201, "所在地": "高知県高知市百石町２丁目２９－１２", "緯度": 33.5467, "経度": 133.543783, "url": "https://www.iryou.teikyouseido.mhlw.go.jp/znk-web/juminkanja/S2430/initialize?prefCd=39&kikanCd=3395120490&kikanKbn=3", "url2": null, "内容": "きよとお歯科【3:歯科】高知県高知市百石町２丁目２９－１２" }, "geometry": { "type": "Point", "coordinates": [ 133.543783, 33.5467 ] } },
{ "type": "Feature", "properties": { "ID": "3933395120520", "正式名称": "ありた歯科", "機関区分": 3, "都道府県コード": 39, "市区町村コード": 201, "所在地": "高知県高知市潮新町２－１２－３４", "緯度": 33.547439, "経度": 133.553441, "url": "https://www.iryou.teikyouseido.mhlw.go.jp/znk-web/juminkanja/S2430/initialize?prefCd=39&kikanCd=3395120520&kikanKbn=3", "url2": "http://www.arita-dc.net", "内容": "ありた歯科【3:歯科】高知県高知市潮新町２－１２－３４" }, "geometry": { "type": "Point", "coordinates": [ 133.553441, 33.547439 ] } },
{ "type": "Feature", "properties": { "ID": "3933395120650", "正式名称": "医療法人　吉野会　神田歯科クリニック", "機関区分": 3, "都道府県コード": 39, "市区町村コード": 201, "所在地": "高知県高知市神田", "緯度": 33.543645, "経度": 133.510727, "url": "https://www.iryou.teikyouseido.mhlw.go.jp/znk-web/juminkanja/S2430/initialize?prefCd=39&kikanCd=3395120650&kikanKbn=3", "url2": "https://www.koda-dc.com", "内容": "医療法人　吉野会　神田歯科クリニック【3:歯科】高知県高知市神田" }, "geometry": { "type": "Point", "coordinates": [ 133.510727, 33.543645 ] } },
{ "type": "Feature", "properties": { "ID": "3933395120780", "正式名称": "宮川歯科医院", "機関区分": 3, "都道府県コード": 39, "市区町村コード": 201, "所在地": "高知県高知市中久万２２３－１", "緯度": 33.572106, "経度": 133.524828, "url": "https://www.iryou.teikyouseido.mhlw.go.jp/znk-web/juminkanja/S2430/initialize?prefCd=39&kikanCd=3395120780&kikanKbn=3", "url2": "http://www.ne.jp/asahi/miyagawa/dentalclinic/", "内容": "宮川歯科医院【3:歯科】高知県高知市中久万２２３－１" }, "geometry": { "type": "Point", "coordinates": [ 133.524828, 33.572106 ] } },
{ "type": "Feature", "properties": { "ID": "3933395121080", "正式名称": "くぼ歯科", "機関区分": 3, "都道府県コード": 39, "市区町村コード": 201, "所在地": "高知県高知市南はりやま町２丁目３－３", "緯度": 33.557703, "経度": 133.523373, "url": "https://www.iryou.teikyouseido.mhlw.go.jp/znk-web/juminkanja/S2430/initialize?prefCd=39&kikanCd=3395121080&kikanKbn=3", "url2": null, "内容": "くぼ歯科【3:歯科】高知県高知市南はりやま町２丁目３－３" }, "geometry": { "type": "Point", "coordinates": [ 133.523373, 33.557703 ] } },
{ "type": "Feature", "properties": { "ID": "3933395121110", "正式名称": "森澤歯科医院", "機関区分": 3, "都道府県コード": 39, "市区町村コード": 201, "所在地": "高知県高知市桟橋通２－１０－４", "緯度": 33.546881, "経度": 133.545828, "url": "https://www.iryou.teikyouseido.mhlw.go.jp/znk-web/juminkanja/S2430/initialize?prefCd=39&kikanCd=3395121110&kikanKbn=3", "url2": null, "内容": "森澤歯科医院【3:歯科】高知県高知市桟橋通２－１０－４" }, "geometry": { "type": "Point", "coordinates": [ 133.545828, 33.546881 ] } },
{ "type": "Feature", "properties": { "ID": "3933395121370", "正式名称": "のむら歯科", "機関区分": 3, "都道府県コード": 39, "市区町村コード": 201, "所在地": "高知県高知市城山町１０－６", "緯度": 33.551166, "経度": 133.515688, "url": "https://www.iryou.teikyouseido.mhlw.go.jp/znk-web/juminkanja/S2430/initialize?prefCd=39&kikanCd=3395121370&kikanKbn=3", "url2": null, "内容": "のむら歯科【3:歯科】高知県高知市城山町１０－６" }, "geometry": { "type": "Point", "coordinates": [ 133.515688, 33.551166 ] } },
{ "type": "Feature", "properties": { "ID": "3933395121400", "正式名称": "オオニシ歯科", "機関区分": 3, "都道府県コード": 39, "市区町村コード": 201, "所在地": "高知県高知市大津乙", "緯度": 33.57169, "経度": 133.595897, "url": "https://www.iryou.teikyouseido.mhlw.go.jp/znk-web/juminkanja/S2430/initialize?prefCd=39&kikanCd=3395121400&kikanKbn=3", "url2": "http://www.866-0024.com/", "内容": "オオニシ歯科【3:歯科】高知県高知市大津乙" }, "geometry": { "type": "Point", "coordinates": [ 133.595897, 33.57169 ] } },
{ "type": "Feature", "properties": { "ID": "3933395121530", "正式名称": "たかはし矯正歯科", "機関区分": 3, "都道府県コード": 39, "市区町村コード": 201, "所在地": "高知県高知市追手筋２丁目５番１１号", "緯度": 33.560666, "経度": 133.535308, "url": "https://www.iryou.teikyouseido.mhlw.go.jp/znk-web/juminkanja/S2430/initialize?prefCd=39&kikanCd=3395121530&kikanKbn=3", "url2": "http://www.takahashi-kyosei.com/", "内容": "たかはし矯正歯科【3:歯科】高知県高知市追手筋２丁目５番１１号" }, "geometry": { "type": "Point", "coordinates": [ 133.535308, 33.560666 ] } },
{ "type": "Feature", "properties": { "ID": "3933395121660", "正式名称": "ふじい小児・矯正歯科クリニック", "機関区分": 3, "都道府県コード": 39, "市区町村コード": 201, "所在地": "高知県高知市横内４５７－１", "緯度": 33.566302, "経度": 133.500781, "url": "https://www.iryou.teikyouseido.mhlw.go.jp/znk-web/juminkanja/S2430/initialize?prefCd=39&kikanCd=3395121660&kikanKbn=3", "url2": null, "内容": "ふじい小児・矯正歯科クリニック【3:歯科】高知県高知市横内４５７－１" }, "geometry": { "type": "Point", "coordinates": [ 133.500781, 33.566302 ] } },
{ "type": "Feature", "properties": { "ID": "3933395121790", "正式名称": "井上歯科医院", "機関区分": 3, "都道府県コード": 39, "市区町村コード": 201, "所在地": "高知県高知市朝倉甲藤原ビル２階", "緯度": 33.540968, "経度": 133.49288, "url": "https://www.iryou.teikyouseido.mhlw.go.jp/znk-web/juminkanja/S2430/initialize?prefCd=39&kikanCd=3395121790&kikanKbn=3", "url2": null, "内容": "井上歯科医院【3:歯科】高知県高知市朝倉甲藤原ビル２階" }, "geometry": { "type": "Point", "coordinates": [ 133.49288, 33.540968 ] } },
{ "type": "Feature", "properties": { "ID": "3933395121820", "正式名称": "秦泉寺歯科医院", "機関区分": 3, "都道府県コード": 39, "市区町村コード": 201, "所在地": "高知県高知市中秦泉寺４５－２Ｆ", "緯度": 33.57884, "経度": 133.536731, "url": "https://www.iryou.teikyouseido.mhlw.go.jp/znk-web/juminkanja/S2430/initialize?prefCd=39&kikanCd=3395121820&kikanKbn=3", "url2": "http://www.jnznj-dc.com/", "内容": "秦泉寺歯科医院【3:歯科】高知県高知市中秦泉寺４５－２Ｆ" }, "geometry": { "type": "Point", "coordinates": [ 133.536731, 33.57884 ] } },
{ "type": "Feature", "properties": { "ID": "3933395121950", "正式名称": "藤崎歯科医院", "機関区分": 3, "都道府県コード": 39, "市区町村コード": 201, "所在地": "高知県高知市帯屋町１丁目７番１８号", "緯度": 33.560477, "経度": 133.541027, "url": "https://www.iryou.teikyouseido.mhlw.go.jp/znk-web/juminkanja/S2430/initialize?prefCd=39&kikanCd=3395121950&kikanKbn=3", "url2": null, "内容": "藤崎歯科医院【3:歯科】高知県高知市帯屋町１丁目７番１８号" }, "geometry": { "type": "Point", "coordinates": [ 133.541027, 33.560477 ] } },
{ "type": "Feature", "properties": { "ID": "3933395122090", "正式名称": "いのべ歯科医院", "機関区分": 3, "都道府県コード": 39, "市区町村コード": 201, "所在地": "高知県高知市上町５丁目６－７", "緯度": 33.556034, "経度": 133.518474, "url": "https://www.iryou.teikyouseido.mhlw.go.jp/znk-web/juminkanja/S2430/initialize?prefCd=39&kikanCd=3395122090&kikanKbn=3", "url2": null, "内容": "いのべ歯科医院【3:歯科】高知県高知市上町５丁目６－７" }, "geometry": { "type": "Point", "coordinates": [ 133.518474, 33.556034 ] } },
{ "type": "Feature", "properties": { "ID": "3933395122120", "正式名称": "岩田歯科診療所", "機関区分": 3, "都道府県コード": 39, "市区町村コード": 201, "所在地": "高知県高知市梅ノ辻９－１８", "緯度": 33.553527, "経度": 133.542733, "url": "https://www.iryou.teikyouseido.mhlw.go.jp/znk-web/juminkanja/S2430/initialize?prefCd=39&kikanCd=3395122120&kikanKbn=3", "url2": null, "内容": "岩田歯科診療所【3:歯科】高知県高知市梅ノ辻９－１８" }, "geometry": { "type": "Point", "coordinates": [ 133.542733, 33.553527 ] } },
{ "type": "Feature", "properties": { "ID": "3933395122250", "正式名称": "津田歯科", "機関区分": 3, "都道府県コード": 39, "市区町村コード": 201, "所在地": "高知県高知市新本町２丁目１３－４６", "緯度": 33.56894, "経度": 133.547307, "url": "https://www.iryou.teikyouseido.mhlw.go.jp/znk-web/juminkanja/S2430/initialize?prefCd=39&kikanCd=3395122250&kikanKbn=3", "url2": null, "内容": "津田歯科【3:歯科】高知県高知市新本町２丁目１３－４６" }, "geometry": { "type": "Point", "coordinates": [ 133.547307, 33.56894 ] } },
{ "type": "Feature", "properties": { "ID": "3933395122380", "正式名称": "まえだ歯科", "機関区分": 3, "都道府県コード": 39, "市区町村コード": 201, "所在地": "高知県高知市伊勢崎町１１－７", "緯度": 33.569476, "経度": 133.52906, "url": "https://www.iryou.teikyouseido.mhlw.go.jp/znk-web/juminkanja/S2430/initialize?prefCd=39&kikanCd=3395122380&kikanKbn=3", "url2": null, "内容": "まえだ歯科【3:歯科】高知県高知市伊勢崎町１１－７" }, "geometry": { "type": "Point", "coordinates": [ 133.52906, 33.569476 ] } },
{ "type": "Feature", "properties": { "ID": "3933395122670", "正式名称": "安光歯科", "機関区分": 3, "都道府県コード": 39, "市区町村コード": 386, "所在地": "高知県吾川郡いの町天王南２丁目１－１", "緯度": 33.530212, "経度": 133.447309, "url": "https://www.iryou.teikyouseido.mhlw.go.jp/znk-web/juminkanja/S2430/initialize?prefCd=39&kikanCd=3395122670&kikanKbn=3", "url2": "HTTP://www.yasumitsu.net", "内容": "安光歯科【3:歯科】高知県吾川郡いの町天王南２丁目１－１" }, "geometry": { "type": "Point", "coordinates": [ 133.447309, 33.530212 ] } },
{ "type": "Feature", "properties": { "ID": "3933395122700", "正式名称": "森本歯科医院", "機関区分": 3, "都道府県コード": 39, "市区町村コード": 201, "所在地": "高知県高知市高須東町７－１５", "緯度": 33.559964, "経度": 133.593053, "url": "https://www.iryou.teikyouseido.mhlw.go.jp/znk-web/juminkanja/S2430/initialize?prefCd=39&kikanCd=3395122700&kikanKbn=3", "url2": null, "内容": "森本歯科医院【3:歯科】高知県高知市高須東町７－１５" }, "geometry": { "type": "Point", "coordinates": [ 133.593053, 33.559964 ] } },
{ "type": "Feature", "properties": { "ID": "3933395122960", "正式名称": "西山歯科", "機関区分": 3, "都道府県コード": 39, "市区町村コード": 201, "所在地": "高知県高知市日の出町４－１０", "緯度": 33.561158, "経度": 133.555759, "url": "https://www.iryou.teikyouseido.mhlw.go.jp/znk-web/juminkanja/S2430/initialize?prefCd=39&kikanCd=3395122960&kikanKbn=3", "url2": null, "内容": "西山歯科【3:歯科】高知県高知市日の出町４－１０" }, "geometry": { "type": "Point", "coordinates": [ 133.555759, 33.561158 ] } },
{ "type": "Feature", "properties": { "ID": "3933395123000", "正式名称": "前田歯科医院", "機関区分": 3, "都道府県コード": 39, "市区町村コード": 201, "所在地": "高知県高知市朝倉西町２丁目１６番１２号　アーネスト針木２１７号", "緯度": 33.53749, "経度": 133.478634, "url": "https://www.iryou.teikyouseido.mhlw.go.jp/znk-web/juminkanja/S2430/initialize?prefCd=39&kikanCd=3395123000&kikanKbn=3", "url2": null, "内容": "前田歯科医院【3:歯科】高知県高知市朝倉西町２丁目１６番１２号　アーネスト針木２１７号" }, "geometry": { "type": "Point", "coordinates": [ 133.478634, 33.53749 ] } },
{ "type": "Feature", "properties": { "ID": "3933395123130", "正式名称": "大原歯科医院", "機関区分": 3, "都道府県コード": 39, "市区町村コード": 386, "所在地": "高知県吾川郡いの町３６３０", "緯度": 33.548671, "経度": 133.427708, "url": "https://www.iryou.teikyouseido.mhlw.go.jp/znk-web/juminkanja/S2430/initialize?prefCd=39&kikanCd=3395123130&kikanKbn=3", "url2": "ohara-dent.com", "内容": "大原歯科医院【3:歯科】高知県吾川郡いの町３６３０" }, "geometry": { "type": "Point", "coordinates": [ 133.427708, 33.548671 ] } },
{ "type": "Feature", "properties": { "ID": "3933395123260", "正式名称": "あさぎ歯科医院", "機関区分": 3, "都道府県コード": 39, "市区町村コード": 201, "所在地": "高知県高知市高須２－３－５０", "緯度": 33.559477, "経度": 133.584611, "url": "https://www.iryou.teikyouseido.mhlw.go.jp/znk-web/juminkanja/S2430/initialize?prefCd=39&kikanCd=3395123260&kikanKbn=3", "url2": null, "内容": "あさぎ歯科医院【3:歯科】高知県高知市高須２－３－５０" }, "geometry": { "type": "Point", "coordinates": [ 133.584611, 33.559477 ] } },
{ "type": "Feature", "properties": { "ID": "3933395123420", "正式名称": "岡本歯科", "機関区分": 3, "都道府県コード": 39, "市区町村コード": 201, "所在地": "高知県高知市朝倉甲８６−４", "緯度": 33.543365, "経度": 133.498231, "url": "https://www.iryou.teikyouseido.mhlw.go.jp/znk-web/juminkanja/S2430/initialize?prefCd=39&kikanCd=3395123420&kikanKbn=3", "url2": "https://dental-okamoto.com/", "内容": "岡本歯科【3:歯科】高知県高知市朝倉甲８６−４" }, "geometry": { "type": "Point", "coordinates": [ 133.498231, 33.543365 ] } },
{ "type": "Feature", "properties": { "ID": "3933395123550", "正式名称": "はまだ子ども歯科矯正歯科", "機関区分": 3, "都道府県コード": 39, "市区町村コード": 201, "所在地": "高知県高知市百石町１－１５－１５", "緯度": 33.550111, "経度": 133.543619, "url": "https://www.iryou.teikyouseido.mhlw.go.jp/znk-web/juminkanja/S2430/initialize?prefCd=39&kikanCd=3395123550&kikanKbn=3", "url2": "http://www.hamada-ddsc.jp/index.html", "内容": "はまだ子ども歯科矯正歯科【3:歯科】高知県高知市百石町１－１５－１５" }, "geometry": { "type": "Point", "coordinates": [ 133.543619, 33.550111 ] } },
{ "type": "Feature", "properties": { "ID": "3933395123680", "正式名称": "かっとう歯科", "機関区分": 3, "都道府県コード": 39, "市区町村コード": 201, "所在地": "高知県高知市本町１－７－１４", "緯度": 33.558307, "経度": 133.53995, "url": "https://www.iryou.teikyouseido.mhlw.go.jp/znk-web/juminkanja/S2430/initialize?prefCd=39&kikanCd=3395123680&kikanKbn=3", "url2": null, "内容": "かっとう歯科【3:歯科】高知県高知市本町１－７－１４" }, "geometry": { "type": "Point", "coordinates": [ 133.53995, 33.558307 ] } },
{ "type": "Feature", "properties": { "ID": "3933395123840", "正式名称": "吉川歯科医院", "機関区分": 3, "都道府県コード": 39, "市区町村コード": 201, "所在地": "高知県高知市北本町１－７－１８", "緯度": 33.566181, "経度": 133.539905, "url": "https://www.iryou.teikyouseido.mhlw.go.jp/znk-web/juminkanja/S2430/initialize?prefCd=39&kikanCd=3395123840&kikanKbn=3", "url2": null, "内容": "吉川歯科医院【3:歯科】高知県高知市北本町１－７－１８" }, "geometry": { "type": "Point", "coordinates": [ 133.539905, 33.566181 ] } },
{ "type": "Feature", "properties": { "ID": "3933395123970", "正式名称": "横浜ニュータウンくぼ歯科", "機関区分": 3, "都道府県コード": 39, "市区町村コード": 201, "所在地": "高知県高知市横浜新町３丁目１１８", "緯度": 33.518281, "経度": 133.534216, "url": "https://www.iryou.teikyouseido.mhlw.go.jp/znk-web/juminkanja/S2430/initialize?prefCd=39&kikanCd=3395123970&kikanKbn=3", "url2": null, "内容": "横浜ニュータウンくぼ歯科【3:歯科】高知県高知市横浜新町３丁目１１８" }, "geometry": { "type": "Point", "coordinates": [ 133.534216, 33.518281 ] } },
{ "type": "Feature", "properties": { "ID": "3933395124010", "正式名称": "安田歯科", "機関区分": 3, "都道府県コード": 39, "市区町村コード": 201, "所在地": "高知県高知市愛宕山南町３－９", "緯度": 33.57428, "経度": 133.538355, "url": "https://www.iryou.teikyouseido.mhlw.go.jp/znk-web/juminkanja/S2430/initialize?prefCd=39&kikanCd=3395124010&kikanKbn=3", "url2": null, "内容": "安田歯科【3:歯科】高知県高知市愛宕山南町３－９" }, "geometry": { "type": "Point", "coordinates": [ 133.538355, 33.57428 ] } },
{ "type": "Feature", "properties": { "ID": "3933395124140", "正式名称": "医療法人　口誠会　大野歯科", "機関区分": 3, "都道府県コード": 39, "市区町村コード": 201, "所在地": "高知県高知市旭町３丁目６７番地１", "緯度": 33.55534, "経度": 133.505023, "url": "https://www.iryou.teikyouseido.mhlw.go.jp/znk-web/juminkanja/S2430/initialize?prefCd=39&kikanCd=3395124140&kikanKbn=3", "url2": "http://www.ohno-dental.net/", "内容": "医療法人　口誠会　大野歯科【3:歯科】高知県高知市旭町３丁目６７番地１" }, "geometry": { "type": "Point", "coordinates": [ 133.505023, 33.55534 ] } },
{ "type": "Feature", "properties": { "ID": "3933395124300", "正式名称": "大西歯科", "機関区分": 3, "都道府県コード": 39, "市区町村コード": 201, "所在地": "高知県高知市槇山町１３番５号", "緯度": 33.535635, "経度": 133.483187, "url": "https://www.iryou.teikyouseido.mhlw.go.jp/znk-web/juminkanja/S2430/initialize?prefCd=39&kikanCd=3395124300&kikanKbn=3", "url2": null, "内容": "大西歯科【3:歯科】高知県高知市槇山町１３番５号" }, "geometry": { "type": "Point", "coordinates": [ 133.483187, 33.535635 ] } },
{ "type": "Feature", "properties": { "ID": "3933395124560", "正式名称": "広田歯科医院", "機関区分": 3, "都道府県コード": 39, "市区町村コード": 201, "所在地": "高知県高知市春野町芳原３４０１", "緯度": 33.504953, "経度": 133.516607, "url": "https://www.iryou.teikyouseido.mhlw.go.jp/znk-web/juminkanja/S2430/initialize?prefCd=39&kikanCd=3395124560&kikanKbn=3", "url2": "http://hirotashika.la.coocan.jp", "内容": "広田歯科医院【3:歯科】高知県高知市春野町芳原３４０１" }, "geometry": { "type": "Point", "coordinates": [ 133.516607, 33.504953 ] } },
{ "type": "Feature", "properties": { "ID": "3933395124690", "正式名称": "松木歯科医院", "機関区分": 3, "都道府県コード": 39, "市区町村コード": 201, "所在地": "高知県高知市愛宕町４－１３－４", "緯度": 33.574758, "経度": 133.537494, "url": "https://www.iryou.teikyouseido.mhlw.go.jp/znk-web/juminkanja/S2430/initialize?prefCd=39&kikanCd=3395124690&kikanKbn=3", "url2": null, "内容": "松木歯科医院【3:歯科】高知県高知市愛宕町４－１３－４" }, "geometry": { "type": "Point", "coordinates": [ 133.537494, 33.574758 ] } },
{ "type": "Feature", "properties": { "ID": "3933395124850", "正式名称": "医療法人社団圭翔会　潮江歯科クリニック", "機関区分": 3, "都道府県コード": 39, "市区町村コード": 201, "所在地": "高知県高知市塩屋崎町２－１－１", "緯度": 33.549572, "経度": 133.542075, "url": "https://www.iryou.teikyouseido.mhlw.go.jp/znk-web/juminkanja/S2430/initialize?prefCd=39&kikanCd=3395124850&kikanKbn=3", "url2": null, "内容": "医療法人社団圭翔会　潮江歯科クリニック【3:歯科】高知県高知市塩屋崎町２－１－１" }, "geometry": { "type": "Point", "coordinates": [ 133.542075, 33.549572 ] } },
{ "type": "Feature", "properties": { "ID": "3933395125020", "正式名称": "つつい歯科", "機関区分": 3, "都道府県コード": 39, "市区町村コード": 201, "所在地": "高知県高知市知寄町２－２－４１知寄町マンション１Ｆ", "緯度": 33.558208, "経度": 133.560842, "url": "https://www.iryou.teikyouseido.mhlw.go.jp/znk-web/juminkanja/S2430/initialize?prefCd=39&kikanCd=3395125020&kikanKbn=3", "url2": null, "内容": "つつい歯科【3:歯科】高知県高知市知寄町２－２－４１知寄町マンション１Ｆ" }, "geometry": { "type": "Point", "coordinates": [ 133.560842, 33.558208 ] } },
{ "type": "Feature", "properties": { "ID": "3933395125150", "正式名称": "おおくぼ歯科", "機関区分": 3, "都道府県コード": 39, "市区町村コード": 201, "所在地": "高知県高知市福井町８０４ー１", "緯度": 33.566355, "経度": 133.511538, "url": "https://www.iryou.teikyouseido.mhlw.go.jp/znk-web/juminkanja/S2430/initialize?prefCd=39&kikanCd=3395125150&kikanKbn=3", "url2": "https://www.8230052.com", "内容": "おおくぼ歯科【3:歯科】高知県高知市福井町８０４ー１" }, "geometry": { "type": "Point", "coordinates": [ 133.511538, 33.566355 ] } },
{ "type": "Feature", "properties": { "ID": "3933395125310", "正式名称": "たけさき歯科", "機関区分": 3, "都道府県コード": 39, "市区町村コード": 201, "所在地": "高知県高知市旭上町６番３号", "緯度": 33.557423, "経度": 133.505045, "url": "https://www.iryou.teikyouseido.mhlw.go.jp/znk-web/juminkanja/S2430/initialize?prefCd=39&kikanCd=3395125310&kikanKbn=3", "url2": null, "内容": "たけさき歯科【3:歯科】高知県高知市旭上町６番３号" }, "geometry": { "type": "Point", "coordinates": [ 133.505045, 33.557423 ] } },
{ "type": "Feature", "properties": { "ID": "3933395125440", "正式名称": "志和デンタルオフィス", "機関区分": 3, "都道府県コード": 39, "市区町村コード": 201, "所在地": "高知県高知市高須３丁目４番５０号", "緯度": 33.56072, "経度": 133.589909, "url": "https://www.iryou.teikyouseido.mhlw.go.jp/znk-web/juminkanja/S2430/initialize?prefCd=39&kikanCd=3395125440&kikanKbn=3", "url2": null, "内容": "志和デンタルオフィス【3:歯科】高知県高知市高須３丁目４番５０号" }, "geometry": { "type": "Point", "coordinates": [ 133.589909, 33.56072 ] } },
{ "type": "Feature", "properties": { "ID": "3933395125570", "正式名称": "山﨑歯科診療所", "機関区分": 3, "都道府県コード": 39, "市区町村コード": 201, "所在地": "高知県高知市朝倉本町", "緯度": 33.54697, "経度": 133.492438, "url": "https://www.iryou.teikyouseido.mhlw.go.jp/znk-web/juminkanja/S2430/initialize?prefCd=39&kikanCd=3395125570&kikanKbn=3", "url2": null, "内容": "山﨑歯科診療所【3:歯科】高知県高知市朝倉本町" }, "geometry": { "type": "Point", "coordinates": [ 133.492438, 33.54697 ] } },
{ "type": "Feature", "properties": { "ID": "3933395125600", "正式名称": "小松歯科診療所", "機関区分": 3, "都道府県コード": 39, "市区町村コード": 201, "所在地": "高知県高知市南はりまや町１－１７－８", "緯度": 33.559085, "経度": 133.544566, "url": "https://www.iryou.teikyouseido.mhlw.go.jp/znk-web/juminkanja/S2430/initialize?prefCd=39&kikanCd=3395125600&kikanKbn=3", "url2": null, "内容": "小松歯科診療所【3:歯科】高知県高知市南はりまや町１－１７－８" }, "geometry": { "type": "Point", "coordinates": [ 133.544566, 33.559085 ] } },
{ "type": "Feature", "properties": { "ID": "3933395125730", "正式名称": "みやべ歯科", "機関区分": 3, "都道府県コード": 39, "市区町村コード": 201, "所在地": "高知県高知市大膳町１－３６", "緯度": 33.558643, "経度": 133.524338, "url": "https://www.iryou.teikyouseido.mhlw.go.jp/znk-web/juminkanja/S2430/initialize?prefCd=39&kikanCd=3395125730&kikanKbn=3", "url2": "https://itp.ne.jp/info/399002395400000899/", "内容": "みやべ歯科【3:歯科】高知県高知市大膳町１－３６" }, "geometry": { "type": "Point", "coordinates": [ 133.524338, 33.558643 ] } },
{ "type": "Feature", "properties": { "ID": "3933395125860", "正式名称": "依岡歯科クリニック", "機関区分": 3, "都道府県コード": 39, "市区町村コード": 201, "所在地": "高知県高知市小津町８－３", "緯度": 33.563819, "経度": 133.528272, "url": "https://www.iryou.teikyouseido.mhlw.go.jp/znk-web/juminkanja/S2430/initialize?prefCd=39&kikanCd=3395125860&kikanKbn=3", "url2": "http://8203208.com", "内容": "依岡歯科クリニック【3:歯科】高知県高知市小津町８－３" }, "geometry": { "type": "Point", "coordinates": [ 133.528272, 33.563819 ] } },
{ "type": "Feature", "properties": { "ID": "3933395125990", "正式名称": "ほそかわ歯科医院", "機関区分": 3, "都道府県コード": 39, "市区町村コード": 201, "所在地": "高知県高知市東秦泉寺７６－１", "緯度": 33.577903, "経度": 133.54623, "url": "https://www.iryou.teikyouseido.mhlw.go.jp/znk-web/juminkanja/S2430/initialize?prefCd=39&kikanCd=3395125990&kikanKbn=3", "url2": null, "内容": "ほそかわ歯科医院【3:歯科】高知県高知市東秦泉寺７６－１" }, "geometry": { "type": "Point", "coordinates": [ 133.54623, 33.577903 ] } },
{ "type": "Feature", "properties": { "ID": "3933395126030", "正式名称": "田原歯科診療所", "機関区分": 3, "都道府県コード": 39, "市区町村コード": 205, "所在地": "高知県土佐市高岡町甲１９６５番地１", "緯度": 33.495355, "経度": 133.428369, "url": "https://www.iryou.teikyouseido.mhlw.go.jp/znk-web/juminkanja/S2430/initialize?prefCd=39&kikanCd=3395126030&kikanKbn=3", "url2": null, "内容": "田原歯科診療所【3:歯科】高知県土佐市高岡町甲１９６５番地１" }, "geometry": { "type": "Point", "coordinates": [ 133.428369, 33.495355 ] } },
{ "type": "Feature", "properties": { "ID": "3933395126160", "正式名称": "久万田歯科", "機関区分": 3, "都道府県コード": 39, "市区町村コード": 386, "所在地": "高知県吾川郡いの町枝川２９９", "緯度": 33.551092, "経度": 133.447642, "url": "https://www.iryou.teikyouseido.mhlw.go.jp/znk-web/juminkanja/S2430/initialize?prefCd=39&kikanCd=3395126160&kikanKbn=3", "url2": null, "内容": "久万田歯科【3:歯科】高知県吾川郡いの町枝川２９９" }, "geometry": { "type": "Point", "coordinates": [ 133.447642, 33.551092 ] } },
{ "type": "Feature", "properties": { "ID": "3933395126320", "正式名称": "ごとう歯科", "機関区分": 3, "都道府県コード": 39, "市区町村コード": 201, "所在地": "高知県高知市一宮中町１丁目１４番４０号　シルキーハイツ１階", "緯度": 33.581697, "経度": 133.571001, "url": "https://www.iryou.teikyouseido.mhlw.go.jp/znk-web/juminkanja/S2430/initialize?prefCd=39&kikanCd=3395126320&kikanKbn=3", "url2": null, "内容": "ごとう歯科【3:歯科】高知県高知市一宮中町１丁目１４番４０号　シルキーハイツ１階" }, "geometry": { "type": "Point", "coordinates": [ 133.571001, 33.581697 ] } },
{ "type": "Feature", "properties": { "ID": "3933395126580", "正式名称": "公文歯科", "機関区分": 3, "都道府県コード": 39, "市区町村コード": 201, "所在地": "高知県高知市中水道７－１９", "緯度": 33.568251, "経度": 133.536144, "url": "https://www.iryou.teikyouseido.mhlw.go.jp/znk-web/juminkanja/S2430/initialize?prefCd=39&kikanCd=3395126580&kikanKbn=3", "url2": "http://www.kumon-shika.com/", "内容": "公文歯科【3:歯科】高知県高知市中水道７－１９" }, "geometry": { "type": "Point", "coordinates": [ 133.536144, 33.568251 ] } },
{ "type": "Feature", "properties": { "ID": "3933395126610", "正式名称": "高橋歯科", "機関区分": 3, "都道府県コード": 39, "市区町村コード": 201, "所在地": "高知県高知市長尾山町８３", "緯度": 33.557548, "経度": 133.502834, "url": "https://www.iryou.teikyouseido.mhlw.go.jp/znk-web/juminkanja/S2430/initialize?prefCd=39&kikanCd=3395126610&kikanKbn=3", "url2": null, "内容": "高橋歯科【3:歯科】高知県高知市長尾山町８３" }, "geometry": { "type": "Point", "coordinates": [ 133.502834, 33.557548 ] } },
{ "type": "Feature", "properties": { "ID": "3933395200190", "正式名称": "岡崎歯科クリニック", "機関区分": 3, "都道府県コード": 39, "市区町村コード": 203, "所在地": "高知県安芸市庄之芝町９－４２", "緯度": 33.503291, "経度": 133.899374, "url": "https://www.iryou.teikyouseido.mhlw.go.jp/znk-web/juminkanja/S2430/initialize?prefCd=39&kikanCd=3395200190&kikanKbn=3", "url2": null, "内容": "岡崎歯科クリニック【3:歯科】高知県安芸市庄之芝町９－４２" }, "geometry": { "type": "Point", "coordinates": [ 133.899374, 33.503291 ] } },
{ "type": "Feature", "properties": { "ID": "3933395200350", "正式名称": "津田歯科医院", "機関区分": 3, "都道府県コード": 39, "市区町村コード": 203, "所在地": "高知県安芸市本町２丁目４－２９", "緯度": 33.499044, "経度": 133.906308, "url": "https://www.iryou.teikyouseido.mhlw.go.jp/znk-web/juminkanja/S2430/initialize?prefCd=39&kikanCd=3395200350&kikanKbn=3", "url2": null, "内容": "津田歯科医院【3:歯科】高知県安芸市本町２丁目４－２９" }, "geometry": { "type": "Point", "coordinates": [ 133.906308, 33.499044 ] } },
{ "type": "Feature", "properties": { "ID": "3933395200510", "正式名称": "長野歯科", "機関区分": 3, "都道府県コード": 39, "市区町村コード": 203, "所在地": "高知県安芸市久世町２－１", "緯度": 33.501, "経度": 133.905888, "url": "https://www.iryou.teikyouseido.mhlw.go.jp/znk-web/juminkanja/S2430/initialize?prefCd=39&kikanCd=3395200510&kikanKbn=3", "url2": null, "内容": "長野歯科【3:歯科】高知県安芸市久世町２－１" }, "geometry": { "type": "Point", "coordinates": [ 133.905888, 33.501 ] } },
{ "type": "Feature", "properties": { "ID": "3933395200770", "正式名称": "松田歯科医院", "機関区分": 3, "都道府県コード": 39, "市区町村コード": 203, "所在地": "高知県安芸市本町２－６－５", "緯度": 33.499889, "経度": 133.907366, "url": "https://www.iryou.teikyouseido.mhlw.go.jp/znk-web/juminkanja/S2430/initialize?prefCd=39&kikanCd=3395200770&kikanKbn=3", "url2": null, "内容": "松田歯科医院【3:歯科】高知県安芸市本町２－６－５" }, "geometry": { "type": "Point", "coordinates": [ 133.907366, 33.499889 ] } },
{ "type": "Feature", "properties": { "ID": "3933395201490", "正式名称": "安岡歯科診療所", "機関区分": 3, "都道府県コード": 39, "市区町村コード": 303, "所在地": "高知県安芸郡田野町１４４７－３", "緯度": 33.4301, "経度": 134.00689, "url": "https://www.iryou.teikyouseido.mhlw.go.jp/znk-web/juminkanja/S2430/initialize?prefCd=39&kikanCd=3395201490&kikanKbn=3", "url2": null, "内容": "安岡歯科診療所【3:歯科】高知県安芸郡田野町１４４７－３" }, "geometry": { "type": "Point", "coordinates": [ 134.00689, 33.4301 ] } },
{ "type": "Feature", "properties": { "ID": "3933395201780", "正式名称": "普光江歯科診療所", "機関区分": 3, "都道府県コード": 39, "市区町村コード": 303, "所在地": "高知県安芸郡田野町２１４７−３", "緯度": 33.426745, "経度": 134.009201, "url": "https://www.iryou.teikyouseido.mhlw.go.jp/znk-web/juminkanja/S2430/initialize?prefCd=39&kikanCd=3395201780&kikanKbn=3", "url2": "http://fukoe-shika.com", "内容": "普光江歯科診療所【3:歯科】高知県安芸郡田野町２１４７−３" }, "geometry": { "type": "Point", "coordinates": [ 134.009201, 33.426745 ] } },
{ "type": "Feature", "properties": { "ID": "3933395201940", "正式名称": "手島歯科", "機関区分": 3, "都道府県コード": 39, "市区町村コード": 302, "所在地": "高知県安芸郡奈半利町乙", "緯度": 33.426967, "経度": 134.020205, "url": "https://www.iryou.teikyouseido.mhlw.go.jp/znk-web/juminkanja/S2430/initialize?prefCd=39&kikanCd=3395201940&kikanKbn=3", "url2": null, "内容": "手島歯科【3:歯科】高知県安芸郡奈半利町乙" }, "geometry": { "type": "Point", "coordinates": [ 134.020205, 33.426967 ] } },
{ "type": "Feature", "properties": { "ID": "3933395202240", "正式名称": "おぎ歯科医院", "機関区分": 3, "都道府県コード": 39, "市区町村コード": 203, "所在地": "高知県安芸市本町３丁目４－１６", "緯度": 33.499186, "経度": 133.90465, "url": "https://www.iryou.teikyouseido.mhlw.go.jp/znk-web/juminkanja/S2430/initialize?prefCd=39&kikanCd=3395202240&kikanKbn=3", "url2": null, "内容": "おぎ歯科医院【3:歯科】高知県安芸市本町３丁目４－１６" }, "geometry": { "type": "Point", "coordinates": [ 133.90465, 33.499186 ] } },
{ "type": "Feature", "properties": { "ID": "3933395202370", "正式名称": "せんとう歯科", "機関区分": 3, "都道府県コード": 39, "市区町村コード": 203, "所在地": "高知県安芸市矢ノ丸３丁目２番１９号", "緯度": 33.503676, "経度": 133.907188, "url": "https://www.iryou.teikyouseido.mhlw.go.jp/znk-web/juminkanja/S2430/initialize?prefCd=39&kikanCd=3395202370&kikanKbn=3", "url2": null, "内容": "せんとう歯科【3:歯科】高知県安芸市矢ノ丸３丁目２番１９号" }, "geometry": { "type": "Point", "coordinates": [ 133.907188, 33.503676 ] } },
{ "type": "Feature", "properties": { "ID": "3933395202400", "正式名称": "小森歯科医院", "機関区分": 3, "都道府県コード": 39, "市区町村コード": 302, "所在地": "高知県安芸郡奈半利町乙１６７７ー１", "緯度": 33.425267, "経度": 134.02103, "url": "https://www.iryou.teikyouseido.mhlw.go.jp/znk-web/juminkanja/S2430/initialize?prefCd=39&kikanCd=3395202400&kikanKbn=3", "url2": null, "内容": "小森歯科医院【3:歯科】高知県安芸郡奈半利町乙１６７７ー１" }, "geometry": { "type": "Point", "coordinates": [ 134.02103, 33.425267 ] } },
{ "type": "Feature", "properties": { "ID": "3933395202530", "正式名称": "芸西歯科", "機関区分": 3, "都道府県コード": 39, "市区町村コード": 307, "所在地": "高知県安芸郡芸西村和食甲１２９０", "緯度": 33.526582, "経度": 133.80882, "url": "https://www.iryou.teikyouseido.mhlw.go.jp/znk-web/juminkanja/S2430/initialize?prefCd=39&kikanCd=3395202530&kikanKbn=3", "url2": null, "内容": "芸西歯科【3:歯科】高知県安芸郡芸西村和食甲１２９０" }, "geometry": { "type": "Point", "coordinates": [ 133.80882, 33.526582 ] } },
{ "type": "Feature", "properties": { "ID": "3933395202790", "正式名称": "みやた歯科", "機関区分": 3, "都道府県コード": 39, "市区町村コード": 304, "所在地": "高知県安芸郡安田町安田１６５３", "緯度": 33.435615, "経度": 133.983461, "url": "https://www.iryou.teikyouseido.mhlw.go.jp/znk-web/juminkanja/S2430/initialize?prefCd=39&kikanCd=3395202790&kikanKbn=3", "url2": null, "内容": "みやた歯科【3:歯科】高知県安芸郡安田町安田１６５３" }, "geometry": { "type": "Point", "coordinates": [ 133.983461, 33.435615 ] } },
{ "type": "Feature", "properties": { "ID": "3933395300120", "正式名称": "河合歯科医院", "機関区分": 3, "都道府県コード": 39, "市区町村コード": 205, "所在地": "高知県土佐市宇佐町宇佐", "緯度": 33.446598, "経度": 133.438489, "url": "https://www.iryou.teikyouseido.mhlw.go.jp/znk-web/juminkanja/S2430/initialize?prefCd=39&kikanCd=3395300120&kikanKbn=3", "url2": "http://www.kawai-shika.jp", "内容": "河合歯科医院【3:歯科】高知県土佐市宇佐町宇佐" }, "geometry": { "type": "Point", "coordinates": [ 133.438489, 33.446598 ] } },
{ "type": "Feature", "properties": { "ID": "3933395300410", "正式名称": "瀬戸歯科診療所", "機関区分": 3, "都道府県コード": 39, "市区町村コード": 205, "所在地": "高知県土佐市高岡町乙１５３", "緯度": 33.497133, "経度": 133.422892, "url": "https://www.iryou.teikyouseido.mhlw.go.jp/znk-web/juminkanja/S2430/initialize?prefCd=39&kikanCd=3395300410&kikanKbn=3", "url2": null, "内容": "瀬戸歯科診療所【3:歯科】高知県土佐市高岡町乙１５３" }, "geometry": { "type": "Point", "coordinates": [ 133.422892, 33.497133 ] } },
{ "type": "Feature", "properties": { "ID": "3933395300670", "正式名称": "福島歯科医院", "機関区分": 3, "都道府県コード": 39, "市区町村コード": 205, "所在地": "高知県土佐市蓮池１２０６－２", "緯度": 33.493093, "経度": 133.413239, "url": "https://www.iryou.teikyouseido.mhlw.go.jp/znk-web/juminkanja/S2430/initialize?prefCd=39&kikanCd=3395300670&kikanKbn=3", "url2": null, "内容": "福島歯科医院【3:歯科】高知県土佐市蓮池１２０６－２" }, "geometry": { "type": "Point", "coordinates": [ 133.413239, 33.493093 ] } },
{ "type": "Feature", "properties": { "ID": "3933395300830", "正式名称": "秋山歯科診療所", "機関区分": 3, "都道府県コード": 39, "市区町村コード": 205, "所在地": "高知県土佐市高岡町乙３４７６－６", "緯度": 33.498019, "経度": 133.426816, "url": "https://www.iryou.teikyouseido.mhlw.go.jp/znk-web/juminkanja/S2430/initialize?prefCd=39&kikanCd=3395300830&kikanKbn=3", "url2": null, "内容": "秋山歯科診療所【3:歯科】高知県土佐市高岡町乙３４７６－６" }, "geometry": { "type": "Point", "coordinates": [ 133.426816, 33.498019 ] } },
{ "type": "Feature", "properties": { "ID": "3933395301420", "正式名称": "福島歯科医院", "機関区分": 3, "都道府県コード": 39, "市区町村コード": 206, "所在地": "高知県須崎市青木町６－５", "緯度": 33.390727, "経度": 133.289988, "url": "https://www.iryou.teikyouseido.mhlw.go.jp/znk-web/juminkanja/S2430/initialize?prefCd=39&kikanCd=3395301420&kikanKbn=3", "url2": null, "内容": "福島歯科医院【3:歯科】高知県須崎市青木町６－５" }, "geometry": { "type": "Point", "coordinates": [ 133.289988, 33.390727 ] } },
{ "type": "Feature", "properties": { "ID": "3933395301550", "正式名称": "田村歯科診療所", "機関区分": 3, "都道府県コード": 39, "市区町村コード": 206, "所在地": "高知県須崎市鍛冶町６－３０", "緯度": 33.391159, "経度": 133.289363, "url": "https://www.iryou.teikyouseido.mhlw.go.jp/znk-web/juminkanja/S2430/initialize?prefCd=39&kikanCd=3395301550&kikanKbn=3", "url2": "http://tamura-dent.cihp.jp/", "内容": "田村歯科診療所【3:歯科】高知県須崎市鍛冶町６－３０" }, "geometry": { "type": "Point", "coordinates": [ 133.289363, 33.391159 ] } },
{ "type": "Feature", "properties": { "ID": "3933395301840", "正式名称": "高橋歯科診療所", "機関区分": 3, "都道府県コード": 39, "市区町村コード": 411, "所在地": "高知県高岡郡津野町力石２９０１番地２", "緯度": 33.393681, "経度": 133.026224, "url": "https://www.iryou.teikyouseido.mhlw.go.jp/znk-web/juminkanja/S2430/initialize?prefCd=39&kikanCd=3395301840&kikanKbn=3", "url2": null, "内容": "高橋歯科診療所【3:歯科】高知県高岡郡津野町力石２９０１番地２" }, "geometry": { "type": "Point", "coordinates": [ 133.026224, 33.393681 ] } },
{ "type": "Feature", "properties": { "ID": "3933395301970", "正式名称": "国民健康保険梼原歯科診療所", "機関区分": 3, "都道府県コード": 39, "市区町村コード": 405, "所在地": "高知県高岡郡檮原町川西路２３０３番地１", "緯度": 33.392712, "経度": 132.924475, "url": "https://www.iryou.teikyouseido.mhlw.go.jp/znk-web/juminkanja/S2430/initialize?prefCd=39&kikanCd=3395301970&kikanKbn=3", "url2": null, "内容": "国民健康保険梼原歯科診療所【3:歯科】高知県高岡郡檮原町川西路２３０３番地１" }, "geometry": { "type": "Point", "coordinates": [ 132.924475, 33.392712 ] } },
{ "type": "Feature", "properties": { "ID": "3933395302010", "正式名称": "野中歯科", "機関区分": 3, "都道府県コード": 39, "市区町村コード": 206, "所在地": "高知県須崎市西崎町７－２６", "緯度": 33.41217, "経度": 133.29258, "url": "https://www.iryou.teikyouseido.mhlw.go.jp/znk-web/juminkanja/S2430/initialize?prefCd=39&kikanCd=3395302010&kikanKbn=3", "url2": null, "内容": "野中歯科【3:歯科】高知県須崎市西崎町７－２６" }, "geometry": { "type": "Point", "coordinates": [ 133.29258, 33.41217 ] } },
{ "type": "Feature", "properties": { "ID": "3933395302300", "正式名称": "大野見村歯科診療所", "機関区分": 3, "都道府県コード": 39, "市区町村コード": 401, "所在地": "高知県高岡郡中土佐町大野見吉野１４", "緯度": 33.337136, "経度": 133.140664, "url": "https://www.iryou.teikyouseido.mhlw.go.jp/znk-web/juminkanja/S2430/initialize?prefCd=39&kikanCd=3395302300&kikanKbn=3", "url2": null, "内容": "大野見村歯科診療所【3:歯科】高知県高岡郡中土佐町大野見吉野１４" }, "geometry": { "type": "Point", "coordinates": [ 133.140664, 33.337136 ] } },
{ "type": "Feature", "properties": { "ID": "3933395302690", "正式名称": "矢野歯科医院", "機関区分": 3, "都道府県コード": 39, "市区町村コード": 205, "所在地": "高知県土佐市高岡町甲１８４１ー１", "緯度": 33.495894, "経度": 133.422661, "url": "https://www.iryou.teikyouseido.mhlw.go.jp/znk-web/juminkanja/S2430/initialize?prefCd=39&kikanCd=3395302690&kikanKbn=3", "url2": "https://yano-do.com", "内容": "矢野歯科医院【3:歯科】高知県土佐市高岡町甲１８４１ー１" }, "geometry": { "type": "Point", "coordinates": [ 133.422661, 33.495894 ] } },
{ "type": "Feature", "properties": { "ID": "3933395302720", "正式名称": "たかはし歯科医院", "機関区分": 3, "都道府県コード": 39, "市区町村コード": 206, "所在地": "高知県須崎市大間東町１－７", "緯度": 33.406928, "経度": 133.287602, "url": "https://www.iryou.teikyouseido.mhlw.go.jp/znk-web/juminkanja/S2430/initialize?prefCd=39&kikanCd=3395302720&kikanKbn=3", "url2": null, "内容": "たかはし歯科医院【3:歯科】高知県須崎市大間東町１－７" }, "geometry": { "type": "Point", "coordinates": [ 133.287602, 33.406928 ] } },
{ "type": "Feature", "properties": { "ID": "3933395303600", "正式名称": "高橋歯科医院", "機関区分": 3, "都道府県コード": 39, "市区町村コード": 206, "所在地": "高知県須崎市中町", "緯度": 33.388891, "経度": 133.282964, "url": "https://www.iryou.teikyouseido.mhlw.go.jp/znk-web/juminkanja/S2430/initialize?prefCd=39&kikanCd=3395303600&kikanKbn=3", "url2": null, "内容": "高橋歯科医院【3:歯科】高知県須崎市中町" }, "geometry": { "type": "Point", "coordinates": [ 133.282964, 33.388891 ] } },
{ "type": "Feature", "properties": { "ID": "3933395303860", "正式名称": "山田歯科医院", "機関区分": 3, "都道府県コード": 39, "市区町村コード": 206, "所在地": "高知県須崎市東古市町１－３", "緯度": 33.390739, "経度": 133.288061, "url": "https://www.iryou.teikyouseido.mhlw.go.jp/znk-web/juminkanja/S2430/initialize?prefCd=39&kikanCd=3395303860&kikanKbn=3", "url2": null, "内容": "山田歯科医院【3:歯科】高知県須崎市東古市町１－３" }, "geometry": { "type": "Point", "coordinates": [ 133.288061, 33.390739 ] } },
{ "type": "Feature", "properties": { "ID": "3933395303990", "正式名称": "吉野歯科", "機関区分": 3, "都道府県コード": 39, "市区町村コード": 206, "所在地": "高知県須崎市大間東町１８８", "緯度": 33.410125, "経度": 133.289551, "url": "https://www.iryou.teikyouseido.mhlw.go.jp/znk-web/juminkanja/S2430/initialize?prefCd=39&kikanCd=3395303990&kikanKbn=3", "url2": null, "内容": "吉野歯科【3:歯科】高知県須崎市大間東町１８８" }, "geometry": { "type": "Point", "coordinates": [ 133.289551, 33.410125 ] } },
{ "type": "Feature", "properties": { "ID": "3933395304160", "正式名称": "まるとみ歯科医院", "機関区分": 3, "都道府県コード": 39, "市区町村コード": 206, "所在地": "高知県須崎市西町", "緯度": 33.387418, "経度": 133.279126, "url": "https://www.iryou.teikyouseido.mhlw.go.jp/znk-web/juminkanja/S2430/initialize?prefCd=39&kikanCd=3395304160&kikanKbn=3", "url2": null, "内容": "まるとみ歯科医院【3:歯科】高知県須崎市西町" }, "geometry": { "type": "Point", "coordinates": [ 133.279126, 33.387418 ] } },
{ "type": "Feature", "properties": { "ID": "3933395400440", "正式名称": "町田歯科診療所", "機関区分": 3, "都道府県コード": 39, "市区町村コード": 210, "所在地": "高知県四万十市中村東下町２３番地", "緯度": 32.992234, "経度": 132.931952, "url": "https://www.iryou.teikyouseido.mhlw.go.jp/znk-web/juminkanja/S2430/initialize?prefCd=39&kikanCd=3395400440&kikanKbn=3", "url2": null, "内容": "町田歯科診療所【3:歯科】高知県四万十市中村東下町２３番地" }, "geometry": { "type": "Point", "coordinates": [ 132.931952, 32.992234 ] } },
{ "type": "Feature", "properties": { "ID": "3933395400860", "正式名称": "本田歯科", "機関区分": 3, "都道府県コード": 39, "市区町村コード": 210, "所在地": "高知県四万十市中村本町１－４", "緯度": 32.993143, "経度": 132.93381, "url": "https://www.iryou.teikyouseido.mhlw.go.jp/znk-web/juminkanja/S2430/initialize?prefCd=39&kikanCd=3395400860&kikanKbn=3", "url2": null, "内容": "本田歯科【3:歯科】高知県四万十市中村本町１－４" }, "geometry": { "type": "Point", "coordinates": [ 132.93381, 32.993143 ] } },
{ "type": "Feature", "properties": { "ID": "3933395401160", "正式名称": "宮定歯科医院", "機関区分": 3, "都道府県コード": 39, "市区町村コード": 210, "所在地": "高知県四万十市右山五月町３番２０号", "緯度": 32.988479, "経度": 132.93874, "url": "https://www.iryou.teikyouseido.mhlw.go.jp/znk-web/juminkanja/S2430/initialize?prefCd=39&kikanCd=3395401160&kikanKbn=3", "url2": null, "内容": "宮定歯科医院【3:歯科】高知県四万十市右山五月町３番２０号" }, "geometry": { "type": "Point", "coordinates": [ 132.93874, 32.988479 ] } },
{ "type": "Feature", "properties": { "ID": "3933395401320", "正式名称": "山本歯科医院", "機関区分": 3, "都道府県コード": 39, "市区町村コード": 210, "所在地": "高知県四万十市具同田黒２－１６－５", "緯度": 32.984246, "経度": 132.921826, "url": "https://www.iryou.teikyouseido.mhlw.go.jp/znk-web/juminkanja/S2430/initialize?prefCd=39&kikanCd=3395401320&kikanKbn=3", "url2": null, "内容": "山本歯科医院【3:歯科】高知県四万十市具同田黒２－１６－５" }, "geometry": { "type": "Point", "coordinates": [ 132.921826, 32.984246 ] } },
{ "type": "Feature", "properties": { "ID": "3933395401450", "正式名称": "医療法人　紀親会　朝日歯科", "機関区分": 3, "都道府県コード": 39, "市区町村コード": 210, "所在地": "高知県四万十市中村於東町２６", "緯度": 32.993696, "経度": 132.936074, "url": "https://www.iryou.teikyouseido.mhlw.go.jp/znk-web/juminkanja/S2430/initialize?prefCd=39&kikanCd=3395401450&kikanKbn=3", "url2": null, "内容": "医療法人　紀親会　朝日歯科【3:歯科】高知県四万十市中村於東町２６" }, "geometry": { "type": "Point", "coordinates": [ 132.936074, 32.993696 ] } },
{ "type": "Feature", "properties": { "ID": "3933395401610", "正式名称": "田中歯科医院", "機関区分": 3, "都道府県コード": 39, "市区町村コード": 210, "所在地": "高知県四万十市中村小姓町４９", "緯度": 32.994187, "経度": 132.932952, "url": "https://www.iryou.teikyouseido.mhlw.go.jp/znk-web/juminkanja/S2430/initialize?prefCd=39&kikanCd=3395401610&kikanKbn=3", "url2": "https://kyujin-tanakadc.jp", "内容": "田中歯科医院【3:歯科】高知県四万十市中村小姓町４９" }, "geometry": { "type": "Point", "coordinates": [ 132.932952, 32.994187 ] } },
{ "type": "Feature", "properties": { "ID": "3933395401900", "正式名称": "前田歯科矯正歯科", "機関区分": 3, "都道府県コード": 39, "市区町村コード": 208, "所在地": "高知県宿毛市萩原１番３１号", "緯度": 32.938419, "経度": 132.725261, "url": "https://www.iryou.teikyouseido.mhlw.go.jp/znk-web/juminkanja/S2430/initialize?prefCd=39&kikanCd=3395401900&kikanKbn=3", "url2": null, "内容": "前田歯科矯正歯科【3:歯科】高知県宿毛市萩原１番３１号" }, "geometry": { "type": "Point", "coordinates": [ 132.725261, 32.938419 ] } },
{ "type": "Feature", "properties": { "ID": "3933395402620", "正式名称": "芝﨑歯科医院", "機関区分": 3, "都道府県コード": 39, "市区町村コード": 428, "所在地": "高知県幡多郡黒潮町入野２９４０－１", "緯度": 33.031169, "経度": 133.014413, "url": "https://www.iryou.teikyouseido.mhlw.go.jp/znk-web/juminkanja/S2430/initialize?prefCd=39&kikanCd=3395402620&kikanKbn=3", "url2": null, "内容": "芝﨑歯科医院【3:歯科】高知県幡多郡黒潮町入野２９４０－１" }, "geometry": { "type": "Point", "coordinates": [ 133.014413, 33.031169 ] } },
{ "type": "Feature", "properties": { "ID": "3933395402880", "正式名称": "小谷歯科診療所", "機関区分": 3, "都道府県コード": 39, "市区町村コード": 428, "所在地": "高知県幡多郡黒潮町上川口８７７", "緯度": 33.041751, "経度": 133.055783, "url": "https://www.iryou.teikyouseido.mhlw.go.jp/znk-web/juminkanja/S2430/initialize?prefCd=39&kikanCd=3395402880&kikanKbn=3", "url2": null, "内容": "小谷歯科診療所【3:歯科】高知県幡多郡黒潮町上川口８７７" }, "geometry": { "type": "Point", "coordinates": [ 133.055783, 33.041751 ] } },
{ "type": "Feature", "properties": { "ID": "3933395404350", "正式名称": "二神歯科医院", "機関区分": 3, "都道府県コード": 39, "市区町村コード": 208, "所在地": "高知県宿毛市平田町戸内４３００－１", "緯度": 32.952657, "経度": 132.797218, "url": "https://www.iryou.teikyouseido.mhlw.go.jp/znk-web/juminkanja/S2430/initialize?prefCd=39&kikanCd=3395404350&kikanKbn=3", "url2": null, "内容": "二神歯科医院【3:歯科】高知県宿毛市平田町戸内４３００－１" }, "geometry": { "type": "Point", "coordinates": [ 132.797218, 32.952657 ] } },
{ "type": "Feature", "properties": { "ID": "3933395404510", "正式名称": "池本歯科医院", "機関区分": 3, "都道府県コード": 39, "市区町村コード": 210, "所在地": "高知県四万十市右山五月町１０－１４", "緯度": 32.987346, "経度": 132.941387, "url": "https://www.iryou.teikyouseido.mhlw.go.jp/znk-web/juminkanja/S2430/initialize?prefCd=39&kikanCd=3395404510&kikanKbn=3", "url2": null, "内容": "池本歯科医院【3:歯科】高知県四万十市右山五月町１０－１４" }, "geometry": { "type": "Point", "coordinates": [ 132.941387, 32.987346 ] } },
{ "type": "Feature", "properties": { "ID": "3933395404640", "正式名称": "竹松歯科", "機関区分": 3, "都道府県コード": 39, "市区町村コード": 208, "所在地": "高知県宿毛市中央１－６－３５", "緯度": 32.937636, "経度": 132.724663, "url": "https://www.iryou.teikyouseido.mhlw.go.jp/znk-web/juminkanja/S2430/initialize?prefCd=39&kikanCd=3395404640&kikanKbn=3", "url2": null, "内容": "竹松歯科【3:歯科】高知県宿毛市中央１－６－３５" }, "geometry": { "type": "Point", "coordinates": [ 132.724663, 32.937636 ] } },
{ "type": "Feature", "properties": { "ID": "3933395404800", "正式名称": "坂本歯科医院", "機関区分": 3, "都道府県コード": 39, "市区町村コード": 208, "所在地": "高知県宿毛市幸町２－１８", "緯度": 32.935828, "経度": 132.722771, "url": "https://www.iryou.teikyouseido.mhlw.go.jp/znk-web/juminkanja/S2430/initialize?prefCd=39&kikanCd=3395404800&kikanKbn=3", "url2": null, "内容": "坂本歯科医院【3:歯科】高知県宿毛市幸町２－１８" }, "geometry": { "type": "Point", "coordinates": [ 132.722771, 32.935828 ] } },
{ "type": "Feature", "properties": { "ID": "3933395404930", "正式名称": "平井歯科医院", "機関区分": 3, "都道府県コード": 39, "市区町村コード": 208, "所在地": "高知県宿毛市高砂２２－１１", "緯度": 32.927159, "経度": 132.701591, "url": "https://www.iryou.teikyouseido.mhlw.go.jp/znk-web/juminkanja/S2430/initialize?prefCd=39&kikanCd=3395404930&kikanKbn=3", "url2": null, "内容": "平井歯科医院【3:歯科】高知県宿毛市高砂２２－１１" }, "geometry": { "type": "Point", "coordinates": [ 132.701591, 32.927159 ] } },
{ "type": "Feature", "properties": { "ID": "3933395405070", "正式名称": "にいや歯科医院", "機関区分": 3, "都道府県コード": 39, "市区町村コード": 210, "所在地": "高知県四万十市具同２２４１－５", "緯度": 32.982154, "経度": 132.920606, "url": "https://www.iryou.teikyouseido.mhlw.go.jp/znk-web/juminkanja/S2430/initialize?prefCd=39&kikanCd=3395405070&kikanKbn=3", "url2": null, "内容": "にいや歯科医院【3:歯科】高知県四万十市具同２２４１－５" }, "geometry": { "type": "Point", "coordinates": [ 132.920606, 32.982154 ] } },
{ "type": "Feature", "properties": { "ID": "3933395405230", "正式名称": "北代歯科", "機関区分": 3, "都道府県コード": 39, "市区町村コード": 210, "所在地": "高知県四万十市中村小姓町６番地", "緯度": 32.993137, "経度": 132.932344, "url": "https://www.iryou.teikyouseido.mhlw.go.jp/znk-web/juminkanja/S2430/initialize?prefCd=39&kikanCd=3395405230&kikanKbn=3", "url2": null, "内容": "北代歯科【3:歯科】高知県四万十市中村小姓町６番地" }, "geometry": { "type": "Point", "coordinates": [ 132.932344, 32.993137 ] } },
{ "type": "Feature", "properties": { "ID": "3933395405490", "正式名称": "幸徳歯科", "機関区分": 3, "都道府県コード": 39, "市区町村コード": 210, "所在地": "高知県四万十市中村大橋通６丁目１番２４号", "緯度": 32.991212, "経度": 132.936799, "url": "https://www.iryou.teikyouseido.mhlw.go.jp/znk-web/juminkanja/S2430/initialize?prefCd=39&kikanCd=3395405490&kikanKbn=3", "url2": null, "内容": "幸徳歯科【3:歯科】高知県四万十市中村大橋通６丁目１番２４号" }, "geometry": { "type": "Point", "coordinates": [ 132.936799, 32.991212 ] } },
{ "type": "Feature", "properties": { "ID": "3933395405650", "正式名称": "医療法人光", "機関区分": 3, "都道府県コード": 39, "市区町村コード": 428, "所在地": "高知県幡多郡黒潮町入野２５８１－１", "緯度": 33.028538, "経度": 133.012627, "url": "https://www.iryou.teikyouseido.mhlw.go.jp/znk-web/juminkanja/S2430/initialize?prefCd=39&kikanCd=3395405650&kikanKbn=3", "url2": null, "内容": "医療法人光【3:歯科】高知県幡多郡黒潮町入野２５８１－１" }, "geometry": { "type": "Point", "coordinates": [ 133.012627, 33.028538 ] } },
{ "type": "Feature", "properties": { "ID": "3933395405810", "正式名称": "和泉歯科医院", "機関区分": 3, "都道府県コード": 39, "市区町村コード": 428, "所在地": "高知県幡多郡黒潮町入野２０８２－９", "緯度": 33.025072, "経度": 133.010169, "url": "https://www.iryou.teikyouseido.mhlw.go.jp/znk-web/juminkanja/S2430/initialize?prefCd=39&kikanCd=3395405810&kikanKbn=3", "url2": null, "内容": "和泉歯科医院【3:歯科】高知県幡多郡黒潮町入野２０８２－９" }, "geometry": { "type": "Point", "coordinates": [ 133.010169, 33.025072 ] } },
{ "type": "Feature", "properties": { "ID": "3933395405940", "正式名称": "カタクラ歯科", "機関区分": 3, "都道府県コード": 39, "市区町村コード": 208, "所在地": "高知県宿毛市片島１５番２１号", "緯度": 32.926231, "経度": 132.700997, "url": "https://www.iryou.teikyouseido.mhlw.go.jp/znk-web/juminkanja/S2430/initialize?prefCd=39&kikanCd=3395405940&kikanKbn=3", "url2": null, "内容": "カタクラ歯科【3:歯科】高知県宿毛市片島１５番２１号" }, "geometry": { "type": "Point", "coordinates": [ 132.700997, 32.926231 ] } },
{ "type": "Feature", "properties": { "ID": "3933395406080", "正式名称": "高田歯科", "機関区分": 3, "都道府県コード": 39, "市区町村コード": 210, "所在地": "高知県四万十市具同田黒２－４－２８", "緯度": 32.987837, "経度": 132.920098, "url": "https://www.iryou.teikyouseido.mhlw.go.jp/znk-web/juminkanja/S2430/initialize?prefCd=39&kikanCd=3395406080&kikanKbn=3", "url2": null, "内容": "高田歯科【3:歯科】高知県四万十市具同田黒２－４－２８" }, "geometry": { "type": "Point", "coordinates": [ 132.920098, 32.987837 ] } },
{ "type": "Feature", "properties": { "ID": "3933395406110", "正式名称": "さつき新谷歯科", "機関区分": 3, "都道府県コード": 39, "市区町村コード": 210, "所在地": "高知県四万十市右山五番１４番１６号", "緯度": 32.986263, "経度": 132.940899, "url": "https://www.iryou.teikyouseido.mhlw.go.jp/znk-web/juminkanja/S2430/initialize?prefCd=39&kikanCd=3395406110&kikanKbn=3", "url2": null, "内容": "さつき新谷歯科【3:歯科】高知県四万十市右山五番１４番１６号" }, "geometry": { "type": "Point", "coordinates": [ 132.940899, 32.986263 ] } },
{ "type": "Feature", "properties": { "ID": "3933395406240", "正式名称": "京町歯科診療所", "機関区分": 3, "都道府県コード": 39, "市区町村コード": 210, "所在地": "高知県四万十市中村大橋通３－２４－１", "緯度": 32.990945, "経度": 132.932824, "url": "https://www.iryou.teikyouseido.mhlw.go.jp/znk-web/juminkanja/S2430/initialize?prefCd=39&kikanCd=3395406240&kikanKbn=3", "url2": null, "内容": "京町歯科診療所【3:歯科】高知県四万十市中村大橋通３－２４－１" }, "geometry": { "type": "Point", "coordinates": [ 132.932824, 32.990945 ] } },
{ "type": "Feature", "properties": { "ID": "3933395406370", "正式名称": "佐賀歯科診療所", "機関区分": 3, "都道府県コード": 39, "市区町村コード": 428, "所在地": "高知県幡多郡黒潮町佐賀", "緯度": 33.080486, "経度": 133.107658, "url": "https://www.iryou.teikyouseido.mhlw.go.jp/znk-web/juminkanja/S2430/initialize?prefCd=39&kikanCd=3395406370&kikanKbn=3", "url2": null, "内容": "佐賀歯科診療所【3:歯科】高知県幡多郡黒潮町佐賀" }, "geometry": { "type": "Point", "coordinates": [ 133.107658, 33.080486 ] } },
{ "type": "Feature", "properties": { "ID": "3933395406400", "正式名称": "ながおか歯科医院", "機関区分": 3, "都道府県コード": 39, "市区町村コード": 424, "所在地": "高知県幡多郡大月町弘見２１０３－２", "緯度": 32.843704, "経度": 132.707473, "url": "https://www.iryou.teikyouseido.mhlw.go.jp/znk-web/juminkanja/S2430/initialize?prefCd=39&kikanCd=3395406400&kikanKbn=3", "url2": null, "内容": "ながおか歯科医院【3:歯科】高知県幡多郡大月町弘見２１０３－２" }, "geometry": { "type": "Point", "coordinates": [ 132.707473, 32.843704 ] } },
{ "type": "Feature", "properties": { "ID": "3933395406530", "正式名称": "西町歯科医院", "機関区分": 3, "都道府県コード": 39, "市区町村コード": 208, "所在地": "高知県宿毛市西町２－２０－１５", "緯度": 32.927814, "経度": 132.686482, "url": "https://www.iryou.teikyouseido.mhlw.go.jp/znk-web/juminkanja/S2430/initialize?prefCd=39&kikanCd=3395406530&kikanKbn=3", "url2": null, "内容": "西町歯科医院【3:歯科】高知県宿毛市西町２－２０－１５" }, "geometry": { "type": "Point", "coordinates": [ 132.686482, 32.927814 ] } },
{ "type": "Feature", "properties": { "ID": "3933395406660", "正式名称": "松岡歯科医院", "機関区分": 3, "都道府県コード": 39, "市区町村コード": 210, "所在地": "高知県四万十市中村東町３丁目２番２２号", "緯度": 32.997128, "経度": 132.937346, "url": "https://www.iryou.teikyouseido.mhlw.go.jp/znk-web/juminkanja/S2430/initialize?prefCd=39&kikanCd=3395406660&kikanKbn=3", "url2": null, "内容": "松岡歯科医院【3:歯科】高知県四万十市中村東町３丁目２番２２号" }, "geometry": { "type": "Point", "coordinates": [ 132.937346, 32.997128 ] } },
{ "type": "Feature", "properties": { "ID": "3933395406790", "正式名称": "佐々山歯科", "機関区分": 3, "都道府県コード": 39, "市区町村コード": 424, "所在地": "高知県幡多郡大月町弘見", "緯度": 32.844179, "経度": 132.709231, "url": "https://www.iryou.teikyouseido.mhlw.go.jp/znk-web/juminkanja/S2430/initialize?prefCd=39&kikanCd=3395406790&kikanKbn=3", "url2": null, "内容": "佐々山歯科【3:歯科】高知県幡多郡大月町弘見" }, "geometry": { "type": "Point", "coordinates": [ 132.709231, 32.844179 ] } },
{ "type": "Feature", "properties": { "ID": "3933395406820", "正式名称": "米花歯科医院", "機関区分": 3, "都道府県コード": 39, "市区町村コード": 208, "所在地": "高知県宿毛市山奈町山田１３７６－３", "緯度": 32.967826, "経度": 132.81327, "url": "https://www.iryou.teikyouseido.mhlw.go.jp/znk-web/juminkanja/S2430/initialize?prefCd=39&kikanCd=3395406820&kikanKbn=3", "url2": null, "内容": "米花歯科医院【3:歯科】高知県宿毛市山奈町山田１３７６－３" }, "geometry": { "type": "Point", "coordinates": [ 132.81327, 32.967826 ] } },
{ "type": "Feature", "properties": { "ID": "3933395406950", "正式名称": "黒潮町拳ノ川歯科診療所", "機関区分": 3, "都道府県コード": 39, "市区町村コード": 428, "所在地": "高知県幡多郡黒潮町拳ノ川", "緯度": 33.135733, "経度": 133.123492, "url": "https://www.iryou.teikyouseido.mhlw.go.jp/znk-web/juminkanja/S2430/initialize?prefCd=39&kikanCd=3395406950&kikanKbn=3", "url2": null, "内容": "黒潮町拳ノ川歯科診療所【3:歯科】高知県幡多郡黒潮町拳ノ川" }, "geometry": { "type": "Point", "coordinates": [ 133.123492, 33.135733 ] } },
{ "type": "Feature", "properties": { "ID": "3933395407090", "正式名称": "川村歯科", "機関区分": 3, "都道府県コード": 39, "市区町村コード": 210, "所在地": "高知県四万十市具同田黒", "緯度": 32.984252, "経度": 132.919966, "url": "https://www.iryou.teikyouseido.mhlw.go.jp/znk-web/juminkanja/S2430/initialize?prefCd=39&kikanCd=3395407090&kikanKbn=3", "url2": "http://www.kawamurashika.jp", "内容": "川村歯科【3:歯科】高知県四万十市具同田黒" }, "geometry": { "type": "Point", "coordinates": [ 132.919966, 32.984252 ] } },
{ "type": "Feature", "properties": { "ID": "3933395407410", "正式名称": "岡村歯科医院", "機関区分": 3, "都道府県コード": 39, "市区町村コード": 210, "所在地": "高知県四万十市古津賀１丁目１４６", "緯度": 32.985066, "経度": 132.956792, "url": "https://www.iryou.teikyouseido.mhlw.go.jp/znk-web/juminkanja/S2430/initialize?prefCd=39&kikanCd=3395407410&kikanKbn=3", "url2": null, "内容": "岡村歯科医院【3:歯科】高知県四万十市古津賀１丁目１４６" }, "geometry": { "type": "Point", "coordinates": [ 132.956792, 32.985066 ] } },
{ "type": "Feature", "properties": { "ID": "3933395407700", "正式名称": "おきのしま歯科", "機関区分": 3, "都道府県コード": 39, "市区町村コード": 208, "所在地": "高知県宿毛市沖の島町母島１７３９", "緯度": 32.730282, "経度": 132.542321, "url": "https://www.iryou.teikyouseido.mhlw.go.jp/znk-web/juminkanja/S2430/initialize?prefCd=39&kikanCd=3395407700&kikanKbn=3", "url2": null, "内容": "おきのしま歯科【3:歯科】高知県宿毛市沖の島町母島１７３９" }, "geometry": { "type": "Point", "coordinates": [ 132.542321, 32.730282 ] } },
{ "type": "Feature", "properties": { "ID": "3933395407830", "正式名称": "楠井　歯科", "機関区分": 3, "都道府県コード": 39, "市区町村コード": 209, "所在地": "高知県土佐清水市本町１０－６", "緯度": 32.777276, "経度": 132.95516, "url": "https://www.iryou.teikyouseido.mhlw.go.jp/znk-web/juminkanja/S2430/initialize?prefCd=39&kikanCd=3395407830&kikanKbn=3", "url2": null, "内容": "楠井　歯科【3:歯科】高知県土佐清水市本町１０－６" }, "geometry": { "type": "Point", "coordinates": [ 132.95516, 32.777276 ] } },
{ "type": "Feature", "properties": { "ID": "3933395408130", "正式名称": "ＨＯＮＤＡデンタルクリニック", "機関区分": 3, "都道府県コード": 39, "市区町村コード": 208, "所在地": "高知県宿毛市中央４－２－２９", "緯度": 32.937189, "経度": 132.729564, "url": "https://www.iryou.teikyouseido.mhlw.go.jp/znk-web/juminkanja/S2430/initialize?prefCd=39&kikanCd=3395408130&kikanKbn=3", "url2": null, "内容": "ＨＯＮＤＡデンタルクリニック【3:歯科】高知県宿毛市中央４－２－２９" }, "geometry": { "type": "Point", "coordinates": [ 132.729564, 32.937189 ] } },
{ "type": "Feature", "properties": { "ID": "3933395500210", "正式名称": "医療法人恒石会恒石歯科", "機関区分": 3, "都道府県コード": 39, "市区町村コード": 211, "所在地": "高知県香南市赤岡町９８０－４", "緯度": 33.54016, "経度": 133.727303, "url": "https://www.iryou.teikyouseido.mhlw.go.jp/znk-web/juminkanja/S2430/initialize?prefCd=39&kikanCd=3395500210&kikanKbn=3", "url2": null, "内容": "医療法人恒石会恒石歯科【3:歯科】高知県香南市赤岡町９８０－４" }, "geometry": { "type": "Point", "coordinates": [ 133.727303, 33.54016 ] } },
{ "type": "Feature", "properties": { "ID": "3933395500470", "正式名称": "岡西歯科診療所", "機関区分": 3, "都道府県コード": 39, "市区町村コード": 212, "所在地": "高知県香美市土佐山田町神母ノ木３７７－８", "緯度": 33.617297, "経度": 133.715291, "url": "https://www.iryou.teikyouseido.mhlw.go.jp/znk-web/juminkanja/S2430/initialize?prefCd=39&kikanCd=3395500470&kikanKbn=3", "url2": null, "内容": "岡西歯科診療所【3:歯科】高知県香美市土佐山田町神母ノ木３７７－８" }, "geometry": { "type": "Point", "coordinates": [ 133.715291, 33.617297 ] } },
{ "type": "Feature", "properties": { "ID": "3933395500890", "正式名称": "たけもと歯科", "機関区分": 3, "都道府県コード": 39, "市区町村コード": 212, "所在地": "高知県香美市土佐山田町東本町２－２－４５", "緯度": 33.60672, "経度": 133.687197, "url": "https://www.iryou.teikyouseido.mhlw.go.jp/znk-web/juminkanja/S2430/initialize?prefCd=39&kikanCd=3395500890&kikanKbn=3", "url2": null, "内容": "たけもと歯科【3:歯科】高知県香美市土佐山田町東本町２－２－４５" }, "geometry": { "type": "Point", "coordinates": [ 133.687197, 33.60672 ] } },
{ "type": "Feature", "properties": { "ID": "3933395500920", "正式名称": "医療法人　奉徳会　山下歯科", "機関区分": 3, "都道府県コード": 39, "市区町村コード": 212, "所在地": "高知県香美市土佐山田町東本町３－５７－３", "緯度": 33.606379, "経度": 133.689416, "url": "https://www.iryou.teikyouseido.mhlw.go.jp/znk-web/juminkanja/S2430/initialize?prefCd=39&kikanCd=3395500920&kikanKbn=3", "url2": null, "内容": "医療法人　奉徳会　山下歯科【3:歯科】高知県香美市土佐山田町東本町３－５７－３" }, "geometry": { "type": "Point", "coordinates": [ 133.689416, 33.606379 ] } },
{ "type": "Feature", "properties": { "ID": "3933395501190", "正式名称": "黒岩歯科医院", "機関区分": 3, "都道府県コード": 39, "市区町村コード": 211, "所在地": "高知県香南市野市町西野２６６７－１", "緯度": 33.560868, "経度": 133.700434, "url": "https://www.iryou.teikyouseido.mhlw.go.jp/znk-web/juminkanja/S2430/initialize?prefCd=39&kikanCd=3395501190&kikanKbn=3", "url2": null, "内容": "黒岩歯科医院【3:歯科】高知県香南市野市町西野２６６７－１" }, "geometry": { "type": "Point", "coordinates": [ 133.700434, 33.560868 ] } },
{ "type": "Feature", "properties": { "ID": "3933395501220", "正式名称": "小松歯科診療所", "機関区分": 3, "都道府県コード": 39, "市区町村コード": 211, "所在地": "高知県香南市野市町西野１９８６", "緯度": 33.563368, "経度": 133.69488, "url": "https://www.iryou.teikyouseido.mhlw.go.jp/znk-web/juminkanja/S2430/initialize?prefCd=39&kikanCd=3395501220&kikanKbn=3", "url2": null, "内容": "小松歯科診療所【3:歯科】高知県香南市野市町西野１９８６" }, "geometry": { "type": "Point", "coordinates": [ 133.69488, 33.563368 ] } },
{ "type": "Feature", "properties": { "ID": "3933395501480", "正式名称": "医療法人乾会乾歯科", "機関区分": 3, "都道府県コード": 39, "市区町村コード": 211, "所在地": "高知県香南市野市町西野２７０６－２０", "緯度": 33.56473, "経度": 133.700412, "url": "https://www.iryou.teikyouseido.mhlw.go.jp/znk-web/juminkanja/S2430/initialize?prefCd=39&kikanCd=3395501480&kikanKbn=3", "url2": "https://www.inui-shika.com", "内容": "医療法人乾会乾歯科【3:歯科】高知県香南市野市町西野２７０６－２０" }, "geometry": { "type": "Point", "coordinates": [ 133.700412, 33.56473 ] } },
{ "type": "Feature", "properties": { "ID": "3933395501770", "正式名称": "高橋歯科医院", "機関区分": 3, "都道府県コード": 39, "市区町村コード": 212, "所在地": "高知県香美市香北町美良布１２０８－１", "緯度": 33.648638, "経度": 133.781814, "url": "https://www.iryou.teikyouseido.mhlw.go.jp/znk-web/juminkanja/S2430/initialize?prefCd=39&kikanCd=3395501770&kikanKbn=3", "url2": null, "内容": "高橋歯科医院【3:歯科】高知県香美市香北町美良布１２０８－１" }, "geometry": { "type": "Point", "coordinates": [ 133.781814, 33.648638 ] } },
{ "type": "Feature", "properties": { "ID": "3933395501800", "正式名称": "佐々木歯科診療所", "機関区分": 3, "都道府県コード": 39, "市区町村コード": 212, "所在地": "高知県香美市香北町美良布１０８１－１", "緯度": 33.65197, "経度": 133.779315, "url": "https://www.iryou.teikyouseido.mhlw.go.jp/znk-web/juminkanja/S2430/initialize?prefCd=39&kikanCd=3395501800&kikanKbn=3", "url2": null, "内容": "佐々木歯科診療所【3:歯科】高知県香美市香北町美良布１０８１－１" }, "geometry": { "type": "Point", "coordinates": [ 133.779315, 33.65197 ] } },
{ "type": "Feature", "properties": { "ID": "3933395501930", "正式名称": "今井歯科医院", "機関区分": 3, "都道府県コード": 39, "市区町村コード": 211, "所在地": "高知県香南市赤岡町５７４", "緯度": 33.542057, "経度": 133.723183, "url": "https://www.iryou.teikyouseido.mhlw.go.jp/znk-web/juminkanja/S2430/initialize?prefCd=39&kikanCd=3395501930&kikanKbn=3", "url2": null, "内容": "今井歯科医院【3:歯科】高知県香南市赤岡町５７４" }, "geometry": { "type": "Point", "coordinates": [ 133.723183, 33.542057 ] } },
{ "type": "Feature", "properties": { "ID": "3933395502070", "正式名称": "大島歯科医院", "機関区分": 3, "都道府県コード": 39, "市区町村コード": 211, "所在地": "高知県香南市野市町下井", "緯度": 33.558152, "経度": 133.688214, "url": "https://www.iryou.teikyouseido.mhlw.go.jp/znk-web/juminkanja/S2430/initialize?prefCd=39&kikanCd=3395502070&kikanKbn=3", "url2": null, "内容": "大島歯科医院【3:歯科】高知県香南市野市町下井" }, "geometry": { "type": "Point", "coordinates": [ 133.688214, 33.558152 ] } },
{ "type": "Feature", "properties": { "ID": "3933395502100", "正式名称": "香美市立物部歯科診療所", "機関区分": 3, "都道府県コード": 39, "市区町村コード": 212, "所在地": "高知県香美市物部町大栃８７８－３ふれあいプラザ内", "緯度": 33.696117, "経度": 133.874256, "url": "https://www.iryou.teikyouseido.mhlw.go.jp/znk-web/juminkanja/S2430/initialize?prefCd=39&kikanCd=3395502100&kikanKbn=3", "url2": null, "内容": "香美市立物部歯科診療所【3:歯科】高知県香美市物部町大栃８７８－３ふれあいプラザ内" }, "geometry": { "type": "Point", "coordinates": [ 133.874256, 33.696117 ] } },
{ "type": "Feature", "properties": { "ID": "3933395502230", "正式名称": "八井田歯科医院", "機関区分": 3, "都道府県コード": 39, "市区町村コード": 212, "所在地": "高知県香美市土佐山田町西本町５－３－１９", "緯度": 33.604416, "経度": 133.679893, "url": "https://www.iryou.teikyouseido.mhlw.go.jp/znk-web/juminkanja/S2430/initialize?prefCd=39&kikanCd=3395502230&kikanKbn=3", "url2": null, "内容": "八井田歯科医院【3:歯科】高知県香美市土佐山田町西本町５－３－１９" }, "geometry": { "type": "Point", "coordinates": [ 133.679893, 33.604416 ] } },
{ "type": "Feature", "properties": { "ID": "3933395600240", "正式名称": "矢野歯科診療所", "機関区分": 3, "都道府県コード": 39, "市区町村コード": 412, "所在地": "高知県高岡郡四万十町新開町", "緯度": 33.209192, "経度": 133.129313, "url": "https://www.iryou.teikyouseido.mhlw.go.jp/znk-web/juminkanja/S2430/initialize?prefCd=39&kikanCd=3395600240&kikanKbn=3", "url2": null, "内容": "矢野歯科診療所【3:歯科】高知県高岡郡四万十町新開町" }, "geometry": { "type": "Point", "coordinates": [ 133.129313, 33.209192 ] } },
{ "type": "Feature", "properties": { "ID": "3933395600820", "正式名称": "長山歯科診療所", "機関区分": 3, "都道府県コード": 39, "市区町村コード": 412, "所在地": "高知県高岡郡四万十町黒石５６４ー１", "緯度": 33.225391, "経度": 133.19307, "url": "https://www.iryou.teikyouseido.mhlw.go.jp/znk-web/juminkanja/S2430/initialize?prefCd=39&kikanCd=3395600820&kikanKbn=3", "url2": null, "内容": "長山歯科診療所【3:歯科】高知県高岡郡四万十町黒石５６４ー１" }, "geometry": { "type": "Point", "coordinates": [ 133.19307, 33.225391 ] } },
{ "type": "Feature", "properties": { "ID": "3933395601120", "正式名称": "どい歯科クリニック", "機関区分": 3, "都道府県コード": 39, "市区町村コード": 412, "所在地": "高知県高岡郡四万十町北琴平町１２－２９", "緯度": 33.214511, "経度": 133.136792, "url": "https://www.iryou.teikyouseido.mhlw.go.jp/znk-web/juminkanja/S2430/initialize?prefCd=39&kikanCd=3395601120&kikanKbn=3", "url2": null, "内容": "どい歯科クリニック【3:歯科】高知県高岡郡四万十町北琴平町１２－２９" }, "geometry": { "type": "Point", "coordinates": [ 133.136792, 33.214511 ] } },
{ "type": "Feature", "properties": { "ID": "3933395601250", "正式名称": "医療法人善佳会いわさき歯科", "機関区分": 3, "都道府県コード": 39, "市区町村コード": 412, "所在地": "高知県高岡郡四万十町大正４６０番地８", "緯度": 33.198687, "経度": 132.974351, "url": "https://www.iryou.teikyouseido.mhlw.go.jp/znk-web/juminkanja/S2430/initialize?prefCd=39&kikanCd=3395601250&kikanKbn=3", "url2": null, "内容": "医療法人善佳会いわさき歯科【3:歯科】高知県高岡郡四万十町大正４６０番地８" }, "geometry": { "type": "Point", "coordinates": [ 132.974351, 33.198687 ] } },
{ "type": "Feature", "properties": { "ID": "3933395601380", "正式名称": "こうなん歯科", "機関区分": 3, "都道府県コード": 39, "市区町村コード": 412, "所在地": "高知県高岡郡四万十町榊山町", "緯度": 33.212436, "経度": 133.13949, "url": "https://www.iryou.teikyouseido.mhlw.go.jp/znk-web/juminkanja/S2430/initialize?prefCd=39&kikanCd=3395601380&kikanKbn=3", "url2": null, "内容": "こうなん歯科【3:歯科】高知県高岡郡四万十町榊山町" }, "geometry": { "type": "Point", "coordinates": [ 133.13949, 33.212436 ] } },
{ "type": "Feature", "properties": { "ID": "3933395601410", "正式名称": "小畠　歯科医院", "機関区分": 3, "都道府県コード": 39, "市区町村コード": 412, "所在地": "高知県高岡郡四万十町琴平町１４－３５", "緯度": 33.212702, "経度": 133.136107, "url": "https://www.iryou.teikyouseido.mhlw.go.jp/znk-web/juminkanja/S2430/initialize?prefCd=39&kikanCd=3395601410&kikanKbn=3", "url2": null, "内容": "小畠　歯科医院【3:歯科】高知県高岡郡四万十町琴平町１４－３５" }, "geometry": { "type": "Point", "coordinates": [ 133.136107, 33.212702 ] } },
{ "type": "Feature", "properties": { "ID": "3933395601540", "正式名称": "かつみ歯科", "機関区分": 3, "都道府県コード": 39, "市区町村コード": 412, "所在地": "高知県高岡郡四万十町仁井田１２２３－１", "緯度": 33.243767, "経度": 133.161138, "url": "https://www.iryou.teikyouseido.mhlw.go.jp/znk-web/juminkanja/S2430/initialize?prefCd=39&kikanCd=3395601540&kikanKbn=3", "url2": null, "内容": "かつみ歯科【3:歯科】高知県高岡郡四万十町仁井田１２２３－１" }, "geometry": { "type": "Point", "coordinates": [ 133.161138, 33.243767 ] } },
{ "type": "Feature", "properties": { "ID": "3933395700720", "正式名称": "中内歯科診療所", "機関区分": 3, "都道府県コード": 39, "市区町村コード": 387, "所在地": "高知県吾川郡仁淀川町森２５７７－１８", "緯度": 33.53558, "経度": 133.129377, "url": "https://www.iryou.teikyouseido.mhlw.go.jp/znk-web/juminkanja/S2430/initialize?prefCd=39&kikanCd=3395700720&kikanKbn=3", "url2": null, "内容": "中内歯科診療所【3:歯科】高知県吾川郡仁淀川町森２５７７－１８" }, "geometry": { "type": "Point", "coordinates": [ 133.129377, 33.53558 ] } },
{ "type": "Feature", "properties": { "ID": "3933395700980", "正式名称": "岡林歯科医院", "機関区分": 3, "都道府県コード": 39, "市区町村コード": 402, "所在地": "高知県高岡郡佐川町乙１８３９－１", "緯度": 33.507162, "経度": 133.282507, "url": "https://www.iryou.teikyouseido.mhlw.go.jp/znk-web/juminkanja/S2430/initialize?prefCd=39&kikanCd=3395700980&kikanKbn=3", "url2": null, "内容": "岡林歯科医院【3:歯科】高知県高岡郡佐川町乙１８３９－１" }, "geometry": { "type": "Point", "coordinates": [ 133.282507, 33.507162 ] } },
{ "type": "Feature", "properties": { "ID": "3933395701310", "正式名称": "日高歯科", "機関区分": 3, "都道府県コード": 39, "市区町村コード": 410, "所在地": "高知県高岡郡日高村本郷２３１－２", "緯度": 33.533947, "経度": 133.372258, "url": "https://www.iryou.teikyouseido.mhlw.go.jp/znk-web/juminkanja/S2430/initialize?prefCd=39&kikanCd=3395701310&kikanKbn=3", "url2": null, "内容": "日高歯科【3:歯科】高知県高岡郡日高村本郷２３１－２" }, "geometry": { "type": "Point", "coordinates": [ 133.372258, 33.533947 ] } },
{ "type": "Feature", "properties": { "ID": "3933395701600", "正式名称": "嶋崎歯科医院", "機関区分": 3, "都道府県コード": 39, "市区町村コード": 402, "所在地": "高知県高岡郡佐川町乙１８７０－２", "緯度": 33.509251, "経度": 133.284374, "url": "https://www.iryou.teikyouseido.mhlw.go.jp/znk-web/juminkanja/S2430/initialize?prefCd=39&kikanCd=3395701600&kikanKbn=3", "url2": null, "内容": "嶋崎歯科医院【3:歯科】高知県高岡郡佐川町乙１８７０－２" }, "geometry": { "type": "Point", "coordinates": [ 133.284374, 33.509251 ] } },
{ "type": "Feature", "properties": { "ID": "3933395800620", "正式名称": "西川歯科診療所", "機関区分": 3, "都道府県コード": 39, "市区町村コード": 363, "所在地": "高知県土佐郡土佐町田井１３７０－９", "緯度": 33.748138, "経度": 133.557053, "url": "https://www.iryou.teikyouseido.mhlw.go.jp/znk-web/juminkanja/S2430/initialize?prefCd=39&kikanCd=3395800620&kikanKbn=3", "url2": null, "内容": "西川歯科診療所【3:歯科】高知県土佐郡土佐町田井１３７０－９" }, "geometry": { "type": "Point", "coordinates": [ 133.557053, 33.748138 ] } },
{ "type": "Feature", "properties": { "ID": "3933395800880", "正式名称": "秋山歯科診療所", "機関区分": 3, "都道府県コード": 39, "市区町村コード": 344, "所在地": "高知県長岡郡大豊町川口１９１９－１", "緯度": 33.772097, "経度": 133.658608, "url": "https://www.iryou.teikyouseido.mhlw.go.jp/znk-web/juminkanja/S2430/initialize?prefCd=39&kikanCd=3395800880&kikanKbn=3", "url2": null, "内容": "秋山歯科診療所【3:歯科】高知県長岡郡大豊町川口１９１９－１" }, "geometry": { "type": "Point", "coordinates": [ 133.658608, 33.772097 ] } },
{ "type": "Feature", "properties": { "ID": "3933395900230", "正式名称": "村戸歯科診療所", "機関区分": 3, "都道府県コード": 39, "市区町村コード": 202, "所在地": "高知県室戸市吉良川町甲２７８９", "緯度": 33.331737, "経度": 134.099001, "url": "https://www.iryou.teikyouseido.mhlw.go.jp/znk-web/juminkanja/S2430/initialize?prefCd=39&kikanCd=3395900230&kikanKbn=3", "url2": null, "内容": "村戸歯科診療所【3:歯科】高知県室戸市吉良川町甲２７８９" }, "geometry": { "type": "Point", "coordinates": [ 134.099001, 33.331737 ] } },
{ "type": "Feature", "properties": { "ID": "3933395900520", "正式名称": "浮津松本歯科クリニック", "機関区分": 3, "都道府県コード": 39, "市区町村コード": 202, "所在地": "高知県室戸市浮津二番町１２４", "緯度": 33.292136, "経度": 134.144944, "url": "https://www.iryou.teikyouseido.mhlw.go.jp/znk-web/juminkanja/S2430/initialize?prefCd=39&kikanCd=3395900520&kikanKbn=3", "url2": null, "内容": "浮津松本歯科クリニック【3:歯科】高知県室戸市浮津二番町１２４" }, "geometry": { "type": "Point", "coordinates": [ 134.144944, 33.292136 ] } },
{ "type": "Feature", "properties": { "ID": "3933395900780", "正式名称": "医療法人展久会東洋歯科クリニック", "機関区分": 3, "都道府県コード": 39, "市区町村コード": 301, "所在地": "高知県安芸郡東洋町大字　河内１５１－１", "緯度": 33.546712, "経度": 134.293155, "url": "https://www.iryou.teikyouseido.mhlw.go.jp/znk-web/juminkanja/S2430/initialize?prefCd=39&kikanCd=3395900780&kikanKbn=3", "url2": null, "内容": "医療法人展久会東洋歯科クリニック【3:歯科】高知県安芸郡東洋町大字　河内１５１－１" }, "geometry": { "type": "Point", "coordinates": [ 134.293155, 33.546712 ] } },
{ "type": "Feature", "properties": { "ID": "3933395900940", "正式名称": "山下歯科医院", "機関区分": 3, "都道府県コード": 39, "市区町村コード": 202, "所在地": "高知県室戸市羽根町乙１２７１－１", "緯度": 33.367011, "経度": 134.058729, "url": "https://www.iryou.teikyouseido.mhlw.go.jp/znk-web/juminkanja/S2430/initialize?prefCd=39&kikanCd=3395900940&kikanKbn=3", "url2": null, "内容": "山下歯科医院【3:歯科】高知県室戸市羽根町乙１２７１－１" }, "geometry": { "type": "Point", "coordinates": [ 134.058729, 33.367011 ] } },
{ "type": "Feature", "properties": { "ID": "3933395901110", "正式名称": "松本歯科診療所", "機関区分": 3, "都道府県コード": 39, "市区町村コード": 202, "所在地": "高知県室戸市吉良川町甲２８２６", "緯度": 33.331683, "経度": 134.097849, "url": "https://www.iryou.teikyouseido.mhlw.go.jp/znk-web/juminkanja/S2430/initialize?prefCd=39&kikanCd=3395901110&kikanKbn=3", "url2": null, "内容": "松本歯科診療所【3:歯科】高知県室戸市吉良川町甲２８２６" }, "geometry": { "type": "Point", "coordinates": [ 134.097849, 33.331683 ] } },
{ "type": "Feature", "properties": { "ID": "3933396000300", "正式名称": "安岡歯科診療所", "機関区分": 3, "都道府県コード": 39, "市区町村コード": 209, "所在地": "高知県土佐清水市下ノ加江２１６番地", "緯度": 32.865632, "経度": 132.955211, "url": "https://www.iryou.teikyouseido.mhlw.go.jp/znk-web/juminkanja/S2430/initialize?prefCd=39&kikanCd=3396000300&kikanKbn=3", "url2": null, "内容": "安岡歯科診療所【3:歯科】高知県土佐清水市下ノ加江２１６番地" }, "geometry": { "type": "Point", "coordinates": [ 132.955211, 32.865632 ] } },
{ "type": "Feature", "properties": { "ID": "3933396000560", "正式名称": "大西歯科医院", "機関区分": 3, "都道府県コード": 39, "市区町村コード": 209, "所在地": "高知県土佐清水市寿町１－６－１", "緯度": 32.779583, "経度": 132.953125, "url": "https://www.iryou.teikyouseido.mhlw.go.jp/znk-web/juminkanja/S2430/initialize?prefCd=39&kikanCd=3396000560&kikanKbn=3", "url2": null, "内容": "大西歯科医院【3:歯科】高知県土佐清水市寿町１－６－１" }, "geometry": { "type": "Point", "coordinates": [ 132.953125, 32.779583 ] } },
{ "type": "Feature", "properties": { "ID": "3933396000720", "正式名称": "植垣歯科", "機関区分": 3, "都道府県コード": 39, "市区町村コード": 209, "所在地": "高知県土佐清水市天神町１３－１", "緯度": 32.778794, "経度": 132.948506, "url": "https://www.iryou.teikyouseido.mhlw.go.jp/znk-web/juminkanja/S2430/initialize?prefCd=39&kikanCd=3396000720&kikanKbn=3", "url2": "https://uegaki-dental.com/", "内容": "植垣歯科【3:歯科】高知県土佐清水市天神町１３－１" }, "geometry": { "type": "Point", "coordinates": [ 132.948506, 32.778794 ] } },
{ "type": "Feature", "properties": { "ID": "3933396000850", "正式名称": "幸歯科医院", "機関区分": 3, "都道府県コード": 39, "市区町村コード": 209, "所在地": "高知県土佐清水市栄町２ー１４", "緯度": 32.778165, "経度": 132.954133, "url": "https://www.iryou.teikyouseido.mhlw.go.jp/znk-web/juminkanja/S2430/initialize?prefCd=39&kikanCd=3396000850&kikanKbn=3", "url2": null, "内容": "幸歯科医院【3:歯科】高知県土佐清水市栄町２ー１４" }, "geometry": { "type": "Point", "coordinates": [ 132.954133, 32.778165 ] } },
{ "type": "Feature", "properties": { "ID": "3933396100330", "正式名称": "葉やまの歯いしゃさん", "機関区分": 3, "都道府県コード": 39, "市区町村コード": 411, "所在地": "高知県高岡郡津野町姫野々４００－３", "緯度": 33.439753, "経度": 133.214669, "url": "https://www.iryou.teikyouseido.mhlw.go.jp/znk-web/juminkanja/S2430/initialize?prefCd=39&kikanCd=3396100330&kikanKbn=3", "url2": null, "内容": "葉やまの歯いしゃさん【3:歯科】高知県高岡郡津野町姫野々４００－３" }, "geometry": { "type": "Point", "coordinates": [ 133.214669, 33.439753 ] } },
{ "type": "Feature", "properties": { "ID": "3933396100460", "正式名称": "きらり歯科医院", "機関区分": 3, "都道府県コード": 39, "市区町村コード": 401, "所在地": "高知県高岡郡中土佐町久礼２０９８－１", "緯度": 33.333408, "経度": 133.222283, "url": "https://www.iryou.teikyouseido.mhlw.go.jp/znk-web/juminkanja/S2430/initialize?prefCd=39&kikanCd=3396100460&kikanKbn=3", "url2": "http://kirari-shika.jp/", "内容": "きらり歯科医院【3:歯科】高知県高岡郡中土佐町久礼２０９８－１" }, "geometry": { "type": "Point", "coordinates": [ 133.222283, 33.333408 ] } },
{ "type": "Feature", "properties": { "ID": "3933396200100", "正式名称": "ながの歯科", "機関区分": 3, "都道府県コード": 39, "市区町村コード": 211, "所在地": "高知県香南市夜須町坪井４３１－１", "緯度": 33.536436, "経度": 133.753311, "url": "https://www.iryou.teikyouseido.mhlw.go.jp/znk-web/juminkanja/S2430/initialize?prefCd=39&kikanCd=3396200100&kikanKbn=3", "url2": null, "内容": "ながの歯科【3:歯科】高知県香南市夜須町坪井４３１－１" }, "geometry": { "type": "Point", "coordinates": [ 133.753311, 33.536436 ] } },
{ "type": "Feature", "properties": { "ID": "3933396200360", "正式名称": "間島歯科医院", "機関区分": 3, "都道府県コード": 39, "市区町村コード": 204, "所在地": "高知県南国市植野１７４−８", "緯度": 33.619196, "経度": 133.643217, "url": "https://www.iryou.teikyouseido.mhlw.go.jp/znk-web/juminkanja/S2430/initialize?prefCd=39&kikanCd=3396200360&kikanKbn=3", "url2": "http://mashimadental.com", "内容": "間島歯科医院【3:歯科】高知県南国市植野１７４−８" }, "geometry": { "type": "Point", "coordinates": [ 133.643217, 33.619196 ] } },
{ "type": "Feature", "properties": { "ID": "3933396200490", "正式名称": "米田歯科", "機関区分": 3, "都道府県コード": 39, "市区町村コード": 204, "所在地": "高知県南国市緑ケ丘１丁目１１０５－１", "緯度": 33.533351, "経度": 133.611524, "url": "https://www.iryou.teikyouseido.mhlw.go.jp/znk-web/juminkanja/S2430/initialize?prefCd=39&kikanCd=3396200490&kikanKbn=3", "url2": null, "内容": "米田歯科【3:歯科】高知県南国市緑ケ丘１丁目１１０５－１" }, "geometry": { "type": "Point", "coordinates": [ 133.611524, 33.533351 ] } },
{ "type": "Feature", "properties": { "ID": "3933396200520", "正式名称": "池田歯科クリニック", "機関区分": 3, "都道府県コード": 39, "市区町村コード": 211, "所在地": "高知県香南市野市町土居１５１５－２", "緯度": 33.559794, "経度": 133.721603, "url": "https://www.iryou.teikyouseido.mhlw.go.jp/znk-web/juminkanja/S2430/initialize?prefCd=39&kikanCd=3396200520&kikanKbn=3", "url2": null, "内容": "池田歯科クリニック【3:歯科】高知県香南市野市町土居１５１５－２" }, "geometry": { "type": "Point", "coordinates": [ 133.721603, 33.559794 ] } },
{ "type": "Feature", "properties": { "ID": "3933396200650", "正式名称": "あけぼの街道　佐々木歯科医院", "機関区分": 3, "都道府県コード": 39, "市区町村コード": 212, "所在地": "高知県香美市土佐山田町４８２の３", "緯度": 33.608232, "経度": 133.682087, "url": "https://www.iryou.teikyouseido.mhlw.go.jp/znk-web/juminkanja/S2430/initialize?prefCd=39&kikanCd=3396200650&kikanKbn=3", "url2": null, "内容": "あけぼの街道　佐々木歯科医院【3:歯科】高知県香美市土佐山田町４８２の３" }, "geometry": { "type": "Point", "coordinates": [ 133.682087, 33.608232 ] } },
{ "type": "Feature", "properties": { "ID": "3933396200780", "正式名称": "ながやま歯科医院", "機関区分": 3, "都道府県コード": 39, "市区町村コード": 211, "所在地": "高知県香南市野市町みどり野３－５８－１", "緯度": 33.564973, "経度": 133.715787, "url": "https://www.iryou.teikyouseido.mhlw.go.jp/znk-web/juminkanja/S2430/initialize?prefCd=39&kikanCd=3396200780&kikanKbn=3", "url2": null, "内容": "ながやま歯科医院【3:歯科】高知県香南市野市町みどり野３－５８－１" }, "geometry": { "type": "Point", "coordinates": [ 133.715787, 33.564973 ] } },
{ "type": "Feature", "properties": { "ID": "3933396200810", "正式名称": "山本歯科医院", "機関区分": 3, "都道府県コード": 39, "市区町村コード": 212, "所在地": "高知県香美市土佐山田町４６１－５", "緯度": 33.607863, "経度": 133.679404, "url": "https://www.iryou.teikyouseido.mhlw.go.jp/znk-web/juminkanja/S2430/initialize?prefCd=39&kikanCd=3396200810&kikanKbn=3", "url2": "https://www.yamamotoshikaiin.net", "内容": "山本歯科医院【3:歯科】高知県香美市土佐山田町４６１－５" }, "geometry": { "type": "Point", "coordinates": [ 133.679404, 33.607863 ] } },
{ "type": "Feature", "properties": { "ID": "3933396200940", "正式名称": "岡田歯科", "機関区分": 3, "都道府県コード": 39, "市区町村コード": 204, "所在地": "高知県南国市小籠８５３－６", "緯度": 33.577292, "経度": 133.62926, "url": "https://www.iryou.teikyouseido.mhlw.go.jp/znk-web/juminkanja/S2430/initialize?prefCd=39&kikanCd=3396200940&kikanKbn=3", "url2": null, "内容": "岡田歯科【3:歯科】高知県南国市小籠８５３－６" }, "geometry": { "type": "Point", "coordinates": [ 133.62926, 33.577292 ] } },
{ "type": "Feature", "properties": { "ID": "3933396201110", "正式名称": "辻益デンタルクリニック", "機関区分": 3, "都道府県コード": 39, "市区町村コード": 341, "所在地": "高知県長岡郡本山町本山６２０", "緯度": 33.759785, "経度": 133.588056, "url": "https://www.iryou.teikyouseido.mhlw.go.jp/znk-web/juminkanja/S2430/initialize?prefCd=39&kikanCd=3396201110&kikanKbn=3", "url2": null, "内容": "辻益デンタルクリニック【3:歯科】高知県長岡郡本山町本山６２０" }, "geometry": { "type": "Point", "coordinates": [ 133.588056, 33.759785 ] } },
{ "type": "Feature", "properties": { "ID": "3933396201370", "正式名称": "医療法人　かにたに歯科", "機関区分": 3, "都道府県コード": 39, "市区町村コード": 204, "所在地": "高知県南国市大そね甲７６５－１", "緯度": 33.572875, "経度": 133.654794, "url": "https://www.iryou.teikyouseido.mhlw.go.jp/znk-web/juminkanja/S2430/initialize?prefCd=39&kikanCd=3396201370&kikanKbn=3", "url2": null, "内容": "医療法人　かにたに歯科【3:歯科】高知県南国市大そね甲７６５－１" }, "geometry": { "type": "Point", "coordinates": [ 133.654794, 33.572875 ] } },
{ "type": "Feature", "properties": { "ID": "3933396201400", "正式名称": "医療法人　山北歯科診療所", "機関区分": 3, "都道府県コード": 39, "市区町村コード": 211, "所在地": "高知県香南市香我美町山北２８３３", "緯度": 33.58403, "経度": 133.746314, "url": "https://www.iryou.teikyouseido.mhlw.go.jp/znk-web/juminkanja/S2430/initialize?prefCd=39&kikanCd=3396201400&kikanKbn=3", "url2": null, "内容": "医療法人　山北歯科診療所【3:歯科】高知県香南市香我美町山北２８３３" }, "geometry": { "type": "Point", "coordinates": [ 133.746314, 33.58403 ] } },
{ "type": "Feature", "properties": { "ID": "3933396201530", "正式名称": "かぎやまデンタルクリニック", "機関区分": 3, "都道府県コード": 39, "市区町村コード": 212, "所在地": "高知県香美市土佐山田町宝町１丁目１－２５", "緯度": 33.604312, "経度": 133.684939, "url": "https://www.iryou.teikyouseido.mhlw.go.jp/znk-web/juminkanja/S2430/initialize?prefCd=39&kikanCd=3396201530&kikanKbn=3", "url2": "https://kagiyama-dc.com/", "内容": "かぎやまデンタルクリニック【3:歯科】高知県香美市土佐山田町宝町１丁目１－２５" }, "geometry": { "type": "Point", "coordinates": [ 133.684939, 33.604312 ] } },
{ "type": "Feature", "properties": { "ID": "3933396201660", "正式名称": "医療法人くずめ会　楠目歯科診療所", "機関区分": 3, "都道府県コード": 39, "市区町村コード": 212, "所在地": "高知県香美市土佐山田町楠目", "緯度": 33.609012, "経度": 133.700387, "url": "https://www.iryou.teikyouseido.mhlw.go.jp/znk-web/juminkanja/S2430/initialize?prefCd=39&kikanCd=3396201660&kikanKbn=3", "url2": null, "内容": "医療法人くずめ会　楠目歯科診療所【3:歯科】高知県香美市土佐山田町楠目" }, "geometry": { "type": "Point", "coordinates": [ 133.700387, 33.609012 ] } },
{ "type": "Feature", "properties": { "ID": "3933396201820", "正式名称": "塩田歯科", "機関区分": 3, "都道府県コード": 39, "市区町村コード": 205, "所在地": "高知県土佐市高岡町乙３５２３－６", "緯度": 33.497664, "経度": 133.425617, "url": "https://www.iryou.teikyouseido.mhlw.go.jp/znk-web/juminkanja/S2430/initialize?prefCd=39&kikanCd=3396201820&kikanKbn=3", "url2": null, "内容": "塩田歯科【3:歯科】高知県土佐市高岡町乙３５２３－６" }, "geometry": { "type": "Point", "coordinates": [ 133.425617, 33.497664 ] } },
{ "type": "Feature", "properties": { "ID": "3933396201950", "正式名称": "やまもも歯科クリニック", "機関区分": 3, "都道府県コード": 39, "市区町村コード": 204, "所在地": "高知県南国市十市１７７０－４", "緯度": 33.528669, "経度": 133.624413, "url": "https://www.iryou.teikyouseido.mhlw.go.jp/znk-web/juminkanja/S2430/initialize?prefCd=39&kikanCd=3396201950&kikanKbn=3", "url2": null, "内容": "やまもも歯科クリニック【3:歯科】高知県南国市十市１７７０－４" }, "geometry": { "type": "Point", "coordinates": [ 133.624413, 33.528669 ] } },
{ "type": "Feature", "properties": { "ID": "3933396202120", "正式名称": "どんぐり歯科", "機関区分": 3, "都道府県コード": 39, "市区町村コード": 211, "所在地": "高知県香南市野市町西野２２７－１", "緯度": 33.573124, "経度": 133.696841, "url": "https://www.iryou.teikyouseido.mhlw.go.jp/znk-web/juminkanja/S2430/initialize?prefCd=39&kikanCd=3396202120&kikanKbn=3", "url2": null, "内容": "どんぐり歯科【3:歯科】高知県香南市野市町西野２２７－１" }, "geometry": { "type": "Point", "coordinates": [ 133.696841, 33.573124 ] } },
{ "type": "Feature", "properties": { "ID": "3933396202380", "正式名称": "医療法人健仁会　小松歯科", "機関区分": 3, "都道府県コード": 39, "市区町村コード": 212, "所在地": "高知県香美市土佐山田町百石町１丁目６番１２号", "緯度": 33.607953, "経度": 133.693844, "url": "https://www.iryou.teikyouseido.mhlw.go.jp/znk-web/juminkanja/S2430/initialize?prefCd=39&kikanCd=3396202380&kikanKbn=3", "url2": null, "内容": "医療法人健仁会　小松歯科【3:歯科】高知県香美市土佐山田町百石町１丁目６番１２号" }, "geometry": { "type": "Point", "coordinates": [ 133.693844, 33.607953 ] } },
{ "type": "Feature", "properties": { "ID": "3933396202700", "正式名称": "医療法人善哉会　おなが通り歯科", "機関区分": 3, "都道府県コード": 39, "市区町村コード": 204, "所在地": "高知県南国市篠原１７０４－１", "緯度": 33.574654, "経度": 133.636547, "url": "https://www.iryou.teikyouseido.mhlw.go.jp/znk-web/juminkanja/S2430/initialize?prefCd=39&kikanCd=3396202700&kikanKbn=3", "url2": "http://www.onagadorishika.com/", "内容": "医療法人善哉会　おなが通り歯科【3:歯科】高知県南国市篠原１７０４－１" }, "geometry": { "type": "Point", "coordinates": [ 133.636547, 33.574654 ] } },
{ "type": "Feature", "properties": { "ID": "3933396202830", "正式名称": "きよおか歯科", "機関区分": 3, "都道府県コード": 39, "市区町村コード": 204, "所在地": "高知県南国市篠原１２０－１２", "緯度": 33.560914, "経度": 133.531543, "url": "https://www.iryou.teikyouseido.mhlw.go.jp/znk-web/juminkanja/S2430/initialize?prefCd=39&kikanCd=3396202830&kikanKbn=3", "url2": null, "内容": "きよおか歯科【3:歯科】高知県南国市篠原１２０－１２" }, "geometry": { "type": "Point", "coordinates": [ 133.531543, 33.560914 ] } },
{ "type": "Feature", "properties": { "ID": "3933396203420", "正式名称": "まよデンタルクリニック", "機関区分": 3, "都道府県コード": 39, "市区町村コード": 211, "所在地": "高知県香南市野市町東野１６４８－８", "緯度": 33.558963, "経度": 133.710163, "url": "https://www.iryou.teikyouseido.mhlw.go.jp/znk-web/juminkanja/S2430/initialize?prefCd=39&kikanCd=3396203420&kikanKbn=3", "url2": null, "内容": "まよデンタルクリニック【3:歯科】高知県香南市野市町東野１６４８－８" }, "geometry": { "type": "Point", "coordinates": [ 133.710163, 33.558963 ] } },
{ "type": "Feature", "properties": { "ID": "3933396203550", "正式名称": "くにとう歯科医院", "機関区分": 3, "都道府県コード": 39, "市区町村コード": 204, "所在地": "高知県南国市大そね甲９５３－１", "緯度": 33.567152, "経度": 133.649919, "url": "https://www.iryou.teikyouseido.mhlw.go.jp/znk-web/juminkanja/S2430/initialize?prefCd=39&kikanCd=3396203550&kikanKbn=3", "url2": null, "内容": "くにとう歯科医院【3:歯科】高知県南国市大そね甲９５３－１" }, "geometry": { "type": "Point", "coordinates": [ 133.649919, 33.567152 ] } },
{ "type": "Feature", "properties": { "ID": "3933396300010", "正式名称": "まつおか歯科", "機関区分": 3, "都道府県コード": 39, "市区町村コード": 201, "所在地": "高知県高知市中万々１８４－９", "緯度": 33.569333, "経度": 133.515332, "url": "https://www.iryou.teikyouseido.mhlw.go.jp/znk-web/juminkanja/S2430/initialize?prefCd=39&kikanCd=3396300010&kikanKbn=3", "url2": "http://nttbj.itp.ne.jp/0888754180/index.html", "内容": "まつおか歯科【3:歯科】高知県高知市中万々１８４－９" }, "geometry": { "type": "Point", "coordinates": [ 133.515332, 33.569333 ] } },
{ "type": "Feature", "properties": { "ID": "3933396300030", "正式名称": "長岡歯科医院", "機関区分": 3, "都道府県コード": 39, "市区町村コード": 211, "所在地": "高知県香南市野市町西野６５２－２０", "緯度": 33.566668, "経度": 133.696769, "url": "https://www.iryou.teikyouseido.mhlw.go.jp/znk-web/juminkanja/S2430/initialize?prefCd=39&kikanCd=3396300030&kikanKbn=3", "url2": null, "内容": "長岡歯科医院【3:歯科】高知県香南市野市町西野６５２－２０" }, "geometry": { "type": "Point", "coordinates": [ 133.696769, 33.566668 ] } },
{ "type": "Feature", "properties": { "ID": "3933396300040", "正式名称": "森歯科医院", "機関区分": 3, "都道府県コード": 39, "市区町村コード": 386, "所在地": "高知県吾川郡いの町１７００", "緯度": 33.548641, "経度": 133.427682, "url": "https://www.iryou.teikyouseido.mhlw.go.jp/znk-web/juminkanja/S2430/initialize?prefCd=39&kikanCd=3396300040&kikanKbn=3", "url2": null, "内容": "森歯科医院【3:歯科】高知県吾川郡いの町１７００" }, "geometry": { "type": "Point", "coordinates": [ 133.427682, 33.548641 ] } },
{ "type": "Feature", "properties": { "ID": "3933396300390", "正式名称": "森本歯科", "機関区分": 3, "都道府県コード": 39, "市区町村コード": 201, "所在地": "高知県高知市春野町弘岡下３９９３－９", "緯度": 33.558644, "経度": 133.531282, "url": "https://www.iryou.teikyouseido.mhlw.go.jp/znk-web/juminkanja/S2430/initialize?prefCd=39&kikanCd=3396300390&kikanKbn=3", "url2": null, "内容": "森本歯科【3:歯科】高知県高知市春野町弘岡下３９９３－９" }, "geometry": { "type": "Point", "coordinates": [ 133.531282, 33.558644 ] } },
{ "type": "Feature", "properties": { "ID": "3933396300420", "正式名称": "谷歯科医院", "機関区分": 3, "都道府県コード": 39, "市区町村コード": 201, "所在地": "高知県高知市春野町芳原字松ヶ内７９１－１", "緯度": 33.506416, "経度": 133.50653, "url": "https://www.iryou.teikyouseido.mhlw.go.jp/znk-web/juminkanja/S2430/initialize?prefCd=39&kikanCd=3396300420&kikanKbn=3", "url2": null, "内容": "谷歯科医院【3:歯科】高知県高知市春野町芳原字松ヶ内７９１－１" }, "geometry": { "type": "Point", "coordinates": [ 133.50653, 33.506416 ] } },
{ "type": "Feature", "properties": { "ID": "3933396300550", "正式名称": "片岡歯科", "機関区分": 3, "都道府県コード": 39, "市区町村コード": 386, "所在地": "高知県吾川郡いの町上八川甲１９４１ー４", "緯度": 33.646024, "経度": 133.340152, "url": "https://www.iryou.teikyouseido.mhlw.go.jp/znk-web/juminkanja/S2430/initialize?prefCd=39&kikanCd=3396300550&kikanKbn=3", "url2": null, "内容": "片岡歯科【3:歯科】高知県吾川郡いの町上八川甲１９４１ー４" }, "geometry": { "type": "Point", "coordinates": [ 133.340152, 33.646024 ] } },
{ "type": "Feature", "properties": { "ID": "3933396300680", "正式名称": "はやかわ歯科医院", "機関区分": 3, "都道府県コード": 39, "市区町村コード": 402, "所在地": "高知県高岡郡佐川町甲８５３－１", "緯度": 33.500942, "経度": 133.296369, "url": "https://www.iryou.teikyouseido.mhlw.go.jp/znk-web/juminkanja/S2430/initialize?prefCd=39&kikanCd=3396300680&kikanKbn=3", "url2": null, "内容": "はやかわ歯科医院【3:歯科】高知県高岡郡佐川町甲８５３－１" }, "geometry": { "type": "Point", "coordinates": [ 133.296369, 33.500942 ] } },
{ "type": "Feature", "properties": { "ID": "3933396300840", "正式名称": "ふくしまデンタルクリニック", "機関区分": 3, "都道府県コード": 39, "市区町村コード": 205, "所在地": "高知県土佐市高岡町乙", "緯度": 33.498926, "経度": 133.421434, "url": "https://www.iryou.teikyouseido.mhlw.go.jp/znk-web/juminkanja/S2430/initialize?prefCd=39&kikanCd=3396300840&kikanKbn=3", "url2": null, "内容": "ふくしまデンタルクリニック【3:歯科】高知県土佐市高岡町乙" }, "geometry": { "type": "Point", "coordinates": [ 133.421434, 33.498926 ] } },
{ "type": "Feature", "properties": { "ID": "3933396310330", "正式名称": "おかだ歯科クリニック", "機関区分": 3, "都道府県コード": 39, "市区町村コード": 201, "所在地": "高知県高知市新本町２丁目１９番２号", "緯度": 33.569962, "経度": 133.544219, "url": "https://www.iryou.teikyouseido.mhlw.go.jp/znk-web/juminkanja/S2430/initialize?prefCd=39&kikanCd=3396310330&kikanKbn=3", "url2": "http://www.0888755181.com/", "内容": "おかだ歯科クリニック【3:歯科】高知県高知市新本町２丁目１９番２号" }, "geometry": { "type": "Point", "coordinates": [ 133.544219, 33.569962 ] } },
{ "type": "Feature", "properties": { "ID": "3933396400290", "正式名称": "医療法人彩光会安芸やまもと歯科", "機関区分": 3, "都道府県コード": 39, "市区町村コード": 203, "所在地": "高知県安芸市東浜", "緯度": 33.507915, "経度": 133.90887, "url": "https://www.iryou.teikyouseido.mhlw.go.jp/znk-web/juminkanja/S2430/initialize?prefCd=39&kikanCd=3396400290&kikanKbn=3", "url2": "https://www.aki-yamamotoshika.com", "内容": "医療法人彩光会安芸やまもと歯科【3:歯科】高知県安芸市東浜" }, "geometry": { "type": "Point", "coordinates": [ 133.90887, 33.507915 ] } },
{ "type": "Feature", "properties": { "ID": "3933930138643", "正式名称": "そらいろ歯科", "機関区分": 3, "都道府県コード": 39, "市区町村コード": 201, "所在地": "高知県高知市廿代町１５−２０ダイアパレス第２−１０１", "緯度": 33.562862, "経度": 133.54028, "url": "https://www.iryou.teikyouseido.mhlw.go.jp/znk-web/juminkanja/S2430/initialize?prefCd=39&kikanCd=3930138643&kikanKbn=3", "url2": null, "内容": "そらいろ歯科【3:歯科】高知県高知市廿代町１５−２０ダイアパレス第２−１０１" }, "geometry": { "type": "Point", "coordinates": [ 133.54028, 33.562862 ] } },
{ "type": "Feature", "properties": { "ID": "393fi108351", "正式名称": "本田歯科", "機関区分": 3, "都道府県コード": 39, "市区町村コード": 210, "所在地": "高知県四万十市中村本町１－４", "緯度": 32.993183, "経度": 132.933722, "url": "https://www.iryou.teikyouseido.mhlw.go.jp/znk-web/juminkanja/S2430/initialize?prefCd=39&kikanCd=fi108351&kikanKbn=3", "url2": null, "内容": "本田歯科【3:歯科】高知県四万十市中村本町１－４" }, "geometry": { "type": "Point", "coordinates": [ 132.933722, 32.993183 ] } }
]
}
